source,record_key,doi,first_author,year,title,abstract,url,query
openalex,bird2002,10.1101/gad.947102,Bird,2002,DNA methylation patterns and epigenetic memory,"The character of a cell is defined by its constituent proteins, which are the result of specific patterns of gene expression. Crucial determinants of gene expression patterns are DNA-binding transcription factors that choose genes for transcriptional activation or repression by recognizing the sequence of DNA bases in their promoter regions. Interaction of these factors with their cognate sequences triggers a chain of events, often involving changes in the structure of chromatin, that leads to the assembly of an active transcription complex (e.g., Cosma et al. 1999). But the types of transcription factors present in a cell are not alone sufficient to define its spectrum of gene activity, as the transcriptional potential of a genome can become restricted in a stable manner during development. The constraints imposed by developmental history probably account for the very low efficiency of cloning animals from the nuclei of differentiated cells (Rideout et al. 2001; Wakayama and Yanagimachi 2001). A “transcription factors only” model would predict that the gene expression pattern of a differentiated nucleus would be completely reversible upon exposure to a new spectrum of factors. Alt",https://doi.org/10.1101/gad.947102,"(priming OR conditioning OR ""transgenerational plasticity"" OR ""carryover effect"" OR ""developmental programming"" OR hardening OR acclimatization OR ""parental effect"" OR ""epigenetic memory"" OR preconditioning OR ""transgenerational immune priming"") AND (marine OR ocean OR estuarine OR oyster OR mussel OR clam OR scallop OR coral OR abalone OR ""sea urchin"" OR bivalve OR mollusc)"
openalex,orr2005,10.1038/nature04095,Orr,2005,Anthropogenic ocean acidification over the twenty-first century and its impact on calcifying organisms,,https://doi.org/10.1038/nature04095,"(priming OR conditioning OR ""transgenerational plasticity"" OR ""carryover effect"" OR ""developmental programming"" OR hardening OR acclimatization OR ""parental effect"" OR ""epigenetic memory"" OR preconditioning OR ""transgenerational immune priming"") AND (marine OR ocean OR estuarine OR oyster OR mussel OR clam OR scallop OR coral OR abalone OR ""sea urchin"" OR bivalve OR mollusc)"
openalex,beck2001,10.1641/0006-3568(2001)051[0633:ticamo]2.0.co;2,Beck,2001,"The Identification, Conservation, and Management of Estuarine and Marine Nurseries for Fish and Invertebrates","Nearshore estuarine and marine ecosystems—e.g., seagrass meadows, marshes, and mangrove forests—serve many important functions in coastal waters. Most notably, they have extremely high primary and secondary productivity and support a great abundance and diversity of fish and invertebrates. Because of their effects on the diversity and productivity of macrofauna, these estuarine and marine ecosystems are often referred to as nurseries in numerous papers, textbooks, and government-sponsored reports (Boesch and Turner 1984, NRC 1995, Butler and Jernakoff 1999). Indeed, the role of these nearshore ecosystems as nurseries is an established ecological concept accepted by scientists, conservation groups, managers, and the public and cited as justification for the protection and conservation of these areas. Nonetheless, the nursery-role concept has rarely been stated clearly, even in papers that purport to test it. This ambiguity hinders the effectiveness of the nursery-role concept as a tool for conservation and management. We seek to redress that ambiguity by briefly tracing the history of the concept, developing a clear hypothesis with testable predictions, and discussing how this work ",https://doi.org/10.1641/0006-3568(2001)051[0633:ticamo]2.0.co;2,"(priming OR conditioning OR ""transgenerational plasticity"" OR ""carryover effect"" OR ""developmental programming"" OR hardening OR acclimatization OR ""parental effect"" OR ""epigenetic memory"" OR preconditioning OR ""transgenerational immune priming"") AND (marine OR ocean OR estuarine OR oyster OR mussel OR clam OR scallop OR coral OR abalone OR ""sea urchin"" OR bivalve OR mollusc)"
openalex,breitburg2018,10.1126/science.aam7240,Breitburg,2018,Declining oxygen in the global ocean and coastal waters,"Oxygen is fundamental to life. Not only is it essential for the survival of individual animals, but it regulates global cycles of major nutrients and carbon. The oxygen content of the open ocean and coastal waters has been declining for at least the past half-century, largely because of human activities that have increased global temperatures and nutrients discharged to coastal waters. These changes have accelerated consumption of oxygen by microbial respiration, reduced solubility of oxygen in water, and reduced the rate of oxygen resupply from the atmosphere to the ocean interior, with a wide range of biological and ecological consequences. Further research is needed to understand and predict long-term, global- and regional-scale oxygen changes and their effects on marine and estuarine fisheries and ecosystems.",https://doi.org/10.1126/science.aam7240,"(priming OR conditioning OR ""transgenerational plasticity"" OR ""carryover effect"" OR ""developmental programming"" OR hardening OR acclimatization OR ""parental effect"" OR ""epigenetic memory"" OR preconditioning OR ""transgenerational immune priming"") AND (marine OR ocean OR estuarine OR oyster OR mussel OR clam OR scallop OR coral OR abalone OR ""sea urchin"" OR bivalve OR mollusc)"
openalex,fabricius2011,10.1038/nclimate1122,Fabricius,2011,Losers and winners in coral reefs acclimatized to elevated carbon dioxide concentrations,,https://doi.org/10.1038/nclimate1122,"(priming OR conditioning OR ""transgenerational plasticity"" OR ""carryover effect"" OR ""developmental programming"" OR hardening OR acclimatization OR ""parental effect"" OR ""epigenetic memory"" OR preconditioning OR ""transgenerational immune priming"") AND (marine OR ocean OR estuarine OR oyster OR mussel OR clam OR scallop OR coral OR abalone OR ""sea urchin"" OR bivalve OR mollusc)"
openalex,stuiver1998,10.1017/s0033822200019123,Stuiver,1998,"INTCAL98 Radiocarbon Age Calibration, 24,000–0 cal BP","The focus of this paper is the conversion of radiocarbon ages to calibrated (cal) ages for the interval 24,000–0 cal BP (Before Present, 0 cal BP = AD 1950), based upon a sample set of dendrochronologically dated tree rings, uranium-thorium dated corals, and varve-counted marine sediment. The 14 C age–cal age information, produced by many laboratories, is converted to Δ 14 C profiles and calibration curves, for the atmosphere as well as the oceans. We discuss offsets in measured l4 C ages and the errors therein, regional 14 C age differences, tree–coral 14 C age comparisons and the time dependence of marine reservoir ages, and evaluate decadal vs . single-year 14 C results. Changes in oceanic deepwater circulation, especially for the 16,000–11,000 cal BP interval, are reflected in the Δ 14 C values of INTCAL98.",https://doi.org/10.1017/s0033822200019123,"(priming OR conditioning OR ""transgenerational plasticity"" OR ""carryover effect"" OR ""developmental programming"" OR hardening OR acclimatization OR ""parental effect"" OR ""epigenetic memory"" OR preconditioning OR ""transgenerational immune priming"") AND (marine OR ocean OR estuarine OR oyster OR mussel OR clam OR scallop OR coral OR abalone OR ""sea urchin"" OR bivalve OR mollusc)"
openalex,coen2007,10.3354/meps341303,Coen,2007,Ecosystem services related to oyster restoration,"The importance of restoring filter-feeders, such as the Eastern oyster Crassostrea virginica, to mitigate the effects of eutrophication (e.g. in Chesapeake Bay) is currently under debate. The argument that bivalve molluscs alone cannot control phytoplankton blooms and reduce hypoxia oversimplifies a more complex issue, namely that ecosystem engineering species make manifold contributions to ecosystem services. Although further discussion and research leading to a more complete understanding is required, oysters and other molluscs (e.g. mussels) in estuarine ecosystems provide services far beyond the mere top-down control of phytoplankton blooms, such as (1) seston filtration, (2) benthic–pelagic coupling, (3) creation of refugia from predation, (4) creation of feeding habitat for juveniles and adults of mobile species, and for sessile stages of species that attach to molluscan shells, and (5) provision of nesting habitat.",https://doi.org/10.3354/meps341303,"(priming OR conditioning OR ""transgenerational plasticity"" OR ""carryover effect"" OR ""developmental programming"" OR hardening OR acclimatization OR ""parental effect"" OR ""epigenetic memory"" OR preconditioning OR ""transgenerational immune priming"") AND (marine OR ocean OR estuarine OR oyster OR mussel OR clam OR scallop OR coral OR abalone OR ""sea urchin"" OR bivalve OR mollusc)"
openalex,avio2015,10.1016/j.envpol.2014.12.021,Avio,2015,Pollutants bioavailability and toxicological risk from microplastics to marine mussels,,https://doi.org/10.1016/j.envpol.2014.12.021,"(priming OR conditioning OR ""transgenerational plasticity"" OR ""carryover effect"" OR ""developmental programming"" OR hardening OR acclimatization OR ""parental effect"" OR ""epigenetic memory"" OR preconditioning OR ""transgenerational immune priming"") AND (marine OR ocean OR estuarine OR oyster OR mussel OR clam OR scallop OR coral OR abalone OR ""sea urchin"" OR bivalve OR mollusc)"
openalex,torda2017,10.1038/nclimate3374,Torda,2017,Rapid adaptive responses to climate change in corals,,https://doi.org/10.1038/nclimate3374,"(priming OR conditioning OR ""transgenerational plasticity"" OR ""carryover effect"" OR ""developmental programming"" OR hardening OR acclimatization OR ""parental effect"" OR ""epigenetic memory"" OR preconditioning OR ""transgenerational immune priming"") AND (marine OR ocean OR estuarine OR oyster OR mussel OR clam OR scallop OR coral OR abalone OR ""sea urchin"" OR bivalve OR mollusc)"
openalex,poloczanska2013,10.1038/nclimate1958,Poloczanska,2013,Global imprint of climate change on marine life,"Research that combines all available studies of biological responses to regional and global climate change shows that 81–83% of all observations were consistent with the expected impacts of climate change. These findings were replicated across taxa and oceanic basins. Past meta-analyses of the response of marine organisms to climate change have examined a limited range of locations1,2, taxonomic groups2,3,4 and/or biological responses5,6. This has precluded a robust overview of the effect of climate change in the global ocean. Here, we synthesized all available studies of the consistency of marine ecological observations with expectations under climate change. This yielded a meta-database of 1,735 marine biological responses for which either regional or global climate change was considered as a driver. Included were instances of marine taxa responding as expected, in a manner inconsistent with expectations, and taxa demonstrating no response. From this database, 81–83% of all observations for distribution, phenology, community composition, abundance, demography and calcification across taxa and ocean basins were consistent with the expected impacts of climate change. Of the species",https://doi.org/10.1038/nclimate1958,"(priming OR conditioning OR ""transgenerational plasticity"" OR ""carryover effect"" OR ""developmental programming"" OR hardening OR acclimatization OR ""parental effect"" OR ""epigenetic memory"" OR preconditioning OR ""transgenerational immune priming"") AND (marine OR ocean OR estuarine OR oyster OR mussel OR clam OR scallop OR coral OR abalone OR ""sea urchin"" OR bivalve OR mollusc)"
openalex,sussarellu2016,10.1073/pnas.1519019113,Sussarellu,2016,Oyster reproduction is affected by exposure to polystyrene microplastics,"Plastics are persistent synthetic polymers that accumulate as waste in the marine environment. Microplastic (MP) particles are derived from the breakdown of larger debris or can enter the environment as microscopic fragments. Because filter-feeder organisms ingest MP while feeding, they are likely to be impacted by MP pollution. To assess the impact of polystyrene microspheres (micro-PS) on the physiology of the Pacific oyster, adult oysters were experimentally exposed to virgin micro-PS (2 and 6 µm in diameter; 0.023 mg·L(-1)) for 2 mo during a reproductive cycle. Effects were investigated on ecophysiological parameters; cellular, transcriptomic, and proteomic responses; fecundity; and offspring development. Oysters preferentially ingested the 6-µm micro-PS over the 2-µm-diameter particles. Consumption of microalgae and absorption efficiency were significantly higher in exposed oysters, suggesting compensatory and physical effects on both digestive parameters. After 2 mo, exposed oysters had significant decreases in oocyte number (-38%), diameter (-5%), and sperm velocity (-23%). The D-larval yield and larval development of offspring derived from exposed parents decreased by 41% a",https://doi.org/10.1073/pnas.1519019113,"(priming OR conditioning OR ""transgenerational plasticity"" OR ""carryover effect"" OR ""developmental programming"" OR hardening OR acclimatization OR ""parental effect"" OR ""epigenetic memory"" OR preconditioning OR ""transgenerational immune priming"") AND (marine OR ocean OR estuarine OR oyster OR mussel OR clam OR scallop OR coral OR abalone OR ""sea urchin"" OR bivalve OR mollusc)"
openalex,vaughn2018,10.1146/annurev-ecolsys-110617-062703,Vaughn,2018,Bivalve Impacts in Freshwater and Marine Ecosystems,"Bivalve molluscs are abundant in marine and freshwater ecosystems and perform important ecological functions. Bivalves have epifaunal or infaunal lifestyles but are largely filter feeders that couple the water column and benthos. Bivalve ecology is a large field of study, but few comparisons among aquatic ecosystems or lifestyles have been conducted. Bivalves impact nutrient cycling, create and modify habitat, and affect food webs directly (i.e., prey) and indirectly (i.e., movement of nutrients and energy). Materials accumulated in soft tissue and shells are used as environmental monitors. Freshwater mussel and oyster aggregations in rivers and estuaries are hot spots for biodiversity and biogeochemical transformations. Historically, human use includes food, tools, currency, and ornamentation. Bivalves provide direct benefits to modern cultures as food, building materials, and jewelry and provide indirect benefits by stabilizing shorelines and mitigating nutrient pollution. Research on bivalve-mediated ecological processes is diverse, and future synthesis will require collaboration across conventional disciplinary boundaries.",https://doi.org/10.1146/annurev-ecolsys-110617-062703,"(priming OR conditioning OR ""transgenerational plasticity"" OR ""carryover effect"" OR ""developmental programming"" OR hardening OR acclimatization OR ""parental effect"" OR ""epigenetic memory"" OR preconditioning OR ""transgenerational immune priming"") AND (marine OR ocean OR estuarine OR oyster OR mussel OR clam OR scallop OR coral OR abalone OR ""sea urchin"" OR bivalve OR mollusc)"
openalex,berkelmans2006,10.1098/rspb.2006.3567,Berkelmans,2006,The role of zooxanthellae in the thermal tolerance of corals: a ‘nugget of hope’ for coral reefs in an era of climate change,"The ability of coral reefs to survive the projected increases in temperature due to global warming will depend largely on the ability of corals to adapt or acclimatize to increased temperature extremes over the next few decades. Many coral species are highly sensitive to temperature stress and the number of stress (bleaching) episodes has increased in recent decades. We investigated the acclimatization potential of Acropora millepora, a common and widespread Indo-Pacific hard coral species, through transplantation and experimental manipulation. We show that adult corals, at least in some circumstances, are capable of acquiring increased thermal tolerance and that the increased tolerance is a direct result of a change in the symbiont type dominating their tissues from Symbiodinium type C to D. Our data suggest that the change in symbiont type in our experiment was due to a shuffling of existing types already present in coral tissues, not through exogenous uptake from the environment. The level of increased tolerance gained by the corals changing their dominant symbiont type to D (the most thermally resistant type known) is around 1-1.5 degrees C. This is the first study to show that",https://doi.org/10.1098/rspb.2006.3567,"(priming OR conditioning OR ""transgenerational plasticity"" OR ""carryover effect"" OR ""developmental programming"" OR hardening OR acclimatization OR ""parental effect"" OR ""epigenetic memory"" OR preconditioning OR ""transgenerational immune priming"") AND (marine OR ocean OR estuarine OR oyster OR mussel OR clam OR scallop OR coral OR abalone OR ""sea urchin"" OR bivalve OR mollusc)"
openalex,beck2011,10.1525/bio.2011.61.2.5,Beck,2011,"Oyster Reefs at Risk and Recommendations for Conservation, Restoration, and Management","Native oyster reefs once dominated many estuaries, ecologically and economically. Centuries of resource extraction exacerbated by coastal degradationhave pushed oyster reefs to the brink of functional extinction worldwide. We examined the condition of oyster reefs across 144 bays and 44ecoregions; our comparisons of past with present abundances indicate that more than 90% of them have been lost in bays (70%) and ecoregions(63%). In many bays, more than 99% of oyster reefs have been lost and are functionally extinct. Overall, we estimate that 85% of oyster reefs havebeen lost globally. Most of the worlds remaining wild capture of native oysters (&gt; 75%) comes from just five ecoregions in North America, yetthe condition of reefs in these ecoregions is poor at best, except in the Gulf of Mexico. We identify many cost-effective solutions for conservation,restoration, and the management of fisheries and nonnative species that could reverse these oyster losses and restore reef ecosystem services.",https://doi.org/10.1525/bio.2011.61.2.5,"(priming OR conditioning OR ""transgenerational plasticity"" OR ""carryover effect"" OR ""developmental programming"" OR hardening OR acclimatization OR ""parental effect"" OR ""epigenetic memory"" OR preconditioning OR ""transgenerational immune priming"") AND (marine OR ocean OR estuarine OR oyster OR mussel OR clam OR scallop OR coral OR abalone OR ""sea urchin"" OR bivalve OR mollusc)"
openalex,mccauley2015,10.1126/science.1255641,McCauley,2015,Marine defaunation: Animal loss in the global ocean,"Marine defaunation, or human-caused animal loss in the oceans, emerged forcefully only hundreds of years ago, whereas terrestrial defaunation has been occurring far longer. Though humans have caused few global marine extinctions, we have profoundly affected marine wildlife, altering the functioning and provisioning of services in every ocean. Current ocean trends, coupled with terrestrial defaunation lessons, suggest that marine defaunation rates will rapidly intensify as human use of the oceans industrializes. Though protected areas are a powerful tool to harness ocean productivity, especially when designed with future climate in mind, additional management strategies will be required. Overall, habitat degradation is likely to intensify as a major driver of marine wildlife loss. Proactive intervention can avert a marine defaunation disaster of the magnitude observed on land.",https://doi.org/10.1126/science.1255641,"(priming OR conditioning OR ""transgenerational plasticity"" OR ""carryover effect"" OR ""developmental programming"" OR hardening OR acclimatization OR ""parental effect"" OR ""epigenetic memory"" OR preconditioning OR ""transgenerational immune priming"") AND (marine OR ocean OR estuarine OR oyster OR mussel OR clam OR scallop OR coral OR abalone OR ""sea urchin"" OR bivalve OR mollusc)"
openalex,ruiz1997,10.1093/icb/37.6.621,Ruiz,1997,"Global Invasions of Marine and Estuarine Habitats by Non-Indigenous Species: Mechanisms, Extent, and Consequences","Non-indigenous species (NIS) are increasingly conspicuous in marine and estuarine habitats throughout the world, as the number, variety, and effects of these species continue to accrue. Most of these NIS invasions result from anthropogenic dispersal. Although the relative importance of different dispersal mechanisms varies both spatially and temporally, the global movement of ballast water by ships appears to be the largest single vector for NIS transfer today, andmany recent invasions have resulted from this transfer. The rate of new invasions may have increased in recent decades, perhaps due to changes in ballast water transport. Estuaries have been especially common sites of invasions, accumulating from tens to hundreds of NIS per estuary that include most major taxonomic and trophic groups. We now know of approximately 400 NIS along the Pacific, Atlantic and Gulf coasts of the U.S., and hundreds of marine and estuarine NIS are reported from other regions of the world. Although available information about invasions is limited to a few regions and underestimates the actual number of NIS invasions, there are apparent differences in the frequency of NIS among sites. Mechanisms resp",https://doi.org/10.1093/icb/37.6.621,"(priming OR conditioning OR ""transgenerational plasticity"" OR ""carryover effect"" OR ""developmental programming"" OR hardening OR acclimatization OR ""parental effect"" OR ""epigenetic memory"" OR preconditioning OR ""transgenerational immune priming"") AND (marine OR ocean OR estuarine OR oyster OR mussel OR clam OR scallop OR coral OR abalone OR ""sea urchin"" OR bivalve OR mollusc)"
openalex,marshall1997,10.1029/96jc02775,Marshall,1997,"A finite‐volume, incompressible Navier Stokes model for studies of the ocean on parallel computers","The numerical implementation of an ocean model based on the incompressible Navier Stokes equations which is designed for studies of the ocean circulation on horizontal scales less than the depth of the ocean right up to global scale is described. A “pressure correction” method is used which is solved as a Poisson equation for the pressure field with Neumann boundary conditions in a geometry as complicated as that of the ocean basins. A major objective of the study is to make this inversion, and hence nonhydrostatic ocean modeling, efficient on parallel computers. The pressure field is separated into surface, hydrostatic, and nonhydrostatic components. First, as in hydrostatic models, a two‐dimensional problem is inverted for the surface pressure which is then made use of in the three‐dimensional inversion for the nonhydrostatic pressure. Preconditioned conjugate‐gradient iteration is used to invert symmetric elliptic operators in both two and three dimensions. Physically motivated preconditioners are designed which are efficient at reducing computation and minimizing communication between processors. Our method exploits the fact that as the horizontal scale of the motion becomes ve",https://doi.org/10.1029/96jc02775,"(priming OR conditioning OR ""transgenerational plasticity"" OR ""carryover effect"" OR ""developmental programming"" OR hardening OR acclimatization OR ""parental effect"" OR ""epigenetic memory"" OR preconditioning OR ""transgenerational immune priming"") AND (marine OR ocean OR estuarine OR oyster OR mussel OR clam OR scallop OR coral OR abalone OR ""sea urchin"" OR bivalve OR mollusc)"
openalex,lucas1985,10.1016/0044-8486(85)90243-1,Lucas,1985,The use of physiological condition indices in marine bivalve aquaculture,,https://doi.org/10.1016/0044-8486(85)90243-1,"(priming OR conditioning OR ""transgenerational plasticity"" OR ""carryover effect"" OR ""developmental programming"" OR hardening OR acclimatization OR ""parental effect"" OR ""epigenetic memory"" OR preconditioning OR ""transgenerational immune priming"") AND (marine OR ocean OR estuarine OR oyster OR mussel OR clam OR scallop OR coral OR abalone OR ""sea urchin"" OR bivalve OR mollusc)"
openalex,villalba2004,10.1051/alr:2004050,Villalba,2004,Perkinsosis in molluscs: A review,"The genus Perkinsus includes protistan parasites infecting marine molluscs throughout the world, some of which are associated with mass mortalities. Life cycle involves vegetative proliferation within the host, by which a cell named trophozoite undergoes successive bipartitioning. Other stages have been observed in vitro or in vivo, depending on the species: hypnospore, zoosporangium and zoospore. Molecular taxonomy supports a close affinity between dinoflagellates and Perkinsus spp. Six species of Perkinsus are currently considered valid: P. marinus, P. olseni, P. qugwadi, P. chesapeaki, P. andrewsi and P. mediterraneus. Histology and, above all, incubation of host tissues in Ray's fluid thioglycollate medium (RFTM) are classic diagnostic methods. In addition, more sensitive and quicker molecular diagnostic techniques based on either immunoassays or PCR have been developed for Perkinsus spp. Epizootiological studies have shown a marked influence of water temperature and salinity on P. marinus infection in oysters Crassostrea virginica, thus determining parasite geographical range and temporal disease dynamics (seasonality). In vitro cultures have been established for four Perkinsu",https://doi.org/10.1051/alr:2004050,"(priming OR conditioning OR ""transgenerational plasticity"" OR ""carryover effect"" OR ""developmental programming"" OR hardening OR acclimatization OR ""parental effect"" OR ""epigenetic memory"" OR preconditioning OR ""transgenerational immune priming"") AND (marine OR ocean OR estuarine OR oyster OR mussel OR clam OR scallop OR coral OR abalone OR ""sea urchin"" OR bivalve OR mollusc)"
openalex,gerdol2018,10.1007/978-3-319-76768-0_11,Gerdol,2018,"Immunity in Molluscs: Recognition and Effector Mechanisms, with a Focus on Bivalvia",,https://doi.org/10.1007/978-3-319-76768-0_11,"(priming OR conditioning OR ""transgenerational plasticity"" OR ""carryover effect"" OR ""developmental programming"" OR hardening OR acclimatization OR ""parental effect"" OR ""epigenetic memory"" OR preconditioning OR ""transgenerational immune priming"") AND (marine OR ocean OR estuarine OR oyster OR mussel OR clam OR scallop OR coral OR abalone OR ""sea urchin"" OR bivalve OR mollusc)"
openalex,coles2003,10.1016/s0065-2881(03)46004-5,Coles,2003,Coral bleaching — capacity for acclimatization and adaptation,,https://doi.org/10.1016/s0065-2881(03)46004-5,"(priming OR conditioning OR ""transgenerational plasticity"" OR ""carryover effect"" OR ""developmental programming"" OR hardening OR acclimatization OR ""parental effect"" OR ""epigenetic memory"" OR preconditioning OR ""transgenerational immune priming"") AND (marine OR ocean OR estuarine OR oyster OR mussel OR clam OR scallop OR coral OR abalone OR ""sea urchin"" OR bivalve OR mollusc)"
openalex,silverman2007,10.1007/s10126-007-9053-x,Silverman,2007,Understanding Marine Mussel Adhesion,"In addition to identifying the proteins that have a role in underwater adhesion by marine mussels, research efforts have focused on identifying the genes responsible for the adhesive proteins, environmental factors that may influence protein production, and strategies for producing natural adhesives similar to the native mussel adhesive proteins. The production-scale availability of recombinant mussel adhesive proteins will enable researchers to formulate adhesives that are water-impervious and ecologically safe and can bind materials ranging from glass, plastics, metals, and wood to materials, such as bone or teeth, biological organisms, and other chemicals or molecules. Unfortunately, as of yet scientists have been unable to duplicate the processes that marine mussels use to create adhesive structures. This study provides a background on adhesive proteins identified in the blue mussel, Mytilus edulis, and introduces our research interests and discusses the future for continued research related to mussel adhesion.",https://doi.org/10.1007/s10126-007-9053-x,"(priming OR conditioning OR ""transgenerational plasticity"" OR ""carryover effect"" OR ""developmental programming"" OR hardening OR acclimatization OR ""parental effect"" OR ""epigenetic memory"" OR preconditioning OR ""transgenerational immune priming"") AND (marine OR ocean OR estuarine OR oyster OR mussel OR clam OR scallop OR coral OR abalone OR ""sea urchin"" OR bivalve OR mollusc)"
openalex,kurihara2008,10.3354/meps07802,Kurihara,2008,Effects of CO2-driven ocean acidification on the early developmental stages of invertebrates,"CO 2 emissions arising from the burning of fossil fuels have altered seawater chemistry far more rapidly than the Earth has previously experienced, and the rate and extent of this change are expected to affect shallow water marine organisms. The increased CO 2 diffuses from the atmosphere into ocean surface waters, resulting in increased partial pressure of CO 2 , and reduced [CO 3 2 -] and pH. The CO 2 -driven ocean acidification leads to a decrease in calcium carbonate (CaCO 3 ) saturation state in the ocean surface waters and has potential impacts on calcifiers. The present study focuses on the effects of ocean acidification on early developmental and reproductive stages of calcifiers, both of which are believed to be the most vulnerable stages to environmental change within a life cycle. Laboratory experiments revealed that ocean acidification has negative impacts on the fertilization, cleavage, larva, settlement and reproductive stages of several marine calcifiers, including echinoderm, bivalve, coral and crustacean species. There appear to be significant ontogenetic impacts and species-specific differences in tolerance to the high CO 2 levels. The conclusion is that future ch",https://doi.org/10.3354/meps07802,"(priming OR conditioning OR ""transgenerational plasticity"" OR ""carryover effect"" OR ""developmental programming"" OR hardening OR acclimatization OR ""parental effect"" OR ""epigenetic memory"" OR preconditioning OR ""transgenerational immune priming"") AND (marine OR ocean OR estuarine OR oyster OR mussel OR clam OR scallop OR coral OR abalone OR ""sea urchin"" OR bivalve OR mollusc)"
openalex,renault2004,10.1051/alr:2004049,Renault,2004,Viruses infecting bivalve molluscs,"Bivalve molluscs are filter feeders and as a consequence they may bioaccumulate in their tissues viruses that infect humans and higher vertebrates. However, there have also been described mortalities of bivalve molluscs associated with viruses belonging to different families. Mass mortalities of adult Portuguese oysters, Crassostrea angulata, among French livestocks (between 1967 and 1973) were associated with irido-like virus infections. Herpesviruses were reported in the eastern oyster, Pacific oyster and European flat oyster and lately in scallops and clams. Disseminated neoplasia, a proliferative cell disorder of the circulatory system of bivalves, although of uncertain aetiology, has been suggested to be caused by retroviral infections. Other viruses described in bivalves are interpreted as members of the Papovaviridae, Togaviridae, Reoviridae, Birnaviridae and Picornaviridae. However, the lack of bivalve cell lines renders difficult virus isolation from molluscs although some viruses can be isolated in fish cell lines.",https://doi.org/10.1051/alr:2004049,"(priming OR conditioning OR ""transgenerational plasticity"" OR ""carryover effect"" OR ""developmental programming"" OR hardening OR acclimatization OR ""parental effect"" OR ""epigenetic memory"" OR preconditioning OR ""transgenerational immune priming"") AND (marine OR ocean OR estuarine OR oyster OR mussel OR clam OR scallop OR coral OR abalone OR ""sea urchin"" OR bivalve OR mollusc)"
openalex,halpern2015,10.1038/ncomms8615,Halpern,2015,Spatial and temporal changes in cumulative human impacts on the world’s ocean,"Human pressures on the ocean are thought to be increasing globally, yet we know little about their patterns of cumulative change, which pressures are most responsible for change, and which places are experiencing the greatest increases. Managers and policymakers require such information to make strategic decisions and monitor progress towards management objectives. Here we calculate and map recent change over 5 years in cumulative impacts to marine ecosystems globally from fishing, climate change, and ocean- and land-based stressors. Nearly 66% of the ocean and 77% of national jurisdictions show increased human impact, driven mostly by climate change pressures. Five percent of the ocean is heavily impacted with increasing pressures, requiring management attention. Ten percent has very low impact with decreasing pressures. Our results provide large-scale guidance about where to prioritize management efforts and affirm the importance of addressing climate change to maintain and improve the condition of marine ecosystems.",https://doi.org/10.1038/ncomms8615,"(priming OR conditioning OR ""transgenerational plasticity"" OR ""carryover effect"" OR ""developmental programming"" OR hardening OR acclimatization OR ""parental effect"" OR ""epigenetic memory"" OR preconditioning OR ""transgenerational immune priming"") AND (marine OR ocean OR estuarine OR oyster OR mussel OR clam OR scallop OR coral OR abalone OR ""sea urchin"" OR bivalve OR mollusc)"
openalex,bianchi2011,10.1073/pnas.1017982108,Bianchi,2011,The role of terrestrially derived organic carbon in the coastal ocean: A changing paradigm and the priming effect,"One of the major conundrums in oceanography for the past 20 y has been that, although the total flux of dissolved organic carbon (OC; DOC) discharged annually to the global ocean can account for the turnover time of all oceanic DOC (ca. 4,000-6,000 y), chemical biomarker and stable isotopic data indicate that there is very little terrestrially derived OC (TerrOC) in the global ocean. Similarly, it has been estimated that only 30% of the TerrOC buried in marine sediments is of terrestrial origin in muddy deltaic regions with high sedimentation rates. If vascular plant material--assumed to be highly resistant to decay--makes up much of the DOC and particulate OC of riverine OC (along with soil OC), why do we not see more TerrOC in coastal and oceanic waters and sediments? An explanation for this ""missing"" TerrOC in the ocean is critical in our understanding of the global carbon cycle. Here, I consider the origin of vascular plants, the major component of TerrOC, and how their appearance affected the overall cycling of OC on land. I also examine the role vascular plant material plays in soil OC, inland aquatic ecosystems, and the ocean, and how our understanding of TerrOC and ""priming",https://doi.org/10.1073/pnas.1017982108,"(priming OR conditioning OR ""transgenerational plasticity"" OR ""carryover effect"" OR ""developmental programming"" OR hardening OR acclimatization OR ""parental effect"" OR ""epigenetic memory"" OR preconditioning OR ""transgenerational immune priming"") AND (marine OR ocean OR estuarine OR oyster OR mussel OR clam OR scallop OR coral OR abalone OR ""sea urchin"" OR bivalve OR mollusc)"
openalex,oppen2015,10.1073/pnas.1422301112,Oppen,2015,Building coral reef resilience through assisted evolution,"The genetic enhancement of wild animals and plants for characteristics that benefit human populations has been practiced for thousands of years, resulting in impressive improvements in commercially valuable species. Despite these benefits, genetic manipulations are rarely considered for noncommercial purposes, such as conservation and restoration initiatives. Over the last century, humans have driven global climate change through industrialization and the release of increasing amounts of CO2, resulting in shifts in ocean temperature, ocean chemistry, and sea level, as well as increasing frequency of storms, all of which can profoundly impact marine ecosystems. Coral reefs are highly diverse ecosystems that have suffered massive declines in health and abundance as a result of these and other direct anthropogenic disturbances. There is great concern that the high rates, magnitudes, and complexity of environmental change are overwhelming the intrinsic capacity of corals to adapt and survive. Although it is important to address the root causes of changing climate, it is also prudent to explore the potential to augment the capacity of reef organisms to tolerate stress and to facilitate ",https://doi.org/10.1073/pnas.1422301112,"(priming OR conditioning OR ""transgenerational plasticity"" OR ""carryover effect"" OR ""developmental programming"" OR hardening OR acclimatization OR ""parental effect"" OR ""epigenetic memory"" OR preconditioning OR ""transgenerational immune priming"") AND (marine OR ocean OR estuarine OR oyster OR mussel OR clam OR scallop OR coral OR abalone OR ""sea urchin"" OR bivalve OR mollusc)"
openalex,gobler2014,10.1371/journal.pone.0083648,Gobler,2014,"Hypoxia and Acidification Have Additive and Synergistic Negative Effects on the Growth, Survival, and Metamorphosis of Early Life Stage Bivalves","Low oxygen zones in coastal and open ocean ecosystems have expanded in recent decades, a trend that will accelerate with climatic warming. There is growing recognition that low oxygen regions of the ocean are also acidified, a condition that will intensify with rising levels of atmospheric CO2. Presently, however, the concurrent effects of low oxygen and acidification on marine organisms are largely unknown, as most prior studies of marine hypoxia have not considered pH levels. We experimentally assessed the consequences of hypoxic and acidified water for early life stage bivalves (bay scallops, Argopecten irradians, and hard clams, Mercenaria mercenaria), marine organisms of significant economic and ecological value and sensitive to climate change. In larval scallops, experimental and naturally-occurring acidification (pH, total scale = 7.4-7.6) reduced survivorship (by >50%), low oxygen (30-50 µM) inhibited growth and metamorphosis (by >50%), and the two stressors combined produced additively negative outcomes. In early life stage clams, however, hypoxic waters led to 30% higher mortality, while acidified waters significantly reduced growth (by 60%). Later stage clams were resist",https://doi.org/10.1371/journal.pone.0083648,"(priming OR conditioning OR ""transgenerational plasticity"" OR ""carryover effect"" OR ""developmental programming"" OR hardening OR acclimatization OR ""parental effect"" OR ""epigenetic memory"" OR preconditioning OR ""transgenerational immune priming"") AND (marine OR ocean OR estuarine OR oyster OR mussel OR clam OR scallop OR coral OR abalone OR ""sea urchin"" OR bivalve OR mollusc)"
openalex,somero2010,10.1242/jeb.037473,Somero,2010,The physiology of climate change: how potentials for acclimatization and genetic adaptation will determine ‘winners’ and ‘losers’,"Physiological studies can help predict effects of climate change through determining which species currently live closest to their upper thermal tolerance limits, which physiological systems set these limits, and how species differ in acclimatization capacities for modifying their thermal tolerances. Reductionist studies at the molecular level can contribute to this analysis by revealing how much change in sequence is needed to adapt proteins to warmer temperatures--thus providing insights into potential rates of adaptive evolution--and determining how the contents of genomes--protein-coding genes and gene regulatory mechanisms--influence capacities for adapting to acute and long-term increases in temperature. Studies of congeneric invertebrates from thermally stressful rocky intertidal habitats have shown that warm-adapted congeners are most susceptible to local extinctions because their acute upper thermal limits (LT(50) values) lie near current thermal maxima and their abilities to increase thermal tolerance through acclimation are limited. Collapse of cardiac function may underlie acute and longer-term thermal limits. Local extinctions from heat death may be offset by in-migrat",https://doi.org/10.1242/jeb.037473,"(priming OR conditioning OR ""transgenerational plasticity"" OR ""carryover effect"" OR ""developmental programming"" OR hardening OR acclimatization OR ""parental effect"" OR ""epigenetic memory"" OR preconditioning OR ""transgenerational immune priming"") AND (marine OR ocean OR estuarine OR oyster OR mussel OR clam OR scallop OR coral OR abalone OR ""sea urchin"" OR bivalve OR mollusc)"
openalex,hoeghguldberg2017,10.3389/fmars.2017.00158,Hoegh‐Guldberg,2017,Coral Reef Ecosystems under Climate Change and Ocean Acidification,"Coral reefs are found in a wide range of environments, where they provide food and habitat to a large range of organisms as well as other ecological goods and services. Warm-water coral reefs, for example, occupy shallow sunlit, warm and alkaline waters in order to grow and calcify at the high rates necessary to build and maintain their calcium carbonate structures. At deeper locations (40 – 150 m), “mesophotic” (low light) coral reefs accumulate calcium carbonate at much lower rates (if at all in some cases) yet remain important as habitat for a wide range of organisms, including those important for fisheries. Finally, even deeper, down to 2000 m or more, the so-called ‘cold-water’ coral reefs are found in the dark depths. Despite their importance, coral reefs are facing significant challenges from human activities including pollution, over-harvesting, physical destruction, and climate change. In the latter case, even lower greenhouse gas emission scenarios (such as Representative Concentration Pathway RCP 4.5) are likely drive the elimination of most warm-water coral reefs by 2040-2050. Cold-water corals are also threatened by warming temperatures and ocean acidification although",https://doi.org/10.3389/fmars.2017.00158,"(priming OR conditioning OR ""transgenerational plasticity"" OR ""carryover effect"" OR ""developmental programming"" OR hardening OR acclimatization OR ""parental effect"" OR ""epigenetic memory"" OR preconditioning OR ""transgenerational immune priming"") AND (marine OR ocean OR estuarine OR oyster OR mussel OR clam OR scallop OR coral OR abalone OR ""sea urchin"" OR bivalve OR mollusc)"
openalex,bayne1976,10.1016/b978-0-12-751801-5.50043-5,Bayne,1976,ASPECTS OF REPRODUCTION IN BIVALVE MOLLUSCS,,https://doi.org/10.1016/b978-0-12-751801-5.50043-5,"(priming OR conditioning OR ""transgenerational plasticity"" OR ""carryover effect"" OR ""developmental programming"" OR hardening OR acclimatization OR ""parental effect"" OR ""epigenetic memory"" OR preconditioning OR ""transgenerational immune priming"") AND (marine OR ocean OR estuarine OR oyster OR mussel OR clam OR scallop OR coral OR abalone OR ""sea urchin"" OR bivalve OR mollusc)"
openalex,hofmann2011,10.1371/journal.pone.0028983,Hofmann,2011,High-Frequency Dynamics of Ocean pH: A Multi-Ecosystem Comparison,"The effect of Ocean Acidification (OA) on marine biota is quasi-predictable at best. While perturbation studies, in the form of incubations under elevated pCO(2), reveal sensitivities and responses of individual species, one missing link in the OA story results from a chronic lack of pH data specific to a given species' natural habitat. Here, we present a compilation of continuous, high-resolution time series of upper ocean pH, collected using autonomous sensors, over a variety of ecosystems ranging from polar to tropical, open-ocean to coastal, kelp forest to coral reef. These observations reveal a continuum of month-long pH variability with standard deviations from 0.004 to 0.277 and ranges spanning 0.024 to 1.430 pH units. The nature of the observed variability was also highly site-dependent, with characteristic diel, semi-diurnal, and stochastic patterns of varying amplitudes. These biome-specific pH signatures disclose current levels of exposure to both high and low dissolved CO(2), often demonstrating that resident organisms are already experiencing pH regimes that are not predicted until 2100. Our data provide a first step toward crystallizing the biophysical link between en",https://doi.org/10.1371/journal.pone.0028983,"(priming OR conditioning OR ""transgenerational plasticity"" OR ""carryover effect"" OR ""developmental programming"" OR hardening OR acclimatization OR ""parental effect"" OR ""epigenetic memory"" OR preconditioning OR ""transgenerational immune priming"") AND (marine OR ocean OR estuarine OR oyster OR mussel OR clam OR scallop OR coral OR abalone OR ""sea urchin"" OR bivalve OR mollusc)"
openalex,beck2007,10.1201/9781420050943.ch7,Beck,2007,"Loss, Status and Trends for Coastal Marine Habitats of Europe","Over the centuries, land reclamation, coastal development, overfishing and pollution have nearly eliminated European wetlands, seagrass meadows, shellfish beds, biogenic reefs and other productive and diverse coastal habitats. It is estimated that every day between 1960 and 1995, a kilometre of European coastline was developed. Most countries have estimated losses of coastal wetlands and seagrasses exceeding 50% of the original area with peaks above 80% for many regions. Conspicuous declines, sometimes to virtual local disappearance of kelps and other complex macroalgae, have been observed in several countries. A few dominant threats have led to these losses over time. The greatest impacts to wetlands have consistently been land claim and coastal development. The greatest impacts to seagrasses and macroalgae are presently associated with degraded water quality while in the past there have been more effects from destructive fishing and diseases. Coastal development remains an important threat to seagrasses. For biogenic habitats, such as oyster reefs and maerls, some of the greatest impacts have been from destructive fishing and overexploitation with additional impacts of disease, p",https://doi.org/10.1201/9781420050943.ch7,"(priming OR conditioning OR ""transgenerational plasticity"" OR ""carryover effect"" OR ""developmental programming"" OR hardening OR acclimatization OR ""parental effect"" OR ""epigenetic memory"" OR preconditioning OR ""transgenerational immune priming"") AND (marine OR ocean OR estuarine OR oyster OR mussel OR clam OR scallop OR coral OR abalone OR ""sea urchin"" OR bivalve OR mollusc)"
openalex,brown1997,10.1007/s003380050249,Brown,1997,Coral bleaching: causes and consequences,,https://doi.org/10.1007/s003380050249,"(priming OR conditioning OR ""transgenerational plasticity"" OR ""carryover effect"" OR ""developmental programming"" OR hardening OR acclimatization OR ""parental effect"" OR ""epigenetic memory"" OR preconditioning OR ""transgenerational immune priming"") AND (marine OR ocean OR estuarine OR oyster OR mussel OR clam OR scallop OR coral OR abalone OR ""sea urchin"" OR bivalve OR mollusc)"
openalex,stevens2000,10.1006/jmsc.2000.0724,Stevens,2000,"The effects of fishing on sharks, rays, and chimaeras (chondrichthyans), and the implications for marine ecosystems","The impact of fishing on chondrichthyan stocks around the world is currently the focus of considerable international concern. Most chondrichthyan populations are of low productivity relative to teleost fishes, a consequence of their different life-history strategies. This is reflected in the poor record of sustainability of target shark fisheries. Most sharks and some batoids are predators at, or near, the top of marine food webs. The effects of fishing are examined at the single-species level and through trophic interactions. We summarize the status of chondrichthyan fisheries from around the world. Some 50% of the estimated global catch of chondrichthyans is taken as by-catch, does not appear in official fishery statistics, and is almost totally unmanaged. When taken as by-catch, they are often subjected to high fishing mortality directed at teleost target species. Consequently, some skates, sawfish, and deep-water dogfish have been virtually extirpated from large regions. Some chondrichthyans are more resilient to fishing and we examine predictions on the vulnerability of different species based on their life-history and population parameters. At the species level, fishing may a",https://doi.org/10.1006/jmsc.2000.0724,"(priming OR conditioning OR ""transgenerational plasticity"" OR ""carryover effect"" OR ""developmental programming"" OR hardening OR acclimatization OR ""parental effect"" OR ""epigenetic memory"" OR preconditioning OR ""transgenerational immune priming"") AND (marine OR ocean OR estuarine OR oyster OR mussel OR clam OR scallop OR coral OR abalone OR ""sea urchin"" OR bivalve OR mollusc)"
openalex,parker2011,10.1111/j.1365-2486.2011.02520.x,Parker,2011,Adult exposure influences offspring response to ocean acidification in oysters,"Abstract It is essential to predict the impact of elevated P co 2 on marine organisms and habitats to anticipate the severity and consequences of future ocean chemistry change. Despite the importance of carry‐over effects in the evolutionary history of marine organisms, few studies have considered links between life‐history stages when determining how marine organisms will respond to elevated P co 2 , and none have considered the link between adults and their offspring. Herein, we exposed adults of wild and selectively bred Sydney rock oysters, S accostrea glomerata to elevated P co 2 during reproductive conditioning and measured the development, growth and survival response of their larvae. We found that elevated P co 2 had a negative impact on larvae of S . glomerata causing a reduction in growth, rate of development and survival. Exposing adults to elevated P co 2 during reproductive conditioning, however, had positive carry‐over effects on larvae. Larvae spawned from adults exposed to elevated P co 2 were larger and developed faster, but displayed similar survival compared with larvae spawned from adults exposed to ambient P co 2 . Furthermore, selectively bred larvae of S . gl",https://doi.org/10.1111/j.1365-2486.2011.02520.x,"(priming OR conditioning OR ""transgenerational plasticity"" OR ""carryover effect"" OR ""developmental programming"" OR hardening OR acclimatization OR ""parental effect"" OR ""epigenetic memory"" OR preconditioning OR ""transgenerational immune priming"") AND (marine OR ocean OR estuarine OR oyster OR mussel OR clam OR scallop OR coral OR abalone OR ""sea urchin"" OR bivalve OR mollusc)"
openalex,hobday2016,10.1016/j.pocean.2015.12.014,Hobday,2016,A hierarchical approach to defining marine heatwaves,,https://doi.org/10.1016/j.pocean.2015.12.014,"(priming OR conditioning OR ""transgenerational plasticity"" OR ""carryover effect"" OR ""developmental programming"" OR hardening OR acclimatization OR ""parental effect"" OR ""epigenetic memory"" OR preconditioning OR ""transgenerational immune priming"") AND (marine OR ocean OR estuarine OR oyster OR mussel OR clam OR scallop OR coral OR abalone OR ""sea urchin"" OR bivalve OR mollusc)"
openalex,seitz2001,10.1890/0012-9658(2001)082[2435:ddphva]2.0.co;2,Seitz,2001,"DENSITY-DEPENDENT PREDATION, HABITAT VARIATION, AND THE PERSISTENCE OF MARINE BIVALVE PREY","The persistence of prey encountering intense predation varies by species, prey density, and habitat type; however, the collective impact of these factors has rarely been tested experimentally in natural marine systems. Using the thin-shelled clams Mya arenaria and Macoma balthica as prey, and the main epibenthic predator of whole adult clams, the blue crab Callinectes sapidus, we conducted a series of experiments in Chesapeake Bay tributaries that (1) links field abundance and distribution of bivalve prey species with habitat-specific mortality patterns; (2) represents the first comprehensive field test of species-specific, habitat-specific, and density-dependent mortality for subtidal, soft-bottom, deep-burrowing prey; and (3) thereby enables development of a conceptual model to be used as a heuristic tool linking predator–prey dynamics, habitat type, and evolutionary defense tactics for marine benthos. In 15 years of field monitoring, Mya was more common in sand than mud habitats, and Macoma was widely distributed and at higher densities than Mya in mud and sand. In field experiments, mortality of both Mya and Macoma was density dependent in those habitats where the clams are com",https://doi.org/10.1890/0012-9658(2001)082[2435:ddphva]2.0.co;2,"(priming OR conditioning OR ""transgenerational plasticity"" OR ""carryover effect"" OR ""developmental programming"" OR hardening OR acclimatization OR ""parental effect"" OR ""epigenetic memory"" OR preconditioning OR ""transgenerational immune priming"") AND (marine OR ocean OR estuarine OR oyster OR mussel OR clam OR scallop OR coral OR abalone OR ""sea urchin"" OR bivalve OR mollusc)"
openalex,nagelkerken2008,10.1016/j.aquabot.2007.12.007,Nagelkerken,2008,The habitat function of mangroves for terrestrial and marine fauna: A review,,https://doi.org/10.1016/j.aquabot.2007.12.007,"(priming OR conditioning OR ""transgenerational plasticity"" OR ""carryover effect"" OR ""developmental programming"" OR hardening OR acclimatization OR ""parental effect"" OR ""epigenetic memory"" OR preconditioning OR ""transgenerational immune priming"") AND (marine OR ocean OR estuarine OR oyster OR mussel OR clam OR scallop OR coral OR abalone OR ""sea urchin"" OR bivalve OR mollusc)"
openalex,shama2014,10.1111/1365-2435.12280,Shama,2014,Transgenerational plasticity in marine sticklebacks: maternal effects mediate impacts of a warming ocean,"Summary Our study addresses the role of non‐genetic and genetic inheritance in shaping the adaptive potential of populations under a warming ocean scenario. We used a combined experimental approach [transgenerational plasticity ( TGP ) and quantitative genetics] to partition the relative contribution of maternal vs. paternal (additive genetic) effects to offspring body size (a key component of fitness), and investigated a potential physiological mechanism (mitochondrial respiration capacities) underlying whole‐organism growth/size responses. In very early stages of growth (up to 30 days), offspring body size of marine sticklebacks benefited from maternal TGP : offspring of mothers acclimated to 17 °C were larger when reared at 17 °C, and offspring of mothers acclimated to 21 °C were larger when reared at 21 °C. The benefits of maternal TGP on body size were stronger and persisted longer (up to 60 days) for offspring reared in the warmer (21 °C) environment, suggesting that maternal effects will be highly relevant for climate change scenarios in this system. Mitochondrial respiration capacities measured on mature offspring (F1 adults) matched the pattern of TGP for juvenile body siz",https://doi.org/10.1111/1365-2435.12280,"(priming OR conditioning OR ""transgenerational plasticity"" OR ""carryover effect"" OR ""developmental programming"" OR hardening OR acclimatization OR ""parental effect"" OR ""epigenetic memory"" OR preconditioning OR ""transgenerational immune priming"") AND (marine OR ocean OR estuarine OR oyster OR mussel OR clam OR scallop OR coral OR abalone OR ""sea urchin"" OR bivalve OR mollusc)"
openalex,filbeedexter2013,10.3354/meps10573,Filbee‐Dexter,2013,Sea urchin barrens as alternative stable states of collapsed kelp ecosystems,"MEPS Marine Ecology Progress Series Contact the journal Facebook Twitter RSS Mailing List Subscribe to our mailing list via Mailchimp HomeLatest VolumeAbout the JournalEditorsTheme Sections MEPS 495:1-25 (2014) - DOI: https://doi.org/10.3354/meps10573 FEATURE ARTICLE: REVIEW Sea urchin barrens as alternative stable states of collapsed kelp ecosystems Karen Filbee-Dexter*, Robert E. Scheibling Department of Biology, Dalhousie University, Halifax, Nova Scotia B3H 4J1, Canada *Corresponding author: kfilbeedexter@gmail.com ABSTRACT: Sea urchin barrens are benthic communities on rocky subtidal reefs that are dominated by urchins and coralline algae; in the absence of intense herbivory by urchins, these barrens support luxuriant seaweed communities such as kelp beds (or forests). Barrens can extend over 1000s of km of coastline or occur in small patches (10s to 100s of m) within a kelp bed. They are characterized by low primary productivity and low food-web complexity relative to kelp communities and are generally considered a collapsed state of the kelp ecosystem. To assess the stability of sea urchin barrens and potential for return to a kelp-dominated state, we document temporal and s",https://doi.org/10.3354/meps10573,"(priming OR conditioning OR ""transgenerational plasticity"" OR ""carryover effect"" OR ""developmental programming"" OR hardening OR acclimatization OR ""parental effect"" OR ""epigenetic memory"" OR preconditioning OR ""transgenerational immune priming"") AND (marine OR ocean OR estuarine OR oyster OR mussel OR clam OR scallop OR coral OR abalone OR ""sea urchin"" OR bivalve OR mollusc)"
openalex,baker2008,10.1016/j.ecss.2008.09.003,Baker,2008,"Climate change and coral reef bleaching: An ecological assessment of long-term impacts, recovery trends and future outlook",,https://doi.org/10.1016/j.ecss.2008.09.003,"(priming OR conditioning OR ""transgenerational plasticity"" OR ""carryover effect"" OR ""developmental programming"" OR hardening OR acclimatization OR ""parental effect"" OR ""epigenetic memory"" OR preconditioning OR ""transgenerational immune priming"") AND (marine OR ocean OR estuarine OR oyster OR mussel OR clam OR scallop OR coral OR abalone OR ""sea urchin"" OR bivalve OR mollusc)"
openalex,schott2009,10.1029/2007rg000245,Schott,2009,Indian Ocean circulation and climate variability,"In recent years, the Indian Ocean (IO) has been discovered to have a much larger impact on climate variability than previously thought. This paper reviews climate phenomena and processes in which the IO is, or appears to be, actively involved. We begin with an update of the IO mean circulation and monsoon system. It is followed by reviews of ocean/atmosphere phenomenon at intraseasonal, interannual, and longer time scales. Much of our review addresses the two important types of interannual variability in the IO, El Niño–Southern Oscillation (ENSO) and the recently identified Indian Ocean Dipole (IOD). IOD events are often triggered by ENSO but can also occur independently, subject to eastern tropical preconditioning. Over the past decades, IO sea surface temperatures and heat content have been increasing, and model studies suggest significant roles of decadal trends in both the Walker circulation and the Southern Annular Mode. Prediction of IO climate variability is still at the experimental stage, with varied success. Essential requirements for better predictions are improved models and enhanced observations.",https://doi.org/10.1029/2007rg000245,"(priming OR conditioning OR ""transgenerational plasticity"" OR ""carryover effect"" OR ""developmental programming"" OR hardening OR acclimatization OR ""parental effect"" OR ""epigenetic memory"" OR preconditioning OR ""transgenerational immune priming"") AND (marine OR ocean OR estuarine OR oyster OR mussel OR clam OR scallop OR coral OR abalone OR ""sea urchin"" OR bivalve OR mollusc)"
openalex,paulpont2016,10.1016/j.envpol.2016.06.039,Paul-Pont,2016,Exposure of marine mussels Mytilus spp. to polystyrene microplastics: Toxicity and influence on fluoranthene bioaccumulation,,https://doi.org/10.1016/j.envpol.2016.06.039,"(priming OR conditioning OR ""transgenerational plasticity"" OR ""carryover effect"" OR ""developmental programming"" OR hardening OR acclimatization OR ""parental effect"" OR ""epigenetic memory"" OR preconditioning OR ""transgenerational immune priming"") AND (marine OR ocean OR estuarine OR oyster OR mussel OR clam OR scallop OR coral OR abalone OR ""sea urchin"" OR bivalve OR mollusc)"
openalex,wang2017,10.1016/j.dci.2017.05.025,Wang,2017,The oyster immunity,,https://doi.org/10.1016/j.dci.2017.05.025,"(priming OR conditioning OR ""transgenerational plasticity"" OR ""carryover effect"" OR ""developmental programming"" OR hardening OR acclimatization OR ""parental effect"" OR ""epigenetic memory"" OR preconditioning OR ""transgenerational immune priming"") AND (marine OR ocean OR estuarine OR oyster OR mussel OR clam OR scallop OR coral OR abalone OR ""sea urchin"" OR bivalve OR mollusc)"
openalex,palumbi2014,10.1126/science.1251336,Palumbi,2014,Mechanisms of reef coral resistance to future climate change,"Reef corals are highly sensitive to heat, yet populations resistant to climate change have recently been identified. To determine the mechanisms of temperature tolerance, we reciprocally transplanted corals between reef sites experiencing distinct temperature regimes and tested subsequent physiological and gene expression profiles. Local acclimatization and fixed effects, such as adaptation, contributed about equally to heat tolerance and are reflected in patterns of gene expression. In less than 2 years, acclimatization achieves the same heat tolerance that we would expect from strong natural selection over many generations for these long-lived organisms. Our results show both short-term acclimatory and longer-term adaptive acquisition of climate resistance. Adding these adaptive abilities to ecosystem models is likely to slow predictions of demise for coral reef ecosystems.",https://doi.org/10.1126/science.1251336,"(priming OR conditioning OR ""transgenerational plasticity"" OR ""carryover effect"" OR ""developmental programming"" OR hardening OR acclimatization OR ""parental effect"" OR ""epigenetic memory"" OR preconditioning OR ""transgenerational immune priming"") AND (marine OR ocean OR estuarine OR oyster OR mussel OR clam OR scallop OR coral OR abalone OR ""sea urchin"" OR bivalve OR mollusc)"
openalex,baker2004,10.1038/430741a,Baker,2004,Corals' adaptive response to climate change,,https://doi.org/10.1038/430741a,"(priming OR conditioning OR ""transgenerational plasticity"" OR ""carryover effect"" OR ""developmental programming"" OR hardening OR acclimatization OR ""parental effect"" OR ""epigenetic memory"" OR preconditioning OR ""transgenerational immune priming"") AND (marine OR ocean OR estuarine OR oyster OR mussel OR clam OR scallop OR coral OR abalone OR ""sea urchin"" OR bivalve OR mollusc)"
openalex,miller2010,10.1371/journal.pone.0012576,Miller,2010,Evidence for a Novel Marine Harmful Algal Bloom: Cyanotoxin (Microcystin) Transfer from Land to Sea Otters,"""Super-blooms"" of cyanobacteria that produce potent and environmentally persistent biotoxins (microcystins) are an emerging global health issue in freshwater habitats. Monitoring of the marine environment for secondary impacts has been minimal, although microcystin-contaminated freshwater is known to be entering marine ecosystems. Here we confirm deaths of marine mammals from microcystin intoxication and provide evidence implicating land-sea flow with trophic transfer through marine invertebrates as the most likely route of exposure. This hypothesis was evaluated through environmental detection of potential freshwater and marine microcystin sources, sea otter necropsy with biochemical analysis of tissues and evaluation of bioaccumulation of freshwater microcystins by marine invertebrates. Ocean discharge of freshwater microcystins was confirmed for three nutrient-impaired rivers flowing into the Monterey Bay National Marine Sanctuary, and microcystin concentrations up to 2,900 ppm (2.9 million ppb) were detected in a freshwater lake and downstream tributaries to within 1 km of the ocean. Deaths of 21 southern sea otters, a federally listed threatened species, were linked to microcy",https://doi.org/10.1371/journal.pone.0012576,"(priming OR conditioning OR ""transgenerational plasticity"" OR ""carryover effect"" OR ""developmental programming"" OR hardening OR acclimatization OR ""parental effect"" OR ""epigenetic memory"" OR preconditioning OR ""transgenerational immune priming"") AND (marine OR ocean OR estuarine OR oyster OR mussel OR clam OR scallop OR coral OR abalone OR ""sea urchin"" OR bivalve OR mollusc)"
openalex,allam2015,10.1016/j.jip.2015.05.005,Allam,2015,Immune responses to infectious diseases in bivalves,,https://doi.org/10.1016/j.jip.2015.05.005,"(priming OR conditioning OR ""transgenerational plasticity"" OR ""carryover effect"" OR ""developmental programming"" OR hardening OR acclimatization OR ""parental effect"" OR ""epigenetic memory"" OR preconditioning OR ""transgenerational immune priming"") AND (marine OR ocean OR estuarine OR oyster OR mussel OR clam OR scallop OR coral OR abalone OR ""sea urchin"" OR bivalve OR mollusc)"
openalex,halpern2019,10.1038/s41598-019-47201-9,Halpern,2019,Recent pace of change in human impact on the world’s ocean,"Humans interact with the oceans in diverse and profound ways. The scope, magnitude, footprint and ultimate cumulative impacts of human activities can threaten ocean ecosystems and have changed over time, resulting in new challenges and threats to marine ecosystems. A fundamental gap in understanding how humanity is affecting the oceans is our limited knowledge about the pace of change in cumulative impact on ocean ecosystems from expanding human activities - and the patterns, locations and drivers of most significant change. To help address this, we combined high resolution, annual data on the intensity of 14 human stressors and their impact on 21 marine ecosystems over 11 years (2003-2013) to assess pace of change in cumulative impacts on global oceans, where and how much that pace differs across the ocean, and which stressors and their impacts contribute most to those changes. We found that most of the ocean (59%) is experiencing significantly increasing cumulative impact, in particular due to climate change but also from fishing, land-based pollution and shipping. Nearly all countries saw increases in cumulative impacts in their coastal waters, as did all ecosystems, with coral ",https://doi.org/10.1038/s41598-019-47201-9,"(priming OR conditioning OR ""transgenerational plasticity"" OR ""carryover effect"" OR ""developmental programming"" OR hardening OR acclimatization OR ""parental effect"" OR ""epigenetic memory"" OR preconditioning OR ""transgenerational immune priming"") AND (marine OR ocean OR estuarine OR oyster OR mussel OR clam OR scallop OR coral OR abalone OR ""sea urchin"" OR bivalve OR mollusc)"
openalex,beniash2010,10.3354/meps08841,Beniash,2010,Elevated level of carbon dioxide affects metabolism and shell formation in oysters Crassostrea virginica (Gmelin),"Estuarine organisms are exposed to periodic strong fluctuations in seawater pH driven by biological carbon dioxide (CO 2 ) production, which may in the future be further exacerbated by the ocean acidification associated with the global rise in CO 2 . Calcium carbonate-producing marine species such as mollusks are expected to be vulnerable to acidification of estuarine waters, since elevated CO 2 concentration and lower pH lead to a decrease in the degree of saturation of water with respect to calcium carbonate, potentially affecting biomineralization. Our study demonstrates that the increase in CO 2 partial pressure (pCO 2 ) in seawater and associated decrease in pH within the environmentally relevant range for estuaries have negative effects on physiology, rates of shell deposition and mechanical properties of the shells of eastern oysters Crassostrea virginica (Gmelin). High CO 2 levels (pH ~7.5, pCO 2 ~3500 atm) caused significant increases in juvenile mortality rates and inhibited both shell and soft-body growth compared to the control conditions (pH ~8.2, pCO 2 ~380 atm). Furthermore, elevated CO 2 concentrations resulted in higher standard metabolic rates in oyster juveniles,",https://doi.org/10.3354/meps08841,"(priming OR conditioning OR ""transgenerational plasticity"" OR ""carryover effect"" OR ""developmental programming"" OR hardening OR acclimatization OR ""parental effect"" OR ""epigenetic memory"" OR preconditioning OR ""transgenerational immune priming"") AND (marine OR ocean OR estuarine OR oyster OR mussel OR clam OR scallop OR coral OR abalone OR ""sea urchin"" OR bivalve OR mollusc)"
openalex,cloern2014,10.5194/bg-11-2477-2014,Cloern,2014,Phytoplankton primary production in the world's estuarine-coastal ecosystems,"Abstract. Estuaries are biogeochemical hot spots because they receive large inputs of nutrients and organic carbon from land and oceans to support high rates of metabolism and primary production. We synthesize published rates of annual phytoplankton primary production (APPP) in marine ecosystems influenced by connectivity to land – estuaries, bays, lagoons, fjords and inland seas. Review of the scientific literature produced a compilation of 1148 values of APPP derived from monthly incubation assays to measure carbon assimilation or oxygen production. The median value of median APPP measurements in 131 ecosystems is 185 and the mean is 252 g C m−2 yr−1, but the range is large: from −105 (net pelagic production in the Scheldt Estuary) to 1890 g C m−2 yr−1 (net phytoplankton production in Tamagawa Estuary). APPP varies up to 10-fold within ecosystems and 5-fold from year to year (but we only found eight APPP series longer than a decade so our knowledge of decadal-scale variability is limited). We use studies of individual places to build a conceptual model that integrates the mechanisms generating this large variability: nutrient supply, light limitation by turbidity, grazing by cons",https://doi.org/10.5194/bg-11-2477-2014,"(priming OR conditioning OR ""transgenerational plasticity"" OR ""carryover effect"" OR ""developmental programming"" OR hardening OR acclimatization OR ""parental effect"" OR ""epigenetic memory"" OR preconditioning OR ""transgenerational immune priming"") AND (marine OR ocean OR estuarine OR oyster OR mussel OR clam OR scallop OR coral OR abalone OR ""sea urchin"" OR bivalve OR mollusc)"
openalex,bayne1979,10.1098/rstb.1979.0046,Bayne,1979,Measurement of the responses of individuals to environmental stress and pollution: studies with bivalve molluscs,"Certain physiological differences between individuals in different populations of the mussel, Mytilus edulis, are described. In particular, the scope for growth differs in space and time and may be used to assess the animals' physiological condition. When the required measurements are made in the field, the rates of growth predicted from the physiological data agree well with observed rates of growth. An alternative approach utilizes mussels transplanted to various waters, with indices of condition then measured in then measured in the laboratory under standard conditions; an example of this approach is illustrated. Laboratory experiments are used to equate various levels of physiological condition with fecundity, in an attempt to equate physiological effects on the individual with likely population damage. A cytochemical index of stress is described, based on the latency of lysosomal enzymes; spatial variability in this index, and its relation with the scope for growth, are discussed. Finally, the results of some experiments on the effects of petroleum hydrocarbons on mussels are described and the presence of inducible activity of NADPH-dependent tetrazolium reductase in the blood",https://doi.org/10.1098/rstb.1979.0046,"(priming OR conditioning OR ""transgenerational plasticity"" OR ""carryover effect"" OR ""developmental programming"" OR hardening OR acclimatization OR ""parental effect"" OR ""epigenetic memory"" OR preconditioning OR ""transgenerational immune priming"") AND (marine OR ocean OR estuarine OR oyster OR mussel OR clam OR scallop OR coral OR abalone OR ""sea urchin"" OR bivalve OR mollusc)"
openalex,death2012,10.1073/pnas.1208909109,De’ath,2012,The 27–year decline of coral cover on the Great Barrier Reef and its causes,"The world's coral reefs are being degraded, and the need to reduce local pressures to offset the effects of increasing global pressures is now widely recognized. This study investigates the spatial and temporal dynamics of coral cover, identifies the main drivers of coral mortality, and quantifies the rates of potential recovery of the Great Barrier Reef. Based on the world's most extensive time series data on reef condition (2,258 surveys of 214 reefs over 1985-2012), we show a major decline in coral cover from 28.0% to 13.8% (0.53% y(-1)), a loss of 50.7% of initial coral cover. Tropical cyclones, coral predation by crown-of-thorns starfish (COTS), and coral bleaching accounted for 48%, 42%, and 10% of the respective estimated losses, amounting to 3.38% y(-1) mortality rate. Importantly, the relatively pristine northern region showed no overall decline. The estimated rate of increase in coral cover in the absence of cyclones, COTS, and bleaching was 2.85% y(-1), demonstrating substantial capacity for recovery of reefs. In the absence of COTS, coral cover would increase at 0.89% y(-1), despite ongoing losses due to cyclones and bleaching. Thus, reducing COTS populations, by improv",https://doi.org/10.1073/pnas.1208909109,"(priming OR conditioning OR ""transgenerational plasticity"" OR ""carryover effect"" OR ""developmental programming"" OR hardening OR acclimatization OR ""parental effect"" OR ""epigenetic memory"" OR preconditioning OR ""transgenerational immune priming"") AND (marine OR ocean OR estuarine OR oyster OR mussel OR clam OR scallop OR coral OR abalone OR ""sea urchin"" OR bivalve OR mollusc)"
openalex,kim2006,NR,Kim,2006,Histological techniques for marine bivalve molluscs: update,"This chapter describes the procedures for determining the reproductive stage of oysters, mytilid mussels, and dreissenid mussels collected for NOAA’s National Status and Trends Mussel Watch Project. Analyses are conducted on paraffin-embedded tissues sectioned at a 5-μm thickness and stained using a pentachrome staining procedure. Each slide is examined microscopically to determine the animal’s sex and stage of gonadal development. A semi-quantitative ranking is assigned.",http://hdl.handle.net/1834/30810,"(priming OR conditioning OR ""transgenerational plasticity"" OR ""carryover effect"" OR ""developmental programming"" OR hardening OR acclimatization OR ""parental effect"" OR ""epigenetic memory"" OR preconditioning OR ""transgenerational immune priming"") AND (marine OR ocean OR estuarine OR oyster OR mussel OR clam OR scallop OR coral OR abalone OR ""sea urchin"" OR bivalve OR mollusc)"
openalex,loosanoff1963,10.1016/s0065-2881(08)60257-6,Loosanoff,1963,Rearing of Bivalve Mollusks,,https://doi.org/10.1016/s0065-2881(08)60257-6,"(priming OR conditioning OR ""transgenerational plasticity"" OR ""carryover effect"" OR ""developmental programming"" OR hardening OR acclimatization OR ""parental effect"" OR ""epigenetic memory"" OR preconditioning OR ""transgenerational immune priming"") AND (marine OR ocean OR estuarine OR oyster OR mussel OR clam OR scallop OR coral OR abalone OR ""sea urchin"" OR bivalve OR mollusc)"
openalex,peck2004,10.1111/j.0269-8463.2004.00903.x,Peck,2004,Extreme sensitivity of biological function to temperature in Antarctic marine species,"Summary Biological capacities to respond to changing environments dictate success or failure of populations and species over time. The major environmental feature in this context is often temperature, and organisms across the planet vary widely in their capacity to cope with temperature variation. With very few exceptions, Antarctic marine species are more sensitive to temperature variation than marine groups elsewhere, having survivable temperature envelopes between 5 °C and 12 °C above the minimum sea temperature of −2 °C. Our findings show that in biological functions important to long‐term survival these animals are even more tightly constrained. The Antarctic bivalve mollusc Laternula elliptica and limpet Nacella concinna both survive a few days in experiments at 9–10 °C, but suffer 50% failure in essential biological activities at 2–3 °C and complete loss at 5 °C. The Antarctic scallop Adamussium colbecki is even more sensitive, and loses the ability to swim as temperature approaches 2 °C. These failures of activity are caused by a loss of aerobic capacity, and the animals investigated are so sensitive that a 2 °C rise in sea temperature could cause population or species remo",https://doi.org/10.1111/j.0269-8463.2004.00903.x,"(priming OR conditioning OR ""transgenerational plasticity"" OR ""carryover effect"" OR ""developmental programming"" OR hardening OR acclimatization OR ""parental effect"" OR ""epigenetic memory"" OR preconditioning OR ""transgenerational immune priming"") AND (marine OR ocean OR estuarine OR oyster OR mussel OR clam OR scallop OR coral OR abalone OR ""sea urchin"" OR bivalve OR mollusc)"
openalex,tegner2000,10.1006/jmsc.2000.0715,Tegner,2000,Ecosystem effects of fishing in kelp forest communities,"Kelp forests, highly diverse cold water communities organized around the primary productivity and physical structure provided by members of the Laminariales, support a variety of fisheries, and the kelp itself is harvested for alginates. Worldwide, these communities generally share susceptibility to destructive overgrazing by sea urchins. The impact of sea-urchin grazing is governed by the ratio between food availability and grazing pressure, thus factors affecting the abundance of both urchins and kelps are central to ecosystem integrity. Some kelp ecosystems share a second generality, the association of exploitation of various urchin predators with destructive levels of urchin grazing, leading to cascading implications for other species dependent on the productivity and habitat provided by the kelps. Competition between abalones and sea urchins also affects some kelp communities. These ecosystem-structuring processes are complicated by a variety of bottom-up and top-down factors, including variability in ocean climate affecting kelp productivity and recruitment of key species, and echinoid disease. Potential ecosystem effects of fisheries for predators, abalones, sea urchins, and",https://doi.org/10.1006/jmsc.2000.0715,"(priming OR conditioning OR ""transgenerational plasticity"" OR ""carryover effect"" OR ""developmental programming"" OR hardening OR acclimatization OR ""parental effect"" OR ""epigenetic memory"" OR preconditioning OR ""transgenerational immune priming"") AND (marine OR ocean OR estuarine OR oyster OR mussel OR clam OR scallop OR coral OR abalone OR ""sea urchin"" OR bivalve OR mollusc)"
openalex,amelia2021,10.1186/s40645-020-00405-4,Amelia,2021,Marine microplastics as vectors of major ocean pollutants and its hazards to the marine ecosystem and humans,"Abstract Microplastic pollutes water, land, air, and groundwater environments not only visually but also ecologically for plants, animals, and humans. Microplastic has been reported to act as vectors by sorbing pollutants and contributing to the bioaccumulation of pollutants, particularly in marine ecosystems, organisms, and subsequently food webs. The inevitable exposure of microplastic to humans emphasises the need to review the potential effects, exposure pathways, and toxicity of microplastic toward human health. Therefore, this review was aimed to reveal the risks of pollutant sorption and bioaccumulation by microplastic toward humans, as well as the dominant types of pollutants sorbed by microplastic, and the types of pollutants that are bioaccumulated by microplastic in the living organisms of the marine ecosystem. The possible factors influencing the sorption and bioaccumulation of pollutants by microplastic in marine ecosystems were also reviewed. The review also revealed the prevailing types of microplastic, abundance of microplastic, and geographical distribution of microplastic in the aquatic environment globally. The literature review revealed that microplastic charact",https://doi.org/10.1186/s40645-020-00405-4,"(priming OR conditioning OR ""transgenerational plasticity"" OR ""carryover effect"" OR ""developmental programming"" OR hardening OR acclimatization OR ""parental effect"" OR ""epigenetic memory"" OR preconditioning OR ""transgenerational immune priming"") AND (marine OR ocean OR estuarine OR oyster OR mussel OR clam OR scallop OR coral OR abalone OR ""sea urchin"" OR bivalve OR mollusc)"
openalex,dupont2012,10.1007/s00227-012-1921-x,Dupont,2012,Long-term and trans-life-cycle effects of exposure to ocean acidification in the green sea urchin Strongylocentrotus droebachiensis,,https://doi.org/10.1007/s00227-012-1921-x,"(priming OR conditioning OR ""transgenerational plasticity"" OR ""carryover effect"" OR ""developmental programming"" OR hardening OR acclimatization OR ""parental effect"" OR ""epigenetic memory"" OR preconditioning OR ""transgenerational immune priming"") AND (marine OR ocean OR estuarine OR oyster OR mussel OR clam OR scallop OR coral OR abalone OR ""sea urchin"" OR bivalve OR mollusc)"
openalex,jones2008,10.1098/rspb.2008.0069,Jones,2008,A community change in the algal endosymbionts of a scleractinian coral following a natural bleaching event: field evidence of acclimatization,"The symbiosis between reef-building corals and their algal endosymbionts (zooxanthellae of the genus Symbiodinium) is highly sensitive to temperature stress, which makes coral reefs vulnerable to climate change. Thermal tolerance in corals is known to be substantially linked to the type of zooxanthellae they harbour and, when multiple types are present, the relative abundance of types can be experimentally manipulated to increase the thermal limits of individual corals. Although the potential exists for this to translate into substantial thermal acclimatization of coral communities, to date there is no evidence to show that this takes place under natural conditions. In this study, we show field evidence of a dramatic change in the symbiont community of Acropora millepora, a common and widespread Indo-Pacific hard coral species, after a natural bleaching event in early 2006 in the Keppel Islands (Great Barrier Reef). Before bleaching, 93.5% (n=460) of the randomly sampled and tagged colonies predominantly harboured the thermally sensitive Symbiodinium type C2, while the remainder harboured a tolerant Symbiodinium type belonging to clade D or mixtures of C2 and D. After bleaching, 71",https://doi.org/10.1098/rspb.2008.0069,"(priming OR conditioning OR ""transgenerational plasticity"" OR ""carryover effect"" OR ""developmental programming"" OR hardening OR acclimatization OR ""parental effect"" OR ""epigenetic memory"" OR preconditioning OR ""transgenerational immune priming"") AND (marine OR ocean OR estuarine OR oyster OR mussel OR clam OR scallop OR coral OR abalone OR ""sea urchin"" OR bivalve OR mollusc)"
openalex,eakin2010,10.1371/journal.pone.0013969,Eakin,2010,"Caribbean Corals in Crisis: Record Thermal Stress, Bleaching, and Mortality in 2005","BACKGROUND: The rising temperature of the world's oceans has become a major threat to coral reefs globally as the severity and frequency of mass coral bleaching and mortality events increase. In 2005, high ocean temperatures in the tropical Atlantic and Caribbean resulted in the most severe bleaching event ever recorded in the basin. METHODOLOGY/PRINCIPAL FINDINGS: Satellite-based tools provided warnings for coral reef managers and scientists, guiding both the timing and location of researchers' field observations as anomalously warm conditions developed and spread across the greater Caribbean region from June to October 2005. Field surveys of bleaching and mortality exceeded prior efforts in detail and extent, and provided a new standard for documenting the effects of bleaching and for testing nowcast and forecast products. Collaborators from 22 countries undertook the most comprehensive documentation of basin-scale bleaching to date and found that over 80% of corals bleached and over 40% died at many sites. The most severe bleaching coincided with waters nearest a western Atlantic warm pool that was centered off the northern end of the Lesser Antilles. CONCLUSIONS/SIGNIFICANCE: T",https://doi.org/10.1371/journal.pone.0013969,"(priming OR conditioning OR ""transgenerational plasticity"" OR ""carryover effect"" OR ""developmental programming"" OR hardening OR acclimatization OR ""parental effect"" OR ""epigenetic memory"" OR preconditioning OR ""transgenerational immune priming"") AND (marine OR ocean OR estuarine OR oyster OR mussel OR clam OR scallop OR coral OR abalone OR ""sea urchin"" OR bivalve OR mollusc)"
openalex,reeburgh2007,10.1021/cr050362v,Reeburgh,2007,Oceanic Methane Biogeochemistry,"This review shows that thermodynamic and kinetic constraints largely prevent large-scale methanogenesis in the open ocean water column. One example of open-ocean methanogenesis involves anoxic digestive tracts and fecal pellet microenvironments; methane released during fecal pellet disaggregation results in the mixed-layer methane maximum. However, the bulk of the methane in the ocean is added by coastal runoff, seeps, hydrothermal vents, decomposing hydrates, and mud volcanoes. Since methane is present in the open ocean at nanomolar concentrations, and since the flux to the atmosphere is small, the ultimate fate of ocean methane additions must be oxidation within the ocean. As indicated in the Introduction and highlighted in Table 3, sources of methane to the ocean water column are poorly quantified. There are only a small number of direct water column methane oxidation rates, so sinks are also poorly quantified. We know that methane oxidation rates are sensitive to ambient methane concentrations, but we have no information on reaction kinetics and only one report of the effect of pressure on methane oxidation. Our perspective on methane sources and the extent of methane oxidation",https://doi.org/10.1021/cr050362v,"(priming OR conditioning OR ""transgenerational plasticity"" OR ""carryover effect"" OR ""developmental programming"" OR hardening OR acclimatization OR ""parental effect"" OR ""epigenetic memory"" OR preconditioning OR ""transgenerational immune priming"") AND (marine OR ocean OR estuarine OR oyster OR mussel OR clam OR scallop OR coral OR abalone OR ""sea urchin"" OR bivalve OR mollusc)"
openalex,carton2008,10.1175/2007mwr1978.1,Carton,2008,A Reanalysis of Ocean Climate Using Simple Ocean Data Assimilation (SODA),"Abstract This paper describes the Simple Ocean Data Assimilation (SODA) reanalysis of ocean climate variability. In the assimilation, a model forecast produced by an ocean general circulation model with an average resolution of 0.25° × 0.4° × 40 levels is continuously corrected by contemporaneous observations with corrections estimated every 10 days. The basic reanalysis, SODA 1.4.2, spans the 44-yr period from 1958 to 2001, which complements the span of the 40-yr European Centre for Medium-Range Weather Forecasts (ECMWF) atmospheric reanalysis (ERA-40). The observation set for this experiment includes the historical archive of hydrographic profiles supplemented by ship intake measurements, moored hydrographic observations, and remotely sensed SST. A parallel run, SODA 1.4.0, is forced with identical surface boundary conditions, but without data assimilation. The new reanalysis represents a significant improvement over a previously published version of the SODA algorithm. In particular, eddy kinetic energy and sea level variability are much larger than in previous versions and are more similar to estimates from independent observations. One issue addressed in this paper is the rela",https://doi.org/10.1175/2007mwr1978.1,"(priming OR conditioning OR ""transgenerational plasticity"" OR ""carryover effect"" OR ""developmental programming"" OR hardening OR acclimatization OR ""parental effect"" OR ""epigenetic memory"" OR preconditioning OR ""transgenerational immune priming"") AND (marine OR ocean OR estuarine OR oyster OR mussel OR clam OR scallop OR coral OR abalone OR ""sea urchin"" OR bivalve OR mollusc)"
openalex,prtner2010,10.1242/jeb.037523,Pörtner,2010,Oxygen- and capacity-limitation of thermal tolerance: a matrix for integrating climate-related stressor effects in marine ecosystems,"The concept of oxygen- and capacity-dependent thermal tolerance in aquatic ectotherms has successfully explained climate-induced effects of rising temperatures on species abundance in the field. Oxygen supply to tissues and the resulting aerobic performance characters thus form a primary link between organismal fitness and its role and functioning at the ecosystem level. The thermal window of performance in water breathers matches their window of aerobic scope. Loss of performance reflects the earliest level of thermal stress, caused by hypoxaemia and the progressive mismatch of oxygen supply and demand at the borders of the thermal envelope. Oxygen deficiency elicits the transition to passive tolerance and associated systemic and cellular stress signals like hormonal responses or oxidative stress as well as the use of protection mechanisms like heat shock proteins at thermal extremes. Thermal acclimatization between seasons or adaptation to a climate regime involves shifting thermal windows and adjusting window widths. The need to specialize on a limited temperature range results from temperature-dependent trade-offs at several hierarchical levels, from molecular structure to whol",https://doi.org/10.1242/jeb.037523,"(priming OR conditioning OR ""transgenerational plasticity"" OR ""carryover effect"" OR ""developmental programming"" OR hardening OR acclimatization OR ""parental effect"" OR ""epigenetic memory"" OR preconditioning OR ""transgenerational immune priming"") AND (marine OR ocean OR estuarine OR oyster OR mussel OR clam OR scallop OR coral OR abalone OR ""sea urchin"" OR bivalve OR mollusc)"
openalex,rochman2015,10.1038/srep14340,Rochman,2015,Anthropogenic debris in seafood: Plastic debris and fibers from textiles in fish and bivalves sold for human consumption,"The ubiquity of anthropogenic debris in hundreds of species of wildlife and the toxicity of chemicals associated with it has begun to raise concerns regarding the presence of anthropogenic debris in seafood. We assessed the presence of anthropogenic debris in fishes and shellfish on sale for human consumption. We sampled from markets in Makassar, Indonesia, and from California, USA. All fish and shellfish were identified to species where possible. Anthropogenic debris was extracted from the digestive tracts of fish and whole shellfish using a 10% KOH solution and quantified under a dissecting microscope. In Indonesia, anthropogenic debris was found in 28% of individual fish and in 55% of all species. Similarly, in the USA, anthropogenic debris was found in 25% of individual fish and in 67% of all species. Anthropogenic debris was also found in 33% of individual shellfish sampled. All of the anthropogenic debris recovered from fish in Indonesia was plastic, whereas anthropogenic debris recovered from fish in the USA was primarily fibers. Variations in debris types likely reflect different sources and waste management strategies between countries. We report some of the first findings",https://doi.org/10.1038/srep14340,"(priming OR conditioning OR ""transgenerational plasticity"" OR ""carryover effect"" OR ""developmental programming"" OR hardening OR acclimatization OR ""parental effect"" OR ""epigenetic memory"" OR preconditioning OR ""transgenerational immune priming"") AND (marine OR ocean OR estuarine OR oyster OR mussel OR clam OR scallop OR coral OR abalone OR ""sea urchin"" OR bivalve OR mollusc)"
openalex,takeuchi2012,10.1093/dnares/dss005,Takeuchi,2012,Draft Genome of the Pearl Oyster Pinctada fucata: A Platform for Understanding Bivalve Biology,"The study of the pearl oyster Pinctada fucata is key to increasing our understanding of the molecular mechanisms involved in pearl biosynthesis and biology of bivalve molluscs. We sequenced ~1150-Mb genome at ~40-fold coverage using the Roche 454 GS-FLX and Illumina GAIIx sequencers. The sequences were assembled into contigs with N50 = 1.6 kb (total contig assembly reached to 1024 Mb) and scaffolds with N50 = 14.5 kb. The pearl oyster genome is AT-rich, with a GC content of 34%. DNA transposons, retrotransposons, and tandem repeat elements occupied 0.4, 1.5, and 7.9% of the genome, respectively (a total of 9.8%). Version 1.0 of the P. fucata draft genome contains 23 257 complete gene models, 70% of which are supported by the corresponding expressed sequence tags. The genes include those reported to have an association with bio-mineralization. Genes encoding transcription factors and signal transduction molecules are present in numbers comparable with genomes of other metazoans. Genome-wide molecular phylogeny suggests that the lophotrochozoan represents a distinct clade from ecdysozoans. Our draft genome of the pearl oyster thus provides a platform for the identification of selecti",https://doi.org/10.1093/dnares/dss005,"(priming OR conditioning OR ""transgenerational plasticity"" OR ""carryover effect"" OR ""developmental programming"" OR hardening OR acclimatization OR ""parental effect"" OR ""epigenetic memory"" OR preconditioning OR ""transgenerational immune priming"") AND (marine OR ocean OR estuarine OR oyster OR mussel OR clam OR scallop OR coral OR abalone OR ""sea urchin"" OR bivalve OR mollusc)"
openalex,barber2004,10.1051/alr:2004052,Barber,2004,Neoplastic diseases of commercially important marine bivalves,"This review summarizes the current state of knowledge regarding the two primary proliferative diseases of commercially important marine bivalves. Disseminated neoplasia is characterized by the presence of large (2−4 times the diameter of normal hemocytes), anaplastic, circulating cells that have a hyperchromatic and often pleomorphic nucleus containing one or more prominent nucleoli. Prevalence exceeding 90% has been reported; the disease is progressive and can result in significant mortality of affected populations. Softshell clams, Mya arenaria, and mussels, Mytilus trossulus, from the east and west coasts of North America, respectively, and cockles, Cerastoderma edule, from Ireland, appear to be especially susceptible. Disseminated neoplasia can be transmitted to uninfected individuals, indicating an infectious (perhaps viral) etiology, the expression of which may be aggravated by environmental degradation. Gonadal neoplasia consists of small, basophilic, undifferentiated cells that originate as small foci in gonadal follicles where they proliferate and eventually invade surrounding tissues. This disease primarily affects M. arenaria in Maine (USA) and Mercenaria spp. in Florida",https://doi.org/10.1051/alr:2004052,"(priming OR conditioning OR ""transgenerational plasticity"" OR ""carryover effect"" OR ""developmental programming"" OR hardening OR acclimatization OR ""parental effect"" OR ""epigenetic memory"" OR preconditioning OR ""transgenerational immune priming"") AND (marine OR ocean OR estuarine OR oyster OR mussel OR clam OR scallop OR coral OR abalone OR ""sea urchin"" OR bivalve OR mollusc)"
openalex,leung2022,10.1002/smll.202107407,Leung,2022,Is Ocean Acidification Really a Threat to Marine Calcifiers? A Systematic Review and Meta‐Analysis of 980+ Studies Spanning Two Decades,"Ocean acidification is considered detrimental to marine calcifiers, but mounting contradictory evidence suggests a need to revisit this concept. This systematic review and meta-analysis aim to critically re-evaluate the prevailing paradigm of negative effects of ocean acidification on calcifiers. Based on 5153 observations from 985 studies, many calcifiers (e.g., echinoderms, crustaceans, and cephalopods) are found to be tolerant to near-future ocean acidification (pH ≈ 7.8 by the year 2100), but coccolithophores, calcifying algae, and corals appear to be sensitive. Calcifiers are generally more sensitive at the larval stage than adult stage. Over 70% of the observations in growth and calcification are non-negative, implying the acclimation capacity of many calcifiers to ocean acidification. This capacity can be mediated by phenotypic plasticity (e.g., physiological, mineralogical, structural, and molecular adjustments), transgenerational plasticity, increased food availability, or species interactions. The results suggest that the impacts of ocean acidification on calcifiers are less deleterious than initially thought as their adaptability has been underestimated. Therefore, in th",https://doi.org/10.1002/smll.202107407,"(priming OR conditioning OR ""transgenerational plasticity"" OR ""carryover effect"" OR ""developmental programming"" OR hardening OR acclimatization OR ""parental effect"" OR ""epigenetic memory"" OR preconditioning OR ""transgenerational immune priming"") AND (marine OR ocean OR estuarine OR oyster OR mussel OR clam OR scallop OR coral OR abalone OR ""sea urchin"" OR bivalve OR mollusc)"
openalex,hofmann2010,10.1146/annurev.ecolsys.110308.120227,Hofmann,2010,The Effect of Ocean Acidification on Calcifying Organisms in Marine Ecosystems: An Organism-to-Ecosystem Perspective,"Ocean acidification (OA), a consequence of anthropogenic carbon dioxide emissions, poses a serious threat to marine organisms in tropical, open-ocean, coastal, deep-sea, and high-latitude sea ecosystems. The diversity of taxonomic groups that precipitate calcium carbonate from seawater are at particularly high risk. Here we review the rapidly expanding literature concerning the biological and ecological impacts of OA on calcification, using a cross-scale, process-oriented approach. In comparison to calcification, we find that areas such as fertilization, early life-history stages, and interaction with synergistic stressors are understudied. Although understanding the long-term consequences of OA are critical, available studies are largely short-term experiments that do not allow for tests of long-term acclimatization or adaptation. Future research on the phenotypic plasticity of contemporary organisms and interpretations of performance in the context of current environmental heterogeneity of pCO 2 will greatly aid in our understanding of how organisms will respond to OA in the future.",https://doi.org/10.1146/annurev.ecolsys.110308.120227,"(priming OR conditioning OR ""transgenerational plasticity"" OR ""carryover effect"" OR ""developmental programming"" OR hardening OR acclimatization OR ""parental effect"" OR ""epigenetic memory"" OR preconditioning OR ""transgenerational immune priming"") AND (marine OR ocean OR estuarine OR oyster OR mussel OR clam OR scallop OR coral OR abalone OR ""sea urchin"" OR bivalve OR mollusc)"
openalex,ross2016,10.1093/icesjms/fsv254,Ross,2016,Transgenerational responses of molluscs and echinoderms to changing ocean conditions,"Abstract We are beginning to understand how the larvae of molluscs and echinoderms with complex life cycles will be affected by climate change. Early experiments using short-term exposures suggested that larvae in oceans predicted to increase in acidification and temperature will be smaller in size, take longer to develop, and have a greater incidence of abnormal development. More realistic experiments which factored in the complex life cycles of molluscs and echinoderms found impacts not as severe as predicted. This is because the performance of one life history stage led to a significant carryover effect on the subsequent life history stage. Carryover effects that arise within a generation, for example, embryonic and larval stages, can influence juvenile and adult success. Carryover effects can also arise across a generation, known as transgenerational plasticity (TGP). A transgenerational response or TGP can be defined as a phenotypic change in offspring in response to the environmental stress experienced by a parent before fertilization. In the small number of experiments which have measured the transgenerational response of molluscs and echinoderms to elevated CO2, TGP has bee",https://doi.org/10.1093/icesjms/fsv254,"(priming OR conditioning OR ""transgenerational plasticity"" OR ""carryover effect"" OR ""developmental programming"" OR hardening OR acclimatization OR ""parental effect"" OR ""epigenetic memory"" OR preconditioning OR ""transgenerational immune priming"") AND (marine OR ocean OR estuarine OR oyster OR mussel OR clam OR scallop OR coral OR abalone OR ""sea urchin"" OR bivalve OR mollusc)"
openalex,sebille2020,10.1088/1748-9326/ab6d7d,Sebille,2020,The physical oceanography of the transport of floating marine debris,"Abstract Marine plastic debris floating on the ocean surface is a major environmental problem. However, its distribution in the ocean is poorly mapped, and most of the plastic waste estimated to have entered the ocean from land is unaccounted for. Better understanding of how plastic debris is transported from coastal and marine sources is crucial to quantify and close the global inventory of marine plastics, which in turn represents critical information for mitigation or policy strategies. At the same time, plastic is a unique tracer that provides an opportunity to learn more about the physics and dynamics of our ocean across multiple scales, from the Ekman convergence in basin-scale gyres to individual waves in the surfzone. In this review, we comprehensively discuss what is known about the different processes that govern the transport of floating marine plastic debris in both the open ocean and the coastal zones, based on the published literature and referring to insights from neighbouring fields such as oil spill dispersion, marine safety recovery, plankton connectivity, and others. We discuss how measurements of marine plastics (both in situ and in the laboratory), remote sensi",https://doi.org/10.1088/1748-9326/ab6d7d,"(priming OR conditioning OR ""transgenerational plasticity"" OR ""carryover effect"" OR ""developmental programming"" OR hardening OR acclimatization OR ""parental effect"" OR ""epigenetic memory"" OR preconditioning OR ""transgenerational immune priming"") AND (marine OR ocean OR estuarine OR oyster OR mussel OR clam OR scallop OR coral OR abalone OR ""sea urchin"" OR bivalve OR mollusc)"
openalex,liew2018,10.1126/sciadv.aar8028,Liew,2018,Epigenome-associated phenotypic acclimatization to ocean acidification in a reef-building coral,". Furthermore, we find that DNA methylation also reduces transcriptional noise by fine-tuning the expression of highly expressed genes. Analysis of DNA methylation patterns of corals subjected to long-term pH stress showed widespread changes in pathways regulating cell cycle and body size. Correspondingly, we found significant increases in cell and polyp sizes that resulted in more porous skeletons, supporting the hypothesis that linear extension rates are maintained under conditions of reduced calcification. These findings suggest an epigenetic component in phenotypic acclimatization that provides corals with an additional mechanism to cope with environmental change.",https://doi.org/10.1126/sciadv.aar8028,"(priming OR conditioning OR ""transgenerational plasticity"" OR ""carryover effect"" OR ""developmental programming"" OR hardening OR acclimatization OR ""parental effect"" OR ""epigenetic memory"" OR preconditioning OR ""transgenerational immune priming"") AND (marine OR ocean OR estuarine OR oyster OR mussel OR clam OR scallop OR coral OR abalone OR ""sea urchin"" OR bivalve OR mollusc)"
openalex,foerder1977,10.1073/pnas.74.10.4214,Foerder,1977,Release of ovoperoxidase from sea urchin eggs hardens the fertilization membrane with tyrosine crosslinks,"One feature of fertilization is the alteration of the vitelline layer, by components released from the egg, to produce an elevated, covalently crosslinked, hard, insoluble, fertilization membrane. The following evidence indicates that crosslinking and hardening are caused by the production of diand trityrosyl residues, by oxidation of protein-bound tyrosyl residues in the presence of a peroxidase. Hardening of the fertilization membrane, as evidenced by its loss of solubility in 50 mM dithiothreitol, is inhibited by compounds known to inhibit many peroxidases. A peroxidase, here called the ovoperoxidase, is released from eggs at fertilization. This enzyme is inhibited by the same compounds that inhibit hardening and at similar concentrations. Inhibitors of the ovoperoxidase and the hardening reaction include KCN, 3-amino-1,2,4-triazole, NaN(3), phenylhydrazine, K(4)Fe(CN)(6), sodium sulfite, and glycine ethyl ester. In addition, tyramine and N-acetyltyrosine both inhibit hardening, but O-methyltyrosine does not. Dityrosyl and trityrosyl residues are found in acid hydrolysates of isolated, hardened fertilization membranes. These residues have been identified by cellulose phosphate c",https://doi.org/10.1073/pnas.74.10.4214,"(priming OR conditioning OR ""transgenerational plasticity"" OR ""carryover effect"" OR ""developmental programming"" OR hardening OR acclimatization OR ""parental effect"" OR ""epigenetic memory"" OR preconditioning OR ""transgenerational immune priming"") AND (marine OR ocean OR estuarine OR oyster OR mussel OR clam OR scallop OR coral OR abalone OR ""sea urchin"" OR bivalve OR mollusc)"
openalex,utting1997,10.1016/s0044-8486(97)00108-7,Utting,1997,Techniques for the hatchery conditioning of bivalve broodstocks and the subsequent effect on egg quality and larval viability,,https://doi.org/10.1016/s0044-8486(97)00108-7,"(priming OR conditioning OR ""transgenerational plasticity"" OR ""carryover effect"" OR ""developmental programming"" OR hardening OR acclimatization OR ""parental effect"" OR ""epigenetic memory"" OR preconditioning OR ""transgenerational immune priming"") AND (marine OR ocean OR estuarine OR oyster OR mussel OR clam OR scallop OR coral OR abalone OR ""sea urchin"" OR bivalve OR mollusc)"
openalex,lajeunesse2018,10.1016/j.cub.2018.07.008,LaJeunesse,2018,Systematic Revision of Symbiodiniaceae Highlights the Antiquity and Diversity of Coral Endosymbionts,"The advent of molecular data has transformed the science of organizing and studying life on Earth. Genetics-based evidence provides fundamental insights into the diversity, ecology, and origins of many biological systems, including the mutualisms between metazoan hosts and their micro-algal partners. A well-known example is the dinoflagellate endosymbionts (""zooxanthellae"") that power the growth of stony corals and coral reef ecosystems. Once assumed to encompass a single panmictic species, genetic evidence has revealed a divergent and rich diversity within the zooxanthella genus Symbiodinium. Despite decades of reporting on the significance of this diversity, the formal systematics of these eukaryotic microbes have not kept pace, and a major revision is long overdue. With the consideration of molecular, morphological, physiological, and ecological data, we propose that evolutionarily divergent Symbiodinium ""clades"" are equivalent to genera in the family Symbiodiniaceae, and we provide formal descriptions for seven of them. Additionally, we recalibrate the molecular clock for the group and amend the date for the earliest diversification of this family to the middle of the Mesozoic ",https://doi.org/10.1016/j.cub.2018.07.008,"(priming OR conditioning OR ""transgenerational plasticity"" OR ""carryover effect"" OR ""developmental programming"" OR hardening OR acclimatization OR ""parental effect"" OR ""epigenetic memory"" OR preconditioning OR ""transgenerational immune priming"") AND (marine OR ocean OR estuarine OR oyster OR mussel OR clam OR scallop OR coral OR abalone OR ""sea urchin"" OR bivalve OR mollusc)"
openalex,spalding2001,NR,Spalding,2001,World atlas of coral reefs,"Coral reefs are one of the most biologically diverse habitats in the world, host to an extraordinary variety of marine plants and animals. They are also one of the world's most fragile and endangered ecosystems. The growth of mass tourism, combined with the boom in popularity of scuba diving, has brought these spectacular ecosystems to public attention across the planet. Coral reefs provide essential fish habitat, support endangered and threatened species, and harbor protected marine mammals and turtles. They are a significant source of food, provide income and employment through tourism and marine recreation, and offer countless other benefits to humans, including supplying compounds for pharmaceuticals. Yet coral reefs around the world are rapidly being degraded by a number of human activities, such as overfishing, coastal development, and the introduction of sewage, fertilizer, and sediment. World Atlas of Coral Reefs provides the first detailed and definitive account of the current state of our planet's coral reefs. With its wealth of authoritative and up-to-date information, the finest maps available, and detailed descriptive texts and images by leading experts, this full-colo",http://bvbr.bib-bvb.de:8991/F?func=service&amp;doc_library=BVB01&amp;local_base=BVB01&amp;doc_number=010040385&amp;sequence=000002&amp;line_number=0001&amp;func_code=DB_RECORDS&amp;service_type=MEDIA,"(priming OR conditioning OR ""transgenerational plasticity"" OR ""carryover effect"" OR ""developmental programming"" OR hardening OR acclimatization OR ""parental effect"" OR ""epigenetic memory"" OR preconditioning OR ""transgenerational immune priming"") AND (marine OR ocean OR estuarine OR oyster OR mussel OR clam OR scallop OR coral OR abalone OR ""sea urchin"" OR bivalve OR mollusc)"
openalex,bauer2013,10.1038/nature12857,Bauer,2013,The changing carbon cycle of the coastal ocean,,https://doi.org/10.1038/nature12857,"(priming OR conditioning OR ""transgenerational plasticity"" OR ""carryover effect"" OR ""developmental programming"" OR hardening OR acclimatization OR ""parental effect"" OR ""epigenetic memory"" OR preconditioning OR ""transgenerational immune priming"") AND (marine OR ocean OR estuarine OR oyster OR mussel OR clam OR scallop OR coral OR abalone OR ""sea urchin"" OR bivalve OR mollusc)"
openalex,bishop2017,10.1016/j.jembe.2017.01.021,Bishop,2017,Effects of ocean sprawl on ecological connectivity: impacts and solutions,"The growing number of artificial structures in estuarine, coastal and marine environments is causing “ocean sprawl”. Artificial structures do not only modify marine and coastal ecosystems at the sites of their placement, but may also produce larger-scale impacts through their alteration of ecological connectivity - the movement of organisms, materials and energy between habitat units within seascapes. Despite the growing awareness of the capacity of ocean sprawl to influence ecological connectivity, we lack a comprehensive understanding of how artificial structures modify ecological connectivity in near- and off-shore environments, and when and where their effects on connectivity are greatest. We review the mechanisms by which ocean sprawl may modify ecological connectivity, including trophic connectivity associated with the flow of nutrients and resources. We also review demonstrated, inferred and likely ecological impacts of such changes to connectivity, at scales from genes to ecosystems, and potential strategies of management for mitigating these effects. Ocean sprawl may alter connectivity by: (1) creating barriers to the movement of some organisms and resources - by adding ph",https://doi.org/10.1016/j.jembe.2017.01.021,"(priming OR conditioning OR ""transgenerational plasticity"" OR ""carryover effect"" OR ""developmental programming"" OR hardening OR acclimatization OR ""parental effect"" OR ""epigenetic memory"" OR preconditioning OR ""transgenerational immune priming"") AND (marine OR ocean OR estuarine OR oyster OR mussel OR clam OR scallop OR coral OR abalone OR ""sea urchin"" OR bivalve OR mollusc)"
openalex,sunda1997,10.1038/37093,Sunda,1997,"Interrelated influence of iron, light and cell size on marine phytoplankton growth",,https://doi.org/10.1038/37093,"(priming OR conditioning OR ""transgenerational plasticity"" OR ""carryover effect"" OR ""developmental programming"" OR hardening OR acclimatization OR ""parental effect"" OR ""epigenetic memory"" OR preconditioning OR ""transgenerational immune priming"") AND (marine OR ocean OR estuarine OR oyster OR mussel OR clam OR scallop OR coral OR abalone OR ""sea urchin"" OR bivalve OR mollusc)"
openalex,landrigan2020,10.5334/aogh.2831,Landrigan,2020,Human Health and Ocean Pollution,"Background: Pollution - unwanted waste released to air, water, and land by human activity - is the largest environmental cause of disease in the world today. It is responsible for an estimated nine million premature deaths per year, enormous economic losses, erosion of human capital, and degradation of ecosystems. Ocean pollution is an important, but insufficiently recognized and inadequately controlled component of global pollution. It poses serious threats to human health and well-being. The nature and magnitude of these impacts are only beginning to be understood. Goals: (1) Broadly examine the known and potential impacts of ocean pollution on human health. (2) Inform policy makers, government leaders, international organizations, civil society, and the global public of these threats. (3) Propose priorities for interventions to control and prevent pollution of the seas and safeguard human health. Methods: Topic-focused reviews that examine the effects of ocean pollution on human health, identify gaps in knowledge, project future trends, and offer evidence-based guidance for effective intervention. Environmental Findings: Pollution of the oceans is widespread, worsening, and in m",https://doi.org/10.5334/aogh.2831,"(priming OR conditioning OR ""transgenerational plasticity"" OR ""carryover effect"" OR ""developmental programming"" OR hardening OR acclimatization OR ""parental effect"" OR ""epigenetic memory"" OR preconditioning OR ""transgenerational immune priming"") AND (marine OR ocean OR estuarine OR oyster OR mussel OR clam OR scallop OR coral OR abalone OR ""sea urchin"" OR bivalve OR mollusc)"
openalex,putnam2015,10.1242/jeb.123018,Putnam,2015,Preconditioning in the reef-building coral<i>Pocillopora damicornis</i>and the potential for trans-generational acclimatization in coral larvae under future climate change conditions,"Coral reefs are globally threatened by climate change-related ocean warming and ocean acidification (OA). To date, slow-response mechanisms such as genetic adaptation have been considered the major determinant of coral reef persistence, with little consideration of rapid-response acclimatization mechanisms. These rapid mechanisms such as parental effects that can contribute to trans-generational acclimatization (e.g. epigenetics) have, however, been identified as important contributors to offspring response in other systems. We present the first evidence of parental effects in a cross-generational exposure to temperature and OA in reef-building corals. Here, we exposed adults to high (28.9°C, 805 µatm P(CO2)) or ambient (26.5°C, 417 µatm P(CO2)) temperature and OA treatments during the larval brooding period. Exposure to high treatment negatively affected adult performance, but their larvae exhibited size differences and metabolic acclimation when subsequently re-exposed, unlike larvae from parents exposed to ambient conditions. Understanding the innate capacity corals possess to respond to current and future climatic conditions is essential to reef protection and maintenance. Our ",https://doi.org/10.1242/jeb.123018,"(priming OR conditioning OR ""transgenerational plasticity"" OR ""carryover effect"" OR ""developmental programming"" OR hardening OR acclimatization OR ""parental effect"" OR ""epigenetic memory"" OR preconditioning OR ""transgenerational immune priming"") AND (marine OR ocean OR estuarine OR oyster OR mussel OR clam OR scallop OR coral OR abalone OR ""sea urchin"" OR bivalve OR mollusc)"
openalex,haney1971,10.1175/1520-0485(1971)001<0241:stbcfo>2.0.co;2,Haney,1971,Surface Thermal Boundary Condition for Ocean Circulation Models,"By employing a heat budget analysis appropriate to zonally and time averaged conditions within the atmosphere, it is shown that the net downward heat flux Q at the ocean's surface can be expressed as Q = Q2 (TA*–Ts), where TA* is an apparent atmospheric equilibrium temperature, Ts the sea surface temperature, and Q2 a coefficient determined from the zonally and time averaged data. The latter coefficient, which is of the order of 70 ly day−1 (°C)−1, varies with latitude by as much as 20%. It is suggested that the use of the above relation as a flux-type thermal boundary condition would allow for large-scale thermal coupling of ocean and atmosphere. The more common use of specified Ts as a boundary condition clearly does not allow for such coupling.",https://doi.org/10.1175/1520-0485(1971)001<0241:stbcfo>2.0.co;2,"(priming OR conditioning OR ""transgenerational plasticity"" OR ""carryover effect"" OR ""developmental programming"" OR hardening OR acclimatization OR ""parental effect"" OR ""epigenetic memory"" OR preconditioning OR ""transgenerational immune priming"") AND (marine OR ocean OR estuarine OR oyster OR mussel OR clam OR scallop OR coral OR abalone OR ""sea urchin"" OR bivalve OR mollusc)"
openalex,waldbusser2015,10.1371/journal.pone.0128376,Waldbusser,2015,Ocean Acidification Has Multiple Modes of Action on Bivalve Larvae,"Ocean acidification (OA) is altering the chemistry of the world's oceans at rates unparalleled in the past roughly 1 million years. Understanding the impacts of this rapid change in baseline carbonate chemistry on marine organisms needs a precise, mechanistic understanding of physiological responses to carbonate chemistry. Recent experimental work has shown shell development and growth in some bivalve larvae, have direct sensitivities to calcium carbonate saturation state that is not modulated through organismal acid-base chemistry. To understand different modes of action of OA on bivalve larvae, we experimentally tested how pH, PCO2, and saturation state independently affect shell growth and development, respiration rate, and initiation of feeding in Mytilus californianus embryos and larvae. We found, as documented in other bivalve larvae, that shell development and growth were affected by aragonite saturation state, and not by pH or PCO2. Respiration rate was elevated under very low pH (~7.4) with no change between pH of ~ 8.3 to ~7.8. Initiation of feeding appeared to be most sensitive to PCO2, and possibly minor response to pH under elevated PCO2. Although different components ",https://doi.org/10.1371/journal.pone.0128376,"(priming OR conditioning OR ""transgenerational plasticity"" OR ""carryover effect"" OR ""developmental programming"" OR hardening OR acclimatization OR ""parental effect"" OR ""epigenetic memory"" OR preconditioning OR ""transgenerational immune priming"") AND (marine OR ocean OR estuarine OR oyster OR mussel OR clam OR scallop OR coral OR abalone OR ""sea urchin"" OR bivalve OR mollusc)"
openalex,gates1999,10.1093/icb/39.1.30,Gates,1999,The Physiological Mechanisms of Acclimatization in Tropical Reef Corals,"SYNOPSIS. The ability of scleractinian corals to survive changes that are predicted in the global environment over the next century will lie in their physiological mechanisms of acclimatization. Corals display rapid modifications in behavior, morphology and physiology enabling them to photoacclimate to changing light conditions, a scenario that demonstrates considerable biological flexibility. Here we argue that the acclimatization mechanisms in corals are fundamentally similar to those exhibited by other invertebrate taxa. We discuss protein metabolism as a mechanism underlying acclimatization responses in reef corals, and explore the relationship between protein turnover, metabolic rate, growth rate, and acclimatization capacity. Our preliminary analyses suggest that corals with low growth rates (μCa/mgN/h) and high metabolic rates (μO2/cm2/hr), such as the massive species, acclimatize more effectively than those with high growth rates and low metabolic rates, a feature that is characteristic of branching species. We conclude that studies of protein turnover, combined with temporally relevant investigations into the dynamic aspects of coral dinoflagellate symbioses will provide c",https://doi.org/10.1093/icb/39.1.30,"(priming OR conditioning OR ""transgenerational plasticity"" OR ""carryover effect"" OR ""developmental programming"" OR hardening OR acclimatization OR ""parental effect"" OR ""epigenetic memory"" OR preconditioning OR ""transgenerational immune priming"") AND (marine OR ocean OR estuarine OR oyster OR mussel OR clam OR scallop OR coral OR abalone OR ""sea urchin"" OR bivalve OR mollusc)"
openalex,lannig2010,10.3390/md8082318,Lannig,2010,"Impact of Ocean Acidification on Energy Metabolism of Oyster, Crassostrea gigas—Changes in Metabolic Pathways and Thermal Response","Climate change with increasing temperature and ocean acidification (OA) poses risks for marine ecosystems. According to Pörtner and Farrell, synergistic effects of elevated temperature and CO₂-induced OA on energy metabolism will narrow the thermal tolerance window of marine ectothermal animals. To test this hypothesis, we investigated the effect of an acute temperature rise on energy metabolism of the oyster, Crassostrea gigas chronically exposed to elevated CO₂ levels (partial pressure of CO₂ in the seawater ~0.15 kPa, seawater pH ~ 7.7). Within one month of incubation at elevated PCo₂ and 15 °C hemolymph pH fell (pH(e) = 7.1 ± 0.2 (CO₂-group) vs. 7.6 ± 0.1 (control)) and P(e)CO₂ values in hemolymph increased (0.5 ± 0.2 kPa (CO₂-group) vs. 0.2 ± 0.04 kPa (control)). Slightly but significantly elevated bicarbonate concentrations in the hemolymph of CO₂-incubated oysters ([HCO₃⁻](e) = 1.8 ± 0.3 mM (CO₂-group) vs. 1.3 ± 0.1 mM (control)) indicate only minimal regulation of extracellular acid-base status. At the acclimation temperature of 15 °C the OA-induced decrease in pH(e) did not lead to metabolic depression in oysters as standard metabolism rates (SMR) of CO₂-exposed oysters we",https://doi.org/10.3390/md8082318,"(priming OR conditioning OR ""transgenerational plasticity"" OR ""carryover effect"" OR ""developmental programming"" OR hardening OR acclimatization OR ""parental effect"" OR ""epigenetic memory"" OR preconditioning OR ""transgenerational immune priming"") AND (marine OR ocean OR estuarine OR oyster OR mussel OR clam OR scallop OR coral OR abalone OR ""sea urchin"" OR bivalve OR mollusc)"
openalex,blunt2015,10.1039/c4np00144c,Blunt,2015,Marine natural products,"This review covers the literature published in 2013 for marine natural products (MNPs), with 982 citations (644 for the period January to December 2013) referring to compounds isolated from marine microorganisms and phytoplankton, green, brown and red algae, sponges, cnidarians, bryozoans, molluscs, tunicates, echinoderms, mangroves and other intertidal plants and microorganisms. The emphasis is on new compounds (1163 for 2013), together with the relevant biological activities, source organisms and country of origin. Reviews, biosynthetic studies, first syntheses, and syntheses that lead to the revision of structures or stereochemistries, have been included.",https://doi.org/10.1039/c4np00144c,"(priming OR conditioning OR ""transgenerational plasticity"" OR ""carryover effect"" OR ""developmental programming"" OR hardening OR acclimatization OR ""parental effect"" OR ""epigenetic memory"" OR preconditioning OR ""transgenerational immune priming"") AND (marine OR ocean OR estuarine OR oyster OR mussel OR clam OR scallop OR coral OR abalone OR ""sea urchin"" OR bivalve OR mollusc)"
openalex,norcross1984,10.1577/1548-8659(1984)113<153:oaetof>2.0.co;2,Norcross,1984,Oceanic and Estuarine Transport of Fish Eggs and Larvae: A Review,"Oceanic or coastal spawning grounds of fish are often distant from nursery areas. Fish larvae require appropriate currents and sufficient and suitable food during transit to reach the nursery area at the proper time, size, and condition. Meteorologic and oceanographic factors influence food availability and transport direction and time. Annual variation in these controlling factors could affect recruitment success. Certain generalizations can be made that apply to marine and estuarine systems. Reproduction occurs in a selected portion of the speciesˈ total range. Spawning often takes place close to gyral, upwelling, or other directional circulations that frequently are associated with major current systems. The coupling of spawning to natural oceanographic transport systems for eggs and larvae is advantageous to a species as long as those systems operate normally. The details of such coupling, and the consequences for eggs and larvae of deviations from usual transport mechanisms, remain poorly understood. Investigation of year-class success requires a clearer understanding of the natural variability and periodicity inherent in these physical processes. Further research is needed to",https://doi.org/10.1577/1548-8659(1984)113<153:oaetof>2.0.co;2,"(priming OR conditioning OR ""transgenerational plasticity"" OR ""carryover effect"" OR ""developmental programming"" OR hardening OR acclimatization OR ""parental effect"" OR ""epigenetic memory"" OR preconditioning OR ""transgenerational immune priming"") AND (marine OR ocean OR estuarine OR oyster OR mussel OR clam OR scallop OR coral OR abalone OR ""sea urchin"" OR bivalve OR mollusc)"
openalex,duarte2013,10.1007/s12237-013-9594-3,Duarte,2013,Is Ocean Acidification an Open-Ocean Syndrome? Understanding Anthropogenic Impacts on Seawater pH,"Ocean acidification due to anthropogenic CO 2 emissions is a dominant driver of long-term changes in pH in the open ocean, raising concern for the future of calcifying organisms, many of which are present in coastal habitats. However, changes in pH in coastal ecosystems result from a multitude of drivers, including impacts from watershed processes, nutrient inputs, and changes in ecosystem structure and metabolism. Interaction between ocean acidification due to anthropogenic CO 2 emissions and the dynamic regional to local drivers of coastal ecosystems have resulted in complex regulation of pH in coastal waters. Changes in the watershed can, for example, lead to changes in alkalinity and CO 2 fluxes that, together with metabolic processes and oceanic dynamics, yield high-magnitude decadal changes of up to 0.5 units in coastal pH. Metabolism results in strong diel to seasonal fluctuations in pH, with characteristic ranges of 0.3 pH units, with metabolically intense habitats exceeding this range on a daily basis. The intense variability and multiple, complex controls on pH implies that the concept of ocean acidification due to anthropogenic CO 2 emissions cannot be transposed to coas",https://doi.org/10.1007/s12237-013-9594-3,"(priming OR conditioning OR ""transgenerational plasticity"" OR ""carryover effect"" OR ""developmental programming"" OR hardening OR acclimatization OR ""parental effect"" OR ""epigenetic memory"" OR preconditioning OR ""transgenerational immune priming"") AND (marine OR ocean OR estuarine OR oyster OR mussel OR clam OR scallop OR coral OR abalone OR ""sea urchin"" OR bivalve OR mollusc)"
openalex,irvine1986,10.1042/bj2400917,Irvine,1986,"Micro-injection of inositol 1,3,4,5-tetrakisphosphate activates sea urchin eggs by a mechanism dependent on external Ca2+","Micro-injection of submicromolar concentrations of inositol 1,3,4,5-tetrakisphosphate caused a raising of the fertilization envelope in eggs of the sea urchin Lytechinus variegatus. This effect was dependent both on the presence of extracellular Ca2+ and on co-injection with a Ca2+-mobilizing compound, inositol 2,4,5-trisphosphate. Inositol 1,3,4,5-tetrakisphosphate was the most potent compound tested in this assay; removal of the 3- or 5-phosphates or randomization of the phosphates in the inositol ring decreased its potency. These results show that inositol 1,3,4,5-tetrakisphosphate is an intracellular second messenger, and suggest that its function is to control cellular Ca2+ homoeostasis at the plasma membrane.",https://doi.org/10.1042/bj2400917,"(priming OR conditioning OR ""transgenerational plasticity"" OR ""carryover effect"" OR ""developmental programming"" OR hardening OR acclimatization OR ""parental effect"" OR ""epigenetic memory"" OR preconditioning OR ""transgenerational immune priming"") AND (marine OR ocean OR estuarine OR oyster OR mussel OR clam OR scallop OR coral OR abalone OR ""sea urchin"" OR bivalve OR mollusc)"
openalex,simakov2012,10.1038/nature11696,Simakov,2012,Insights into bilaterian evolution from three spiralian genomes,"Comparative analysis of the genomes of one mollusc (Lottia gigantea) and two annelids (Capitella teleta and Helobdella robusta) enable a more complete reconstruction of genomic features of the last common ancestors of protostomes, bilaterians and metazoans; against this conserved background they provide the first glimpse into lineage-specific evolution and diversity of the lophotrochozoans. This paper presents the draft genome sequences of two annelids — a freshwater leech (Helobdella robusta) and a bristly, segmented marine worm (Capitella teleta) — and a mollusc, the owl limpet (Lottia gigantea). These two phyla account for nearly one-third of known marine species and are of importance both ecologically and as experimental systems, yet they have not been served well by genomics efforts. Comparison of these genomes with those already available reveal some of the genetic changes linked to the origin and diversification of bilateral animals that are thought to have evolved during the 'Cambrian explosion' of multicellular life around 500 million years ago. Current genomic perspectives on animal diversity neglect two prominent phyla, the molluscs and annelids, that together account fo",https://doi.org/10.1038/nature11696,"(priming OR conditioning OR ""transgenerational plasticity"" OR ""carryover effect"" OR ""developmental programming"" OR hardening OR acclimatization OR ""parental effect"" OR ""epigenetic memory"" OR preconditioning OR ""transgenerational immune priming"") AND (marine OR ocean OR estuarine OR oyster OR mussel OR clam OR scallop OR coral OR abalone OR ""sea urchin"" OR bivalve OR mollusc)"
openalex,zenetos2010,10.12681/mms.87,Zenetos,2010,Alien species in the Mediterranean Sea by 2010. A contribution to the application of European Union’s Marine Strategy Framework Directive (MSFD). Part I. Spatial distribution,"The state-of-art on alien species in the Mediterranean Sea is presented, making distinctions among the four subregions defined in the EU Marine Strategy Framework Directive: (i) the Western Mediterranean Sea (WMED); (ii) the Central Mediterranean Sea (CMED); (iii) the Adriatic Sea (ADRIA); and (iv) the Eastern Mediterranean Sea (EMED). The updated checklist (December 2010) of marine alien species within each subregion, along with their acclimatization status and origin, is provided. A total of 955 alien species is known in the Mediterranean, the vast majority of them having being introduced in the EMED (718), less in the WMED (328) and CMED (267) and least in the Adriatic (171). Of these, 535 species (56%) are established in at least one area.Despite the collective effort of experts who attempted in this work, the number of introduced species remains probably underestimated. Excluding microalgae, for which knowledge is still insufficient, aliens have increased the total species richness of the Mediterranean Sea by 5.9%. This figure should not be directly read as an indication of higher biodiversity, as spreading of so many aliens within the basin is possibly causing biotic homogeni",https://doi.org/10.12681/mms.87,"(priming OR conditioning OR ""transgenerational plasticity"" OR ""carryover effect"" OR ""developmental programming"" OR hardening OR acclimatization OR ""parental effect"" OR ""epigenetic memory"" OR preconditioning OR ""transgenerational immune priming"") AND (marine OR ocean OR estuarine OR oyster OR mussel OR clam OR scallop OR coral OR abalone OR ""sea urchin"" OR bivalve OR mollusc)"
openalex,olivier2018,10.1111/raq.12301,Olivier,2018,A global review of the ecosystem services provided by bivalve aquaculture,"Abstract Bivalve shellfish aquaculture provides many benefits to society, beyond their traditional market value. This study collates the evidence available on the provisioning, regulating and cultural ecosystem services provided by the bivalve species commonly used in aquaculture. For the first time, it synthesises this evidence to provide a global assessment of the potential market and non‐market economic value of bivalve aquaculture. Bivalves are filter feeders, filtering water and particulates, creating substrates which provide habitat to act as nursery grounds for other species. Goods from provisioning services include meat, worth an estimated $23.9 billion as well as, pearls, shell and poultry grit, with oyster shell being the most important, with a global potential worth of $5.2 billion. The most important regulating services are nutrient remediation. Cultivated bivalves remove 49,000 tonnes of nitrogen and 6,000 tonnes of phosphorus, worth a potential $1.20 billion. Currently, there is little evidence on the cultural services per year of bivalve aquaculture, but we argue that these cultural values are broad ranging, although difficult to quantify. Our assessment indicates th",https://doi.org/10.1111/raq.12301,"(priming OR conditioning OR ""transgenerational plasticity"" OR ""carryover effect"" OR ""developmental programming"" OR hardening OR acclimatization OR ""parental effect"" OR ""epigenetic memory"" OR preconditioning OR ""transgenerational immune priming"") AND (marine OR ocean OR estuarine OR oyster OR mussel OR clam OR scallop OR coral OR abalone OR ""sea urchin"" OR bivalve OR mollusc)"
openalex,rogers1990,10.3354/meps062185,Rogers,1990,Responses of coral reefs and reef organisms to sedimentation,"Unprecedented development along tropical shorelines is causing severe degradation of coral reefs primarily from increases in sedimentation. Sediment particles smother reef organisms and reduce light available for photosynthesis. Excessive sedmentation can adversely affect the structure and function of the coral reef ecosystem by altering both physical and biological processes. Mean sediment rates and suspended sediment concentrations for reefs not subject to stresses from human activities are < 1 to ca 10 mg cm-* d-' and < 10 mg I-', respectively. Chronic rates and concentrations above these values are 'hlgh'. Heavy sedmentation is associated with fewer coral species, less live coral, lower coral growth rates, greater abundance of branching forms, reduced coral recruitment, decreased calcification, decreased net productivity of corals, and slower rates of reef accretion. Coral species have different capabilities of clearing themselves of sediment particles or surviving lower light levels. Sedlment rejection is a function of morphology, orientation, growth habit, and behavior; and of the amount and type of s e l m e n t . Coral growth rates are not simple indicators of sediment leve",https://doi.org/10.3354/meps062185,"(priming OR conditioning OR ""transgenerational plasticity"" OR ""carryover effect"" OR ""developmental programming"" OR hardening OR acclimatization OR ""parental effect"" OR ""epigenetic memory"" OR preconditioning OR ""transgenerational immune priming"") AND (marine OR ocean OR estuarine OR oyster OR mussel OR clam OR scallop OR coral OR abalone OR ""sea urchin"" OR bivalve OR mollusc)"
openalex,wassmann2010,10.1111/j.1365-2486.2010.02311.x,Wassmann,2010,Footprints of climate change in the Arctic marine ecosystem,"Abstract In this article, we review evidence of how climate change has already resulted in clearly discernable changes in marine Arctic ecosystems. After defining the term ‘footprint’ and evaluating the availability of reliable baseline information we review the published literature to synthesize the footprints of climate change impacts in marine Arctic ecosystems reported as of mid‐2009. We found a total of 51 reports of documented changes in Arctic marine biota in response to climate change. Among the responses evaluated were range shifts and changes in abundance, growth/condition, behaviour/phenology and community/regime shifts. Most reports concerned marine mammals, particularly polar bears, and fish. The number of well‐documented changes in planktonic and benthic systems was surprisingly low. Evident losses of endemic species in the Arctic Ocean, and in ice algae production and associated community remained difficult to evaluate due to the lack of quantitative reports of its abundance and distribution. Very few footprints of climate change were reported in the literature from regions such as the wide Siberian shelf and the central Arctic Ocean due to the limited research effor",https://doi.org/10.1111/j.1365-2486.2010.02311.x,"(priming OR conditioning OR ""transgenerational plasticity"" OR ""carryover effect"" OR ""developmental programming"" OR hardening OR acclimatization OR ""parental effect"" OR ""epigenetic memory"" OR preconditioning OR ""transgenerational immune priming"") AND (marine OR ocean OR estuarine OR oyster OR mussel OR clam OR scallop OR coral OR abalone OR ""sea urchin"" OR bivalve OR mollusc)"
openalex,smith2022,10.1146/annurev-marine-032122-121437,Smith,2022,Biological Impacts of Marine Heatwaves,"Climatic extremes are becoming increasingly common against a background trend of global warming. In the oceans, marine heatwaves (MHWs)-discrete periods of anomalously warm water-have intensified and become more frequent over the past century, impacting the integrity of marine ecosystems globally. We review and synthesize current understanding of MHW impacts at the individual, population, and community levels. We then examine how these impacts affect broader ecosystem services and discuss the current state of research on biological impacts of MHWs. Finally, we explore current and emergent approaches to predicting the occurrence andimpacts of future events, along with adaptation and management approaches. With further increases in intensity and frequency projected for coming decades, MHWs are emerging as pervasive stressors to marine ecosystems globally. A deeper mechanistic understanding of their biological impacts is needed to better predict and adapt to increased MHW activity in the Anthropocene.",https://doi.org/10.1146/annurev-marine-032122-121437,"(priming OR conditioning OR ""transgenerational plasticity"" OR ""carryover effect"" OR ""developmental programming"" OR hardening OR acclimatization OR ""parental effect"" OR ""epigenetic memory"" OR preconditioning OR ""transgenerational immune priming"") AND (marine OR ocean OR estuarine OR oyster OR mussel OR clam OR scallop OR coral OR abalone OR ""sea urchin"" OR bivalve OR mollusc)"
openalex,pacanowski1981,10.1175/1520-0485(1981)011<1443:povmin>2.0.co;2,Pacanowski,1981,Parameterization of Vertical Mixing in Numerical Models of Tropical Oceans,"Measurements indicate that mixing processes are intense in the surface layers of the ocean but weak below the thermocline, except for the region below the core of the Equatorial Undercurrent where vertical temperature gradients are small and the shear is large. Parameterization of these mixing processes by means of coefficients of eddy mixing that are Richardson-number dependent, leads to realistic simulations of the response of the equatorial oceans to different windstress patterns. In the case of eastward winds results agree well with measurements in the Indian Ocean. In the case of westward winds it is of paramount importance that the nonzero heat flux into the ocean be taken into account. This beat flux stabilizes the upper layers and reduces the intensity of the mixing, especially in the cast. With an appropriate surface boundary condition, the results are relatively insensitive to values assigned to constants in the parameterization formula.",https://doi.org/10.1175/1520-0485(1981)011<1443:povmin>2.0.co;2,"(priming OR conditioning OR ""transgenerational plasticity"" OR ""carryover effect"" OR ""developmental programming"" OR hardening OR acclimatization OR ""parental effect"" OR ""epigenetic memory"" OR preconditioning OR ""transgenerational immune priming"") AND (marine OR ocean OR estuarine OR oyster OR mussel OR clam OR scallop OR coral OR abalone OR ""sea urchin"" OR bivalve OR mollusc)"
openalex,levy2013,10.5194/amt-6-2989-2013,Levy,2013,The Collection 6 MODIS aerosol products over land and ocean,"Abstract. The twin Moderate resolution Imaging Spectroradiometer (MODIS) sensors have been flying on Terra since 2000 and Aqua since 2002, creating an extensive data set of global Earth observations. Here, we introduce the Collection 6 (C6) algorithm to retrieve aerosol optical depth (AOD) and aerosol size parameters from MODIS-observed spectral reflectance. While not a major overhaul from the previous Collection 5 (C5) version, there are enough changes that there are significant impacts to the products and their interpretation. The C6 aerosol data set will be created from three separate retrieval algorithms that operate over different surface types. These are the two ""Dark Target"" (DT) algorithms for retrieving (1) over ocean (dark in visible and longer wavelengths) and (2) over vegetated/dark-soiled land (dark in the visible), plus the ""Deep Blue"" (DB) algorithm developed originally for retrieving (3) over desert/arid land (bright in the visible). Here, we focus on DT-ocean and DT-land (#1 and #2). We have updated assumptions for central wavelengths, Rayleigh optical depths and gas (H2O, O3, CO2, etc.) absorption corrections, while relaxing the solar zenith angle limit (up to ≤ 8",https://doi.org/10.5194/amt-6-2989-2013,"(priming OR conditioning OR ""transgenerational plasticity"" OR ""carryover effect"" OR ""developmental programming"" OR hardening OR acclimatization OR ""parental effect"" OR ""epigenetic memory"" OR preconditioning OR ""transgenerational immune priming"") AND (marine OR ocean OR estuarine OR oyster OR mussel OR clam OR scallop OR coral OR abalone OR ""sea urchin"" OR bivalve OR mollusc)"
openalex,arzul2017,10.1016/j.jip.2017.01.009,Arzul,2017,Viruses infecting marine molluscs,,https://doi.org/10.1016/j.jip.2017.01.009,"(priming OR conditioning OR ""transgenerational plasticity"" OR ""carryover effect"" OR ""developmental programming"" OR hardening OR acclimatization OR ""parental effect"" OR ""epigenetic memory"" OR preconditioning OR ""transgenerational immune priming"") AND (marine OR ocean OR estuarine OR oyster OR mussel OR clam OR scallop OR coral OR abalone OR ""sea urchin"" OR bivalve OR mollusc)"
openalex,destoumieuxgarzn2020,10.1111/1462-2920.15055,Destoumieux‐Garzón,2020,<i>Vibrio</i> –bivalve interactions in health and disease,"In the marine environment, bivalve mollusks constitute habitats for bacteria of the Vibrionaceae family. Vibrios belong to the microbiota of healthy oysters and mussels, which have the ability to concentrate bacteria in their tissues and body fluids, including the hemolymph. Remarkably, these important aquaculture species respond differently to infectious diseases. While oysters are the subject of recurrent mass mortalities at different life stages, mussels appear rather resistant to infections. Thus, Vibrio species are associated with the main diseases affecting the worldwide oyster production. Here, we review the current knowledge on Vibrio-bivalve interaction in oysters (Crassostrea sp.) and mussels (Mytilus sp.). We discuss the transient versus stable associations of vibrios with their bivalve hosts as well as technical issues limiting the monitoring of these bacteria in bivalve health and disease. Based on the current knowledge of oyster/mussel immunity and their interactions with Vibrio species pathogenic for oyster, we discuss how differences in immune effectors could contribute to the higher resistance of mussels to infections. Finally, we review the multiple strategies evo",https://doi.org/10.1111/1462-2920.15055,"(priming OR conditioning OR ""transgenerational plasticity"" OR ""carryover effect"" OR ""developmental programming"" OR hardening OR acclimatization OR ""parental effect"" OR ""epigenetic memory"" OR preconditioning OR ""transgenerational immune priming"") AND (marine OR ocean OR estuarine OR oyster OR mussel OR clam OR scallop OR coral OR abalone OR ""sea urchin"" OR bivalve OR mollusc)"
openalex,riet2011,10.1093/jaoac/94.4.1154,Riet,2011,"Liquid Chromatography Post-Column Oxidation (PCOX) Method for the Determination of Paralytic Shellfish Toxins in Mussels, Clams, Oysters, and Scallops: Collaborative Study","Sixteen laboratories participated in a collaborative study to evaluate method performance parameters of a liquid chromatographic method of analysis for paralytic shellfish toxins (PST) in blue mussels (Mytilus edulis), soft shell clams (Mya arenaria), sea scallops (Placopectin magellanicus), and American oysters (Crassostrea virginicus). The specific analogs tested included saxitoxin, neosaxitoxin, gonyautoxins-1 to -5, decarbamoyl-gonyautoxins-2 and -3, decarbamoyl-saxitoxin, and N-sulfocarbamoyl-gonyautoxin-2 and -3. This instrumental technique has been developed as a replacement for the current AOAC biological method (AOAC Official Method 959.08) and an alternative to the pre-column oxidation LC method (AOAC Official Method 2005.06). The method is based on reversed-phase liquid chromatography with post-column oxidation and fluorescence detection (excitation 330 nm and emission 390 nm). The shellfish samples used in the study were prepared from the edible tissues of clams, mussels, oysters, and scallops to contain concentrations of PST representative of low, medium, and high toxicities and with varying profiles of individual toxins. These concentrations are approximately equivale",https://doi.org/10.1093/jaoac/94.4.1154,"(priming OR conditioning OR ""transgenerational plasticity"" OR ""carryover effect"" OR ""developmental programming"" OR hardening OR acclimatization OR ""parental effect"" OR ""epigenetic memory"" OR preconditioning OR ""transgenerational immune priming"") AND (marine OR ocean OR estuarine OR oyster OR mussel OR clam OR scallop OR coral OR abalone OR ""sea urchin"" OR bivalve OR mollusc)"
openalex,glynn1993,10.1007/bf00303779,Glynn,1993,Coral reef bleaching: ecological perspectives,,https://doi.org/10.1007/bf00303779,"(priming OR conditioning OR ""transgenerational plasticity"" OR ""carryover effect"" OR ""developmental programming"" OR hardening OR acclimatization OR ""parental effect"" OR ""epigenetic memory"" OR preconditioning OR ""transgenerational immune priming"") AND (marine OR ocean OR estuarine OR oyster OR mussel OR clam OR scallop OR coral OR abalone OR ""sea urchin"" OR bivalve OR mollusc)"
openalex,andersson2012,10.1146/annurev-marine-121211-172241,Andersson,2012,"Ocean Acidification and Coral Reefs: Effects on Breakdown, Dissolution, and Net Ecosystem Calcification","The persistence of carbonate structures on coral reefs is essential in providing habitats for a large number of species and maintaining the extraordinary biodiversity associated with these ecosystems. As a consequence of ocean acidification (OA), the ability of marine calcifiers to produce calcium carbonate (CaCO(3)) and their rate of CaCO(3) production could decrease while rates of bioerosion and CaCO(3) dissolution could increase, resulting in a transition from a condition of net accretion to one of net erosion. This would have negative consequences for the role and function of coral reefs and the eco-services they provide to dependent human communities. In this article, we review estimates of bioerosion, CaCO(3) dissolution, and net ecosystem calcification (NEC) and how these processes will change in response to OA. Furthermore, we critically evaluate the observed relationships between NEC and seawater aragonite saturation state (Ω(a)). Finally, we propose that standardized NEC rates combined with observed changes in the ratios of dissolved inorganic carbon to total alkalinity owing to net reef metabolism may provide a biogeochemical tool to monitor the effects of OA in coral re",https://doi.org/10.1146/annurev-marine-121211-172241,"(priming OR conditioning OR ""transgenerational plasticity"" OR ""carryover effect"" OR ""developmental programming"" OR hardening OR acclimatization OR ""parental effect"" OR ""epigenetic memory"" OR preconditioning OR ""transgenerational immune priming"") AND (marine OR ocean OR estuarine OR oyster OR mussel OR clam OR scallop OR coral OR abalone OR ""sea urchin"" OR bivalve OR mollusc)"
openalex,grant1998,10.1093/jhered/89.5.415,Grant,1998,Shallow population histories in deep evolutionary lineages of marine fishes: insights from sardines and anchovies and lessons for conservation,"Most surveys of mitochondrial DNA (mtDNA) in marine fishes reveal low levels of sequence divergence between haplotypes relative to the differentiation observed between sister taxa. It is unclear whether this pattern is due to rapid lineage sorting accelerated by sweepstakes recruitment, historical bottlenecks in population size, founder events, or natural selection, any of which could retard the accumulation of deep mtDNA lineages. Recent advances in paleoclimate research prompt a reexamination of oceanographic processes as a fundamental influence on genetic diversity; evidence from ice cores and anaerobic marine sediments document strong regime shifts in the world's oceans in concert with periodic climatic changes. These changes in sea surface temperatures, current pathways, upwelling intensities, and retention eddies are likely harbingers of severe fluctuations in population size or regional extinctions. Sardines (Sardina, Sardinops) and anchovies (Engraulis) are used to assess the consequences of such oceanographic processes on marine fish intrageneric gene genealogies. Representatives of these two groups occur in temperate boundary currents on a global scale, and these regional",https://doi.org/10.1093/jhered/89.5.415,"(priming OR conditioning OR ""transgenerational plasticity"" OR ""carryover effect"" OR ""developmental programming"" OR hardening OR acclimatization OR ""parental effect"" OR ""epigenetic memory"" OR preconditioning OR ""transgenerational immune priming"") AND (marine OR ocean OR estuarine OR oyster OR mussel OR clam OR scallop OR coral OR abalone OR ""sea urchin"" OR bivalve OR mollusc)"
openalex,wijsman2018,10.1007/978-3-319-96776-9_2,Wijsman,2018,Global Production of Marine Bivalves. Trends and Challenges,"The global production of marine bivalves for human consumption is more than 15 million tonnes per year (average period 2010–2015), which is about 14% of the total marine production in the world. Most of the marine bivalve production (89%) comes from aquaculture and only 11% comes from the wild fishery. Asia, especially China, is by far the largest producer of marine bivalves, accounting for 85% of the world production and responsible for the production growth. In other continents, the production is stabilizing or decreasing (Europe) the last decades. In order to stimulate growth, sustainability (Planet, Profit, People) of the aquaculture activities is a key issue. Environmental (Planet) aspects for sustainable aquaculture include the fishery on seed resources, carrying capacity, invasive species and organic loading. Food safety issues due to environmental contaminants and biotoxines should be minimized to increase the reliability of marine bivalves as a healthy food source and to stimulate market demands. Properly designed monitoring programs are important tools to accomplish sustainable growth of marine bivalve production.",https://doi.org/10.1007/978-3-319-96776-9_2,"(priming OR conditioning OR ""transgenerational plasticity"" OR ""carryover effect"" OR ""developmental programming"" OR hardening OR acclimatization OR ""parental effect"" OR ""epigenetic memory"" OR preconditioning OR ""transgenerational immune priming"") AND (marine OR ocean OR estuarine OR oyster OR mussel OR clam OR scallop OR coral OR abalone OR ""sea urchin"" OR bivalve OR mollusc)"
openalex,star2019,10.1016/j.scitotenv.2019.134914,Stará,2019,Assessing the effects of neonicotinoid insecticide on the bivalve mollusc Mytilus galloprovincialis,"In the present work, the marine invertebrate Mytilus galloprovincialis was used as model organism to evaluate the toxic effects of the neonicotinoid Calypso 480 SC (CAL) following 20 days of exposure to sub-lethal concentrations of 7.77 mg L−1 (0.1% 96 h-LC50) and 77.70 mg L−1 (1% 96 h-LC50), and a recovery period of 10 days in uncontaminated seawater. Results revealed that exposure to both concentrations of CAL increased significantly mortality rate in the cells of haemolymph and digestive gland, while digestive gland cells were no longer able to regulate cell volume. Exposure significantly reduced haemolymph parameters (Cl−, Na+), affected the enzymatic activities of superoxide dismutase of digestive gland and catalase of gill, and caused also histopathological alterations in digestive gland and gills. Main histological damages detected in mussels were lipofuscin accumulation, focal points of necrosis, mucous overproduction and infiltrative inflammations. Interestingly, alterations persisted after the recovery period in CAL-free water, especially for haemocyte parameters (K+, Na+, Ca2+, lactate dehydrogenase, glucose). A slight recovery of histological conditions was detected. Th",https://doi.org/10.1016/j.scitotenv.2019.134914,"(priming OR conditioning OR ""transgenerational plasticity"" OR ""carryover effect"" OR ""developmental programming"" OR hardening OR acclimatization OR ""parental effect"" OR ""epigenetic memory"" OR preconditioning OR ""transgenerational immune priming"") AND (marine OR ocean OR estuarine OR oyster OR mussel OR clam OR scallop OR coral OR abalone OR ""sea urchin"" OR bivalve OR mollusc)"
openalex,geyer2013,10.1146/annurev-fluid-010313-141302,Geyer,2013,The Estuarine Circulation,"Recent research in estuaries challenges the long-standing paradigm of the gravitationally driven estuarine circulation. In estuaries with relatively strong tidal forcing and modest buoyancy forcing, the tidal variation in stratification leads to a tidal straining circulation driven by tidal variation in vertical mixing, with a magnitude that may significantly exceed the gravitational circulation. For weakly stratified estuaries, vertical and lateral advection are also important contributors to the tidally driven residual circulation. The apparent contradiction with the conventional paradigm is resolved when the estuarine parameter space is mapped with respect to a mixing parameter M that is based on the ratio of the tidal timescale to the vertical mixing timescale. Estuaries with high M values exhibit strong tidal nonlinearity, and those with small M values show conventional estuarine dynamics. Estuaries with intermediate mixing rates show marked transitions between these regimes at timescales of the spring-neap cycle.",https://doi.org/10.1146/annurev-fluid-010313-141302,"(priming OR conditioning OR ""transgenerational plasticity"" OR ""carryover effect"" OR ""developmental programming"" OR hardening OR acclimatization OR ""parental effect"" OR ""epigenetic memory"" OR preconditioning OR ""transgenerational immune priming"") AND (marine OR ocean OR estuarine OR oyster OR mussel OR clam OR scallop OR coral OR abalone OR ""sea urchin"" OR bivalve OR mollusc)"
openalex,barboza2018,10.1016/j.marpolbul.2018.05.047,Barboza,2018,"Marine microplastic debris: An emerging issue for food security, food safety and human health","Recent studies have demonstrated the negative impacts of microplastics on wildlife. Therefore, the presence of microplastics in marine species for human consumption and the high intake of seafood (fish and shellfish) in some countries cause concern about the potential effects of microplastics on human health. In this brief review, the evidence of seafood contamination by microplastics is reviewed, and the potential consequences of the presence of microplastics in the marine environment for human food security, food safety and health are discussed. Furthermore, challenges and gaps in knowledge are identified. The knowledge on the adverse effects on human health due to the consumption of marine organisms containing microplastics is very limited, difficult to assess and still controversial. Thus, assessment of the risk posed to humans is challenging. Research is urgently needed, especially regarding the potential exposure and associated health risk to micro- and nano-sized plastics.",https://doi.org/10.1016/j.marpolbul.2018.05.047,"(priming OR conditioning OR ""transgenerational plasticity"" OR ""carryover effect"" OR ""developmental programming"" OR hardening OR acclimatization OR ""parental effect"" OR ""epigenetic memory"" OR preconditioning OR ""transgenerational immune priming"") AND (marine OR ocean OR estuarine OR oyster OR mussel OR clam OR scallop OR coral OR abalone OR ""sea urchin"" OR bivalve OR mollusc)"
openalex,1059387wotj9184,10.59387/wotj9184,,2021,Status of Coral Reefs of the World: 2020,"Because some countries contribute to more that one GCRMN region (e .gSaudi Arabia contributes to both the Red Sea and Gulf of Aden and the ROPME Sea Area regions), the totals reported are not simply the sum of all countries from which data were contributed and the sum of all countries within each GCRMN region .",https://doi.org/10.59387/wotj9184,"(priming OR conditioning OR ""transgenerational plasticity"" OR ""carryover effect"" OR ""developmental programming"" OR hardening OR acclimatization OR ""parental effect"" OR ""epigenetic memory"" OR preconditioning OR ""transgenerational immune priming"") AND (marine OR ocean OR estuarine OR oyster OR mussel OR clam OR scallop OR coral OR abalone OR ""sea urchin"" OR bivalve OR mollusc)"
openalex,oliver2017,10.1038/ncomms16101,Oliver,2017,The unprecedented 2015/16 Tasman Sea marine heatwave,"The Tasman Sea off southeast Australia exhibited its longest and most intense marine heatwave ever recorded in 2015/16. Here we report on several inter-related aspects of this event: observed characteristics, physical drivers, ecological impacts and the role of climate change. This marine heatwave lasted for 251 days reaching a maximum intensity of 2.9 °C above climatology. The anomalous warming is dominated by anomalous convergence of heat linked to the southward flowing East Australian Current. Ecosystem impacts range from new disease outbreaks in farmed shellfish, mortality of wild molluscs and out-of-range species observations. Global climate models indicate it is very likely to be that the occurrence of an extreme warming event of this duration or intensity in this region is respectively ≥330 times and ≥6.8 times as likely to be due to the influence of anthropogenic climate change. Climate projections indicate that event likelihoods will increase in the future, due to increasing anthropogenic influences.",https://doi.org/10.1038/ncomms16101,"(priming OR conditioning OR ""transgenerational plasticity"" OR ""carryover effect"" OR ""developmental programming"" OR hardening OR acclimatization OR ""parental effect"" OR ""epigenetic memory"" OR preconditioning OR ""transgenerational immune priming"") AND (marine OR ocean OR estuarine OR oyster OR mussel OR clam OR scallop OR coral OR abalone OR ""sea urchin"" OR bivalve OR mollusc)"
openalex,sala2021,10.1038/s41586-021-03371-z,Sala,2021,"Protecting the global ocean for biodiversity, food and climate",,https://doi.org/10.1038/s41586-021-03371-z,"(priming OR conditioning OR ""transgenerational plasticity"" OR ""carryover effect"" OR ""developmental programming"" OR hardening OR acclimatization OR ""parental effect"" OR ""epigenetic memory"" OR preconditioning OR ""transgenerational immune priming"") AND (marine OR ocean OR estuarine OR oyster OR mussel OR clam OR scallop OR coral OR abalone OR ""sea urchin"" OR bivalve OR mollusc)"
openalex,beck2018,10.1038/s41467-018-04568-z,Beck,2018,The global flood protection savings provided by coral reefs,"Coral reefs can provide significant coastal protection benefits to people and property. Here we show that the annual expected damages from flooding would double, and costs from frequent storms would triple without reefs. For 100-year storm events, flood damages would increase by 91% to $US 272 billion without reefs. The countries with the most to gain from reef management are Indonesia, Philippines, Malaysia, Mexico, and Cuba; annual expected flood savings exceed $400 M for each of these nations. Sea-level rise will increase flood risk, but substantial impacts could happen from reef loss alone without better near-term management. We provide a global, process-based valuation of an ecosystem service across an entire marine biome at (sub)national levels. These spatially explicit benefits inform critical risk and environmental management decisions, and the expected benefits can be directly considered by governments (e.g., national accounts, recovery plans) and businesses (e.g., insurance).",https://doi.org/10.1038/s41467-018-04568-z,"(priming OR conditioning OR ""transgenerational plasticity"" OR ""carryover effect"" OR ""developmental programming"" OR hardening OR acclimatization OR ""parental effect"" OR ""epigenetic memory"" OR preconditioning OR ""transgenerational immune priming"") AND (marine OR ocean OR estuarine OR oyster OR mussel OR clam OR scallop OR coral OR abalone OR ""sea urchin"" OR bivalve OR mollusc)"
openalex,raven2005,NR,Raven,2005,Ocean acidification due to increasing atmospheric carbon dioxide,"The oceans cover over two-thirds of the Earth’s surface.&#13;\nThey play a vital role in global biogeochemical cycles,&#13;\ncontribute enormously to the planet’s biodiversity and&#13;\nprovide a livelihood for millions of people. (...)",,"(priming OR conditioning OR ""transgenerational plasticity"" OR ""carryover effect"" OR ""developmental programming"" OR hardening OR acclimatization OR ""parental effect"" OR ""epigenetic memory"" OR preconditioning OR ""transgenerational immune priming"") AND (marine OR ocean OR estuarine OR oyster OR mussel OR clam OR scallop OR coral OR abalone OR ""sea urchin"" OR bivalve OR mollusc)"
openalex,sunderland2006,10.1289/ehp.9377,Sunderland,2006,Mercury Exposure from Domestic and Imported Estuarine and Marine Fish in the U.S. Seafood Market,"BACKGROUND: Methylmercury exposure causes a variety of adverse effects on human health. Per capita estimates of mercury exposure are critical for risk assessments and for developing effective risk management strategies. OBJECTIVE: This study investigated the impact of natural stochasticity in mercury concentrations among fish and shellfish harvested from the Atlantic Ocean, Pacific Ocean, and foreign shores on estimated mercury exposures. METHODS: Mercury concentrations and seafood consumption are grouped by supply region (Atlantic Ocean, Pacific Ocean, and foreign shores). Distributions of intakes from this study are compared with values obtained using national FDA (Food and Drug Administration) mercury survey data to assess the significance of geographic variability in mercury concentrations on exposure estimates. RESULTS: Per capita mercury intake rates calculated using FDA mercury data differ significantly from those based on mercury concentration data for each supply area and intakes calculated for the 90th percentile of mercury concentrations. CONCLUSIONS: Differences in reported mercury concentrations can significantly affect per capita mercury intake estimates, pointing to ",https://doi.org/10.1289/ehp.9377,"(priming OR conditioning OR ""transgenerational plasticity"" OR ""carryover effect"" OR ""developmental programming"" OR hardening OR acclimatization OR ""parental effect"" OR ""epigenetic memory"" OR preconditioning OR ""transgenerational immune priming"") AND (marine OR ocean OR estuarine OR oyster OR mussel OR clam OR scallop OR coral OR abalone OR ""sea urchin"" OR bivalve OR mollusc)"
openalex,rowan1997,10.1038/40843,Rowan,1997,Landscape ecology of algal symbionts creates variation in episodes of coral bleaching,,https://doi.org/10.1038/40843,"(priming OR conditioning OR ""transgenerational plasticity"" OR ""carryover effect"" OR ""developmental programming"" OR hardening OR acclimatization OR ""parental effect"" OR ""epigenetic memory"" OR preconditioning OR ""transgenerational immune priming"") AND (marine OR ocean OR estuarine OR oyster OR mussel OR clam OR scallop OR coral OR abalone OR ""sea urchin"" OR bivalve OR mollusc)"
openalex,elston2008,10.3354/dao01982,Elston,2008,"Re-emergence of Vibrio tubiashii in bivalve shellfish aquaculture: severity, environmental drivers, geographic extent and management","During 2006 and 2007, we documented the re-emergence of severe episodes of vibriosis caused by Vibrio tubiashii in shellfish hatcheries on the west coast of North America. Lost larval and juvenile production included 3 previously undescribed hosts, Pacific (Crassostrea gigas) and Kumamoto (C. sikamea) oysters and geoduck clams Panope abrupta, with a 2007 decline in larval oyster production of approximately 59% in one hatchery. Losses of larval and juvenile bivalves were linked to V. tubiashii blooms in the coastal environment, which were associated with the apparent mixing of unusually warm surface seawater and intermittently upwelled cooler, nutrient- and Vibrio spp.- enriched seawater. The ocean temperature elevation anomaly in 2007 was not clearly linked to an El Niño event, as was a similar episode in 1998. Concentrations of the dominant shellfish-pathogenic vibrios were as high as 1.6 x 10(5) cfu ml(-1) in the cold, upwelled water. The bacteria possessed the genes coding for a protease and hemolysin described for V. tubiashii, and pathogenic isolates secreted these peptides. Lesions resulting from a classic invasive disease and a toxigenic noninvasive disease occurred in oyste",https://doi.org/10.3354/dao01982,"(priming OR conditioning OR ""transgenerational plasticity"" OR ""carryover effect"" OR ""developmental programming"" OR hardening OR acclimatization OR ""parental effect"" OR ""epigenetic memory"" OR preconditioning OR ""transgenerational immune priming"") AND (marine OR ocean OR estuarine OR oyster OR mussel OR clam OR scallop OR coral OR abalone OR ""sea urchin"" OR bivalve OR mollusc)"
openalex,riebesell2011,10.2777/66906,Riebesell,2011,Guide to best practices for ocean acidification research and data reporting,"Ocean acidiﬁcation is an undisputed fact. The ocean presently takes up one-fourth of the carbon CO2 emitted to the atmosphere from human activities. As this CO2 dissolves in the surface ocean, it reacts with seawater to form carbonic acid, increasing ocean acidity and shifting the partitioning of inorganic carbon species towards increased CO2 and dissolved inorganic carbon, and decreased concentration of carbonate ion. While our understanding of the possible consequences of ocean acidiﬁcation is still rudimentary, both the scientific community and the society at large are increasingly concerned about the possible risks associated with ocean acidiﬁcation for marine organisms and ecosystems. As this new and pressing ﬁeld of marine research gains momentum, many in our community, including representatives of coordinated research projects, international scientific organisations, funding agencies, and scientists in this ﬁeld felt the need to provide guidelines and standards for ocean acidiﬁcation research. To initiate this process, the European Project on Ocean Acidiﬁcation (EPOCA) and the International Oceanographic Commission (IOC) jointly invited over 40 leading scientists active in o","https://orcid.org/0000-0002-9442-452X>,","(priming OR conditioning OR ""transgenerational plasticity"" OR ""carryover effect"" OR ""developmental programming"" OR hardening OR acclimatization OR ""parental effect"" OR ""epigenetic memory"" OR preconditioning OR ""transgenerational immune priming"") AND (marine OR ocean OR estuarine OR oyster OR mussel OR clam OR scallop OR coral OR abalone OR ""sea urchin"" OR bivalve OR mollusc)"
openalex,bourne2016,10.1146/annurev-micro-102215-095440,Bourne,2016,Insights into the Coral Microbiome: Underpinning the Health and Resilience of Reef Ecosystems,"Corals are fundamental ecosystem engineers, creating large, intricate reefs that support diverse and abundant marine life. At the core of a healthy coral animal is a dynamic relationship with microorganisms, including a mutually beneficial symbiosis with photosynthetic dinoflagellates (Symbiodinium spp.) and enduring partnerships with an array of bacterial, archaeal, fungal, protistan, and viral associates, collectively termed the coral holobiont. The combined genomes of this coral holobiont form a coral hologenome, and genomic interactions within the hologenome ultimately define the coral phenotype. Here we integrate contemporary scientific knowledge regarding the ecological, host-specific, and environmental forces shaping the diversity, specificity, and distribution of microbial symbionts within the coral holobiont, explore physiological pathways that contribute to holobiont fitness, and describe potential mechanisms for holobiont homeostasis. Understanding the role of the microbiome in coral resilience, acclimation, and environmental adaptation is a new frontier in reef science that will require large-scale collaborative research efforts.",https://doi.org/10.1146/annurev-micro-102215-095440,"(priming OR conditioning OR ""transgenerational plasticity"" OR ""carryover effect"" OR ""developmental programming"" OR hardening OR acclimatization OR ""parental effect"" OR ""epigenetic memory"" OR preconditioning OR ""transgenerational immune priming"") AND (marine OR ocean OR estuarine OR oyster OR mussel OR clam OR scallop OR coral OR abalone OR ""sea urchin"" OR bivalve OR mollusc)"
openalex,delaporte2003,10.1242/jeb.00518,Delaporte,2003,Effect of a mono-specific algal diet on immune functions in two bivalve species -<i>Crassostrea gigas</i>and<i>Ruditapes philippinarum</i>,"The impact of diets upon the fatty acid composition of haemocyte polar lipids and consequently upon immune parameters has been tested in the oyster Crassostrea gigas and the clam Ruditapes philippinarum. Oysters and clams were fed each of three cultured algae: Chaetoceros calcitrans, which is rich in 20:5(n-3) and 20:4(n-6) and poor in 22:6(n-3) fatty acids; T-Iso (Isochrysis sp.), which is rich in 22:6(n-3) and deficient in 20:5(n-3) and 20:4(n-6); and Tetraselmis suecica, which is deficient in 22:6(n-3) and contains only small amounts of 20:5(n-3) and 20:4(n-6). Fatty acid composition of haemocyte polar lipids was greatly affected by the diet. Oysters and clams fed C. calcitrans maintained a higher proportion of 20:5(n-3) and 20:4(n-6) in their haemocyte polar lipids, while these polyunsaturated fatty acids decreased drastically for animals fed T-Iso. However, the T-Iso diet maintained 22:6(n-3) in haemocyte polar lipids of both species. Higher 20:5(n-3) and 20:4(n-6) contents in diets appeared to have a positive effect upon total haemocyte count, granulocyte percentage, phagocytic rate and oxidative activity of clam haemocytes. Similarly, a positive effect of 20:5(n-3) on oxidat",https://doi.org/10.1242/jeb.00518,"(priming OR conditioning OR ""transgenerational plasticity"" OR ""carryover effect"" OR ""developmental programming"" OR hardening OR acclimatization OR ""parental effect"" OR ""epigenetic memory"" OR preconditioning OR ""transgenerational immune priming"") AND (marine OR ocean OR estuarine OR oyster OR mussel OR clam OR scallop OR coral OR abalone OR ""sea urchin"" OR bivalve OR mollusc)"
openalex,graham2012,10.1007/s00338-012-0984-y,Graham,2012,The importance of structural complexity in coral reef ecosystems,,https://doi.org/10.1007/s00338-012-0984-y,"(priming OR conditioning OR ""transgenerational plasticity"" OR ""carryover effect"" OR ""developmental programming"" OR hardening OR acclimatization OR ""parental effect"" OR ""epigenetic memory"" OR preconditioning OR ""transgenerational immune priming"") AND (marine OR ocean OR estuarine OR oyster OR mussel OR clam OR scallop OR coral OR abalone OR ""sea urchin"" OR bivalve OR mollusc)"
openalex,keeling2014,10.1371/journal.pbio.1001889,Keeling,2014,The Marine Microbial Eukaryote Transcriptome Sequencing Project (MMETSP): Illuminating the Functional Diversity of Eukaryotic Life in the Oceans through Transcriptome Sequencing,"Microbial ecology is plagued by problems of an abstract nature. Cell sizes are so small and population sizes so large that both are virtually incomprehensible. Niches are so far from our everyday experience as to make their very definition elusive. Organisms that may be abundant and critical to our survival are little understood, seldom described and/or cultured, and sometimes yet to be even seen. One way to confront these problems is to use data of an even more abstract nature: molecular sequence data. Massive environmental nucleic acid sequencing, such as metagenomics or metatranscriptomics, promises functional analysis of microbial communities as a whole, without prior knowledge of which organisms are in the environment or exactly how they are interacting. But sequence-based ecological studies nearly always use a comparative approach, and that requires relevant reference sequences, which are an extremely limited resource when it comes to microbial eukaryotes [1]. In practice, this means sequence databases need to be populated with enormous quantities of data for which we have some certainties about the source. Most important is the taxonomic identity of the organism from which a",https://doi.org/10.1371/journal.pbio.1001889,"(priming OR conditioning OR ""transgenerational plasticity"" OR ""carryover effect"" OR ""developmental programming"" OR hardening OR acclimatization OR ""parental effect"" OR ""epigenetic memory"" OR preconditioning OR ""transgenerational immune priming"") AND (marine OR ocean OR estuarine OR oyster OR mussel OR clam OR scallop OR coral OR abalone OR ""sea urchin"" OR bivalve OR mollusc)"
openalex,dixon2018,10.1073/pnas.1813749115,Dixon,2018,Role of gene body methylation in acclimatization and adaptation in a basal metazoan,"Gene body methylation (GBM) has been hypothesized to modulate responses to environmental change, including transgenerational plasticity, but the evidence thus far has been lacking. Here we show that coral fragments reciprocally transplanted between two distant reefs respond predominantly by increase or decrease in genome-wide GBM disparity: The range of methylation levels between lowly and highly methylated genes becomes either wider or narrower. Remarkably, at a broad functional level this simple adjustment correlated very well with gene expression change, reflecting a shifting balance between expressions of environmentally responsive and housekeeping genes. In our experiment, corals in a lower-quality habitat up-regulated genes involved in environmental responses, while corals in a higher-quality habitat invested more in housekeeping genes. Transplanted fragments showing closer GBM match to local corals attained higher fitness characteristics, which supports GBM’s role in acclimatization. Fixed differences in GBM between populations did not align with plastic GBM changes and were mostly observed in genes with elevated F ST , which suggests that they arose predominantly through ge",https://doi.org/10.1073/pnas.1813749115,"(priming OR conditioning OR ""transgenerational plasticity"" OR ""carryover effect"" OR ""developmental programming"" OR hardening OR acclimatization OR ""parental effect"" OR ""epigenetic memory"" OR preconditioning OR ""transgenerational immune priming"") AND (marine OR ocean OR estuarine OR oyster OR mussel OR clam OR scallop OR coral OR abalone OR ""sea urchin"" OR bivalve OR mollusc)"
openalex,marigmez2002,10.1002/jemt.10040,Marigómez,2002,Cellular and subcellular distribution of metals in molluscs,"The cellular processes involved in metal metabolism in molluscs are reviewed, with emphasis on the contribution of microscopy (AMG, ARG, EPMA, and SIMS) to both basic research of metal cell biology and applied environmental research. In molluscs, metal uptake may occur by facilitated diffusion, active transport, or endocytosis, and can be enhanced by MT synthesis or formation of mineralized granules. In aquatic molluscs, gills constitute a key interface for dissolved metal uptake, where metals are bound to MT, incorporated into lysosomes, and released basally towards the blood plasma and circulating hemocytes. However, particulate metal uptake is mainly achieved via the digestive tract by endocytosis; further metals are transferred first to lysosomes and then to residual bodies, especially in the digestive cells of the digestive gland. Additionally, metals can be accumulated selectively in specific cell types. As ligands pools differ from cell to cell, different metals may be retained in different cell types. Class ""a"" metals are localized in cells with granules composed of carbonate, oxalate, phosphate, and sulfate (oxygen donors), whereas ""b"" metals are associated with those cell",https://doi.org/10.1002/jemt.10040,"(priming OR conditioning OR ""transgenerational plasticity"" OR ""carryover effect"" OR ""developmental programming"" OR hardening OR acclimatization OR ""parental effect"" OR ""epigenetic memory"" OR preconditioning OR ""transgenerational immune priming"") AND (marine OR ocean OR estuarine OR oyster OR mussel OR clam OR scallop OR coral OR abalone OR ""sea urchin"" OR bivalve OR mollusc)"
openalex,lee2006,10.3354/meps307273,Lee,2006,Lipid storage in marine zooplankton,"MEPS Marine Ecology Progress Series Contact the journal Facebook Twitter RSS Mailing List Subscribe to our mailing list via Mailchimp HomeLatest VolumeAbout the JournalEditorsTheme Sections MEPS 307:273-306 (2006) - doi:10.3354/meps307273 Lipid storage in marine zooplankton Richard F. Lee1,*, Wilhelm Hagen2, Gerhard Kattner3 1Skidaway Institute of Oceanography, 10 Ocean Science Circle, Savannah, Georgia 31406, USA2Marine Zoologie, Universität Bremen (NW2), Postfach 330440, 28334 Bremen, Germany3Alfred-Wegener-Institut für Polar- und Meeresforschung, Postfach 120161, 27515 Bremerhaven, Germany *Email: dick@skio.peachnet.edu ABSTRACT: Zooplankton storage lipids play an important role during reproduction, food scarcity, ontogeny and diapause, as shown by studies in various oceanic regions. While triacylglycerols, the primary storage lipid of terrestrial animals, are found in almost all zooplankton species, wax esters are the dominant storage lipid in many deep-living and polar zooplankton taxa. Phospholipids and diacylglycerol ethers are the unique storage lipids used by polar euphausiids and pteropods, respectively. In zooplankton with large stores of wax esters, triacylglycerols are",https://doi.org/10.3354/meps307273,"(priming OR conditioning OR ""transgenerational plasticity"" OR ""carryover effect"" OR ""developmental programming"" OR hardening OR acclimatization OR ""parental effect"" OR ""epigenetic memory"" OR preconditioning OR ""transgenerational immune priming"") AND (marine OR ocean OR estuarine OR oyster OR mussel OR clam OR scallop OR coral OR abalone OR ""sea urchin"" OR bivalve OR mollusc)"
openalex,ermgassen2012,10.1098/rspb.2012.0313,Ermgassen,2012,Historical ecology with real numbers: past and present extent and biomass of an imperilled estuarine habitat,"Historic baselines are important in developing our understanding of ecosystems in the face of rapid global change. While a number of studies have sought to determine changes in extent of exploited habitats over historic timescales, few have quantified such changes prior to late twentieth century baselines. Here, we present, to our knowledge, the first ever large-scale quantitative assessment of the extent and biomass of marine habitat-forming species over a 100-year time frame. We examined records of wild native oyster abundance in the United States from a historic, yet already exploited, baseline between 1878 and 1935 (predominantly 1885-1915), and a current baseline between 1968 and 2010 (predominantly 2000-2010). We quantified the extent of oyster grounds in 39 estuaries historically and 51 estuaries from recent times. Data from 24 estuaries allowed comparison of historic to present extent and biomass. We found evidence for a 64 per cent decline in the spatial extent of oyster habitat and an 88 per cent decline in oyster biomass over time. The difference between these two numbers illustrates that current areal extent measures may be masking significant loss of habitat through de",https://doi.org/10.1098/rspb.2012.0313,"(priming OR conditioning OR ""transgenerational plasticity"" OR ""carryover effect"" OR ""developmental programming"" OR hardening OR acclimatization OR ""parental effect"" OR ""epigenetic memory"" OR preconditioning OR ""transgenerational immune priming"") AND (marine OR ocean OR estuarine OR oyster OR mussel OR clam OR scallop OR coral OR abalone OR ""sea urchin"" OR bivalve OR mollusc)"
openalex,harvey1931,10.2307/1536947,Harvey,1931,"THE TENSION AT THE SURFACE OF MARINE EGGS, ESPECIALLY THOSE OF THE SEA URCHIN, ARBACIA","Calculations from the centrifugal force necessary to pull an Arbacia egg into two nearly equal parts, a yolk half and a clear half, indicate that the tension at the surface for 25 per cent increase in area is less than 0.2 dyne per cm., with considerable variation in different eggs. Similar calculations based on the force necessary to pull an oil spherule away from the remainder of the egg give maximum values of 0.33 dynes per centimeter for Chaetopterus, 1.1 dynes per centimeter for Illynassa and 0.54 dyne per centimeter for Cumingia.",https://doi.org/10.2307/1536947,"(priming OR conditioning OR ""transgenerational plasticity"" OR ""carryover effect"" OR ""developmental programming"" OR hardening OR acclimatization OR ""parental effect"" OR ""epigenetic memory"" OR preconditioning OR ""transgenerational immune priming"") AND (marine OR ocean OR estuarine OR oyster OR mussel OR clam OR scallop OR coral OR abalone OR ""sea urchin"" OR bivalve OR mollusc)"
openalex,oppen2017,10.1111/gcb.13647,Oppen,2017,Shifting paradigms in restoration of the world's coral reefs,"Many ecosystems around the world are rapidly deteriorating due to both local and global pressures, and perhaps none so precipitously as coral reefs. Management of coral reefs through maintenance (e.g., marine-protected areas, catchment management to improve water quality), restoration, as well as global and national governmental agreements to reduce greenhouse gas emissions (e.g., the 2015 Paris Agreement) is critical for the persistence of coral reefs. Despite these initiatives, the health and abundance of corals reefs are rapidly declining and other solutions will soon be required. We have recently discussed options for using assisted evolution (i.e., selective breeding, assisted gene flow, conditioning or epigenetic programming, and the manipulation of the coral microbiome) as a means to enhance environmental stress tolerance of corals and the success of coral reef restoration efforts. The 2014-2016 global coral bleaching event has sharpened the focus on such interventionist approaches. We highlight the necessity for consideration of alternative (e.g., hybrid) ecosystem states, discuss traits of resilient corals and coral reef ecosystems, and propose a decision tree for incorpor",https://doi.org/10.1111/gcb.13647,"(priming OR conditioning OR ""transgenerational plasticity"" OR ""carryover effect"" OR ""developmental programming"" OR hardening OR acclimatization OR ""parental effect"" OR ""epigenetic memory"" OR preconditioning OR ""transgenerational immune priming"") AND (marine OR ocean OR estuarine OR oyster OR mussel OR clam OR scallop OR coral OR abalone OR ""sea urchin"" OR bivalve OR mollusc)"
openalex,gagnaire2003,10.1016/j.fsi.2003.08.007,Gagnaire,2003,"In vitro effects of cadmium and mercury on Pacific oyster, Crassostrea gigas (Thunberg), haemocytes",,https://doi.org/10.1016/j.fsi.2003.08.007,"(priming OR conditioning OR ""transgenerational plasticity"" OR ""carryover effect"" OR ""developmental programming"" OR hardening OR acclimatization OR ""parental effect"" OR ""epigenetic memory"" OR preconditioning OR ""transgenerational immune priming"") AND (marine OR ocean OR estuarine OR oyster OR mussel OR clam OR scallop OR coral OR abalone OR ""sea urchin"" OR bivalve OR mollusc)"
openalex,phillips2002,10.1890/0012-9658(2002)083[2562:eonmlc]2.0.co;2,Phillips,2002,EFFECTS OF NUTRITION-MEDIATED LARVAL CONDITION ON JUVENILE PERFORMANCE IN A MARINE MUSSEL,"The potential for long-lasting effects of larval experience on early juvenile stages is growing in recognition as an important aspect of the ecology of organisms with complex life cycles. For marine species, most studies of recruitment have focused on the numbers of settlers that arrive to a site, largely ignoring the potential variability in larval condition or quality and how such variability may influence the likelihood of recruitment success. In this study, I investigated the effect of larval nutritional history on early juvenile performance, and whether these effects are mediated by conditions in the juvenile habitat for the marine mussel Mytilus galloprovincialis. I raised larvae in the laboratory under different food concentrations. Larvae raised with the highest food concentrations were significantly larger in size at metamorphosis and had higher proportional lipid content at metamorphosis than those from lower food concentrations. Half of the newly metamorphosed juveniles were outplanted into intertidal and subtidal habitats for 2 wk. The other half were maintained in the laboratory at two different juvenile rations for up to 20 d. Juveniles raised with high larval food ha",https://doi.org/10.1890/0012-9658(2002)083[2562:eonmlc]2.0.co;2,"(priming OR conditioning OR ""transgenerational plasticity"" OR ""carryover effect"" OR ""developmental programming"" OR hardening OR acclimatization OR ""parental effect"" OR ""epigenetic memory"" OR preconditioning OR ""transgenerational immune priming"") AND (marine OR ocean OR estuarine OR oyster OR mussel OR clam OR scallop OR coral OR abalone OR ""sea urchin"" OR bivalve OR mollusc)"
openalex,goulletquer1997,NR,Goulletquer,1997,Marine Molluscan Production Trends in France: From Fisheries to Aquaculture,"(NOT controlled OCR ) The main activity in French shellflshing is culturing. Most culture involves oysters, Grassostrea gigas, and Ostrea edulis; mussels, Mytilus edulis and M. galloprovincialis; and to a lesser extent the scallop, Pecten maximus, and the exotic Manila clam, Tapes philippinarum. Wild species harvested include the whelk, Buccinum undatum; abalone, Haliotis tuberculata; and bivalves, such as the cockle, Cerasioderma edule, pectinids, Chlamys varia and Aequipecten opercularis; and several clams, e.g., Mercenaria mercenana and Venerupis rhomboïdes. Recreational landings are substantial. The flat oyster, 0. edulis, has been part of human diets for centuries. Natural beds were exploited through the Middle Ages until the last century by handpicking at low tide and by boat dredging. The effort led to overfishing, and between 1853 and 1859, a repletion program was initiated, mainly based on using wooden spat collectors, which marked the beginning of French oyster culture. In I860, a shortage of flat oysters led to the introduction of C. anguki/a. Oyster production increased to a record high of 85,000 t of C. angulata and 28,000 t of O. edulis in 1960, but diseases hit C. an",https://archimer.ifremer.fr/doc/00000/2391/,"(priming OR conditioning OR ""transgenerational plasticity"" OR ""carryover effect"" OR ""developmental programming"" OR hardening OR acclimatization OR ""parental effect"" OR ""epigenetic memory"" OR preconditioning OR ""transgenerational immune priming"") AND (marine OR ocean OR estuarine OR oyster OR mussel OR clam OR scallop OR coral OR abalone OR ""sea urchin"" OR bivalve OR mollusc)"
openalex,younes2015,10.3390/md13031133,Younes,2015,"Chitin and Chitosan Preparation from Marine Sources. Structure, Properties and Applications","This review describes the most common methods for recovery of chitin from marine organisms. In depth, both enzymatic and chemical treatments for the step of deproteinization are compared, as well as different conditions for demineralization. The conditions of chitosan preparation are also discussed, since they significantly impact the synthesis of chitosan with varying degree of acetylation (DA) and molecular weight (MW). In addition, the main characterization techniques applied for chitin and chitosan are recalled, pointing out the role of their solubility in relation with the chemical structure (mainly the acetyl group distribution along the backbone). Biological activities are also presented, such as: antibacterial, antifungal, antitumor and antioxidant. Interestingly, the relationship between chemical structure and biological activity is demonstrated for chitosan molecules with different DA and MW and homogeneous distribution of acetyl groups for the first time. In the end, several selected pharmaceutical and biomedical applications are presented, in which chitin and chitosan are recognized as new biomaterials taking advantage of their biocompatibility and biodegradability.",https://doi.org/10.3390/md13031133,"(priming OR conditioning OR ""transgenerational plasticity"" OR ""carryover effect"" OR ""developmental programming"" OR hardening OR acclimatization OR ""parental effect"" OR ""epigenetic memory"" OR preconditioning OR ""transgenerational immune priming"") AND (marine OR ocean OR estuarine OR oyster OR mussel OR clam OR scallop OR coral OR abalone OR ""sea urchin"" OR bivalve OR mollusc)"
openalex,rosado2018,10.1038/s41396-018-0323-6,Rosado,2018,Marine probiotics: increasing coral resistance to bleaching through microbiome manipulation,"Abstract Although the early coral reef-bleaching warning system (NOAA/USA) is established, there is no feasible treatment that can minimize temperature bleaching and/or disease impacts on corals in the field. Here, we present the first attempts to extrapolate the widespread and well-established use of bacterial consortia to protect or improve health in other organisms (e.g., humans and plants) to corals. Manipulation of the coral-associated microbiome was facilitated through addition of a consortium of native (isolated from Pocillopora damicornis and surrounding seawater) putatively beneficial microorganisms for corals (pBMCs), including five Pseudoalteromonas sp., a Halomonas taeanensis and a Cobetia marina-related species strains. The results from a controlled aquarium experiment in two temperature regimes (26 °C and 30 °C) and four treatments (pBMC; pBMC with pathogen challenge – Vibrio coralliilyticus, VC; pathogen challenge, VC; and control) revealed the ability of the pBMC consortium to partially mitigate coral bleaching. Significantly reduced coral-bleaching metrics were observed in pBMC-inoculated corals, in contrast to controls without pBMC addition, especially challenged ",https://doi.org/10.1038/s41396-018-0323-6,"(priming OR conditioning OR ""transgenerational plasticity"" OR ""carryover effect"" OR ""developmental programming"" OR hardening OR acclimatization OR ""parental effect"" OR ""epigenetic memory"" OR preconditioning OR ""transgenerational immune priming"") AND (marine OR ocean OR estuarine OR oyster OR mussel OR clam OR scallop OR coral OR abalone OR ""sea urchin"" OR bivalve OR mollusc)"
openalex,byrne2013,10.1093/icb/ict049,Byrne,2013,Multistressor Impacts of Warming and Acidification of the Ocean on Marine Invertebrates' Life Histories,"Benthic marine invertebrates live in a multistressor world where stressor levels are, and will continue to be, exacerbated by global warming and increased atmospheric carbon dioxide. These changes are causing the oceans to warm, decrease in pH, become hypercapnic, and to become less saturated in carbonate minerals. These stressors have strong impacts on biological processes, but little is known about their combined effects on the development of marine invertebrates. Increasing temperature has a stimulatory effect on development, whereas hypercapnia can depress developmental processes. The pH, pCO2, and CaCO3 of seawater change simultaneously with temperature, challenging our ability to predict future outcomes for marine biota. The need to consider both warming and acidification is reflected in the recent increase in cross-factorial studies of the effects of these stressors on development of marine invertebrates. The outcomes and trends in these studies are synthesized here. Based on this compilation, significant additive or antagonistic effects of warming and acidification of the ocean are common (16 of 20 species studied), and synergistic negative effects also are reported. Fertil",https://doi.org/10.1093/icb/ict049,"(priming OR conditioning OR ""transgenerational plasticity"" OR ""carryover effect"" OR ""developmental programming"" OR hardening OR acclimatization OR ""parental effect"" OR ""epigenetic memory"" OR preconditioning OR ""transgenerational immune priming"") AND (marine OR ocean OR estuarine OR oyster OR mussel OR clam OR scallop OR coral OR abalone OR ""sea urchin"" OR bivalve OR mollusc)"
openalex,eziefula2018,10.1016/j.conbuildmat.2018.10.096,Eziefula,2018,Properties of seashell aggregate concrete: A review,,https://doi.org/10.1016/j.conbuildmat.2018.10.096,"(priming OR conditioning OR ""transgenerational plasticity"" OR ""carryover effect"" OR ""developmental programming"" OR hardening OR acclimatization OR ""parental effect"" OR ""epigenetic memory"" OR preconditioning OR ""transgenerational immune priming"") AND (marine OR ocean OR estuarine OR oyster OR mussel OR clam OR scallop OR coral OR abalone OR ""sea urchin"" OR bivalve OR mollusc)"
openalex,lucifero2004,10.1093/hmg/ddh104,Lucifero,2004,Gene-specific timing and epigenetic memory in oocyte imprinting,"Imprinted genes are differentially marked during germ cell development to allow for their eventual parent-of-origin specific expression. A subset of imprinted genes becomes methylated during oocyte growth in both mouse and human. However the timing and mechanisms of methylation acquisition are unknown. Here, we examined the methylation of the Snrpn, Igf2r, Peg1 and Peg3 differentially methylated regions in postnatal growing mouse oocytes. Our findings indicate that methylation was acquired asynchronously at these different genes. Further analysis of Snrpn DMR1 revealed that parental alleles retain an epigenetic memory of their origin as the two alleles were recognized in a parental-specific manner in the absence of DNA methylation. In addition, we show that methylation acquisition was probably related to oocyte diameter and coincided with the accumulation of Dnmt3a, Dnmt3b and Dnmt3L transcripts. Methylation of the repetitive retroviral-like intracisternal A particle also occurred during this same window of oocyte growth. These findings contribute to our understanding of the epigenetic mechanisms underlying imprint acquisition during female germ cell development and have implicatio",https://doi.org/10.1093/hmg/ddh104,"(priming OR conditioning OR ""transgenerational plasticity"" OR ""carryover effect"" OR ""developmental programming"" OR hardening OR acclimatization OR ""parental effect"" OR ""epigenetic memory"" OR preconditioning OR ""transgenerational immune priming"") AND (marine OR ocean OR estuarine OR oyster OR mussel OR clam OR scallop OR coral OR abalone OR ""sea urchin"" OR bivalve OR mollusc)"
openalex,talmage2010,10.1073/pnas.0913804107,Talmage,2010,"Effects of past, present, and future ocean carbon dioxide concentrations on the growth and survival of larval shellfish","The combustion of fossil fuels has enriched levels of CO(2) in the world's oceans and decreased ocean pH. Although the continuation of these processes may alter the growth, survival, and diversity of marine organisms that synthesize CaCO(3) shells, the effects of ocean acidification since the dawn of the industrial revolution are not clear. Here we present experiments that examined the effects of the ocean's past, present, and future (21st and 22nd centuries) CO(2) concentrations on the growth, survival, and condition of larvae of two species of commercially and ecologically valuable bivalve shellfish (Mercenaria mercenaria and Argopecten irradians). Larvae grown under near preindustrial CO(2) concentrations (250 ppm) displayed significantly faster growth and metamorphosis as well as higher survival and lipid accumulation rates compared with individuals reared under modern day CO(2) levels. Bivalves grown under near preindustrial CO(2) levels displayed thicker, more robust shells than individuals grown at present CO(2) concentrations, whereas bivalves exposed to CO(2) levels expected later this century had shells that were malformed and eroded. These results suggest that the ocean ",https://doi.org/10.1073/pnas.0913804107,"(priming OR conditioning OR ""transgenerational plasticity"" OR ""carryover effect"" OR ""developmental programming"" OR hardening OR acclimatization OR ""parental effect"" OR ""epigenetic memory"" OR preconditioning OR ""transgenerational immune priming"") AND (marine OR ocean OR estuarine OR oyster OR mussel OR clam OR scallop OR coral OR abalone OR ""sea urchin"" OR bivalve OR mollusc)"
openalex,highsmith1982,10.3354/meps007207,Highsmith,1982,Reproduction by Fragmentation in Corals,"Production of new colonies by fragmentation of established colonies is shown to be an extremely important mode of reproduction and local distribution anlong major reef-bu~lding corals. This type of reproduction avoids the high mortality rates of larvae and juveniles and spreads the risk of mortality for the genotype Fragmentation by corals wlth high growth rates results In their domination of certain reef zones, rapid growth of reefs on which these corals are abundant, and rapid recovery from disturbances. I conclude that a number of the most successful corals are adapted to fragment, 1.e have incorporated fragmentation into their life histories",https://doi.org/10.3354/meps007207,"(priming OR conditioning OR ""transgenerational plasticity"" OR ""carryover effect"" OR ""developmental programming"" OR hardening OR acclimatization OR ""parental effect"" OR ""epigenetic memory"" OR preconditioning OR ""transgenerational immune priming"") AND (marine OR ocean OR estuarine OR oyster OR mussel OR clam OR scallop OR coral OR abalone OR ""sea urchin"" OR bivalve OR mollusc)"
openalex,regnier2013,10.1038/ngeo1830,Regnier,2013,Anthropogenic perturbation of the carbon fluxes from land to ocean,,https://doi.org/10.1038/ngeo1830,"(priming OR conditioning OR ""transgenerational plasticity"" OR ""carryover effect"" OR ""developmental programming"" OR hardening OR acclimatization OR ""parental effect"" OR ""epigenetic memory"" OR preconditioning OR ""transgenerational immune priming"") AND (marine OR ocean OR estuarine OR oyster OR mussel OR clam OR scallop OR coral OR abalone OR ""sea urchin"" OR bivalve OR mollusc)"
openalex,haley2004,10.1016/j.gca.2003.09.012,Haley,2004,Rare earth elements in pore waters of marine sediments,,https://doi.org/10.1016/j.gca.2003.09.012,"(priming OR conditioning OR ""transgenerational plasticity"" OR ""carryover effect"" OR ""developmental programming"" OR hardening OR acclimatization OR ""parental effect"" OR ""epigenetic memory"" OR preconditioning OR ""transgenerational immune priming"") AND (marine OR ocean OR estuarine OR oyster OR mussel OR clam OR scallop OR coral OR abalone OR ""sea urchin"" OR bivalve OR mollusc)"
openalex,weatherall2015,10.1002/2015ea000107,Weatherall,2015,A new digital bathymetric model of the world's oceans,"Abstract General Bathymetric Chart of the Oceans (GEBCO) has released the GEBCO_2014 grid, a new digital bathymetric model of the world ocean floor merged with land topography from publicly available digital elevation models. GEBCO_2014 has a grid spacing of 30 arc sec and updates the 2010 release (GEBCO_08) by incorporating new versions of regional bathymetric compilations from the International Bathymetric Chart of the Arctic Ocean, the International Bathymetric Chart of the Southern Ocean, the Baltic Sea Bathymetry Database, and data from the European Marine Observation and Data network bathymetry portal, among other data sources. Approximately 33% of ocean grid cells (not area) have been updated in GEBCO_2014 from the previous version, including both new interpolated depth values and added soundings. These updates include large amounts of multibeam data collected using modern equipment and navigation techniques, improving portrayed details of the world ocean floor. Of all nonland grid cells in GEBCO_2014, approximately 18% are based on bathymetric control data, i.e., primarily multibeam and single‐beam soundings or preprepared grids which may contain some interpolated values. T",https://doi.org/10.1002/2015ea000107,"(priming OR conditioning OR ""transgenerational plasticity"" OR ""carryover effect"" OR ""developmental programming"" OR hardening OR acclimatization OR ""parental effect"" OR ""epigenetic memory"" OR preconditioning OR ""transgenerational immune priming"") AND (marine OR ocean OR estuarine OR oyster OR mussel OR clam OR scallop OR coral OR abalone OR ""sea urchin"" OR bivalve OR mollusc)"
openalex,burke2006,10.1016/j.ydbio.2006.08.007,Burke,2006,A genomic view of the sea urchin nervous system,,https://doi.org/10.1016/j.ydbio.2006.08.007,"(priming OR conditioning OR ""transgenerational plasticity"" OR ""carryover effect"" OR ""developmental programming"" OR hardening OR acclimatization OR ""parental effect"" OR ""epigenetic memory"" OR preconditioning OR ""transgenerational immune priming"") AND (marine OR ocean OR estuarine OR oyster OR mussel OR clam OR scallop OR coral OR abalone OR ""sea urchin"" OR bivalve OR mollusc)"
openalex,bellantuono2012,10.1371/journal.pone.0050685,Bellantuono,2012,Coral Thermal Tolerance: Tuning Gene Expression to Resist Thermal Stress,"The acclimatization capacity of corals is a critical consideration in the persistence of coral reefs under stresses imposed by global climate change. The stress history of corals plays a role in subsequent response to heat stress, but the transcriptomic changes associated with these plastic changes have not been previously explored. In order to identify host transcriptomic changes associated with acquired thermal tolerance in the scleractinian coral Acropora millepora, corals preconditioned to a sub-lethal temperature of 3°C below bleaching threshold temperature were compared to both non-preconditioned corals and untreated controls using a cDNA microarray platform. After eight days of hyperthermal challenge, conditions under which non-preconditioned corals bleached and preconditioned corals (thermal-tolerant) maintained Symbiodinium density, a clear differentiation in the transcriptional profiles was revealed among the condition examined. Among these changes, nine differentially expressed genes separated preconditioned corals from non-preconditioned corals, with 42 genes differentially expressed between control and preconditioned treatments, and 70 genes between non-preconditioned ",https://doi.org/10.1371/journal.pone.0050685,"(priming OR conditioning OR ""transgenerational plasticity"" OR ""carryover effect"" OR ""developmental programming"" OR hardening OR acclimatization OR ""parental effect"" OR ""epigenetic memory"" OR preconditioning OR ""transgenerational immune priming"") AND (marine OR ocean OR estuarine OR oyster OR mussel OR clam OR scallop OR coral OR abalone OR ""sea urchin"" OR bivalve OR mollusc)"
openalex,ettensohn1988,10.1016/0012-1606(88)90220-5,Ettensohn,1988,Cell lineage conversion in the sea urchin embryo,,https://doi.org/10.1016/0012-1606(88)90220-5,"(priming OR conditioning OR ""transgenerational plasticity"" OR ""carryover effect"" OR ""developmental programming"" OR hardening OR acclimatization OR ""parental effect"" OR ""epigenetic memory"" OR preconditioning OR ""transgenerational immune priming"") AND (marine OR ocean OR estuarine OR oyster OR mussel OR clam OR scallop OR coral OR abalone OR ""sea urchin"" OR bivalve OR mollusc)"
openalex,wernberg2023,10.1146/annurev-marine-042023-093037,Wernberg,2023,Impacts of Climate Change on Marine Foundation Species,"Marine foundation species are the biotic basis for many of the world's coastal ecosystems, providing structural habitat, food, and protection for myriad plants and animals as well as many ecosystem services. However, climate change poses a significant threat to foundation species and the ecosystems they support. We review the impacts of climate change on common marine foundation species, including corals, kelps, seagrasses, salt marsh plants, mangroves, and bivalves. It is evident that marine foundation species have already been severely impacted by several climate change drivers, often through interactive effects with other human stressors, such as pollution, overfishing, and coastal development. Despite considerable variation in geographical, environmental, and ecological contexts, direct and indirect effects of gradual warming and subsequent heatwaves have emerged as the most pervasive drivers of observed impact and potent threat across all marine foundation species, but effects from sea level rise, ocean acidification, and increased storminess are expected to increase. Documented impacts include changes in the genetic structures, physiology, abundance, and distribution of the f",https://doi.org/10.1146/annurev-marine-042023-093037,"(priming OR conditioning OR ""transgenerational plasticity"" OR ""carryover effect"" OR ""developmental programming"" OR hardening OR acclimatization OR ""parental effect"" OR ""epigenetic memory"" OR preconditioning OR ""transgenerational immune priming"") AND (marine OR ocean OR estuarine OR oyster OR mussel OR clam OR scallop OR coral OR abalone OR ""sea urchin"" OR bivalve OR mollusc)"
openalex,bibby2008,10.3354/ab00037,Bibby,2008,Effects of ocean acidification on the immune response of the blue mussel Mytilus edulis,"The effects of medium term (32 d) hypercapnia on the immune response of Mytilus edulis were investigated in mussels exposed to acidified (using CO 2 ) sea water (pH 7.7, 7.5 or 6.7; control: pH 7.8). Levels of phagocytosis increased significantly during the exposure period, suggesting an immune response induced by the experimental set-up. However, this induced stress response was suppressed when mussels were exposed to acidified sea water. Acidified sea water did not have any significant effects on other immuno-surveillance parameters measured (superoxide anion production, total and differential cell counts). These results suggest that ocean acidification may impact the physiological condition and functionality of the haemocytes and could have a significant effect on cellular signalling pathways, particularly those pathways that rely on specific concentrations of calcium, and so may be disrupted by calcium carbonate shell dissolution.",https://doi.org/10.3354/ab00037,"(priming OR conditioning OR ""transgenerational plasticity"" OR ""carryover effect"" OR ""developmental programming"" OR hardening OR acclimatization OR ""parental effect"" OR ""epigenetic memory"" OR preconditioning OR ""transgenerational immune priming"") AND (marine OR ocean OR estuarine OR oyster OR mussel OR clam OR scallop OR coral OR abalone OR ""sea urchin"" OR bivalve OR mollusc)"
openalex,kappes2011,10.1007/s00027-011-0187-6,Kappes,2011,"Slow, but steady: dispersal of freshwater molluscs","Molluscs are the proverbial examples of slow movement. In this review, dispersal distances and speed were assessed from literature data. Active upstream movement can occur both individually and in groups; and depends on traits such as size, sex and reproductive status, and on external factors such as flow velocity, temperature, sediment structure, and food availability. The potential for active dispersal follows the sequence Pulmonata ≥ Prosobranchia > Bivalvia, although data for Pulmonata originated from short-term experiments that likely overestimated dispersal capabilities. Active upstream movement may be 0.3 to 1.0 km per year for most snails and is probably well below 0.1 km per year for bivalves. Natural passive upstream dispersal increases the range 10-fold (snails) to 100-fold (bivalves), and anthropogenic vectors can increase upstream dispersal more than 100-fold (snails) to 1000-fold (bivalves). Three km seems to be the maximal within-stream distance at which many species display regular population mixing, and at which re-colonisation or successful restoration can be expected within 3–10 years. Lateral dispersal between unconnected water bodies is passive and mostly known",https://doi.org/10.1007/s00027-011-0187-6,"(priming OR conditioning OR ""transgenerational plasticity"" OR ""carryover effect"" OR ""developmental programming"" OR hardening OR acclimatization OR ""parental effect"" OR ""epigenetic memory"" OR preconditioning OR ""transgenerational immune priming"") AND (marine OR ocean OR estuarine OR oyster OR mussel OR clam OR scallop OR coral OR abalone OR ""sea urchin"" OR bivalve OR mollusc)"
openalex,hall1978,10.1016/0092-8674(78)90003-x,Hall,1978,Hardening of the sea urchin fertilization envelope by peroxidase-catalyzed phenolic coupling of tyrosines,,https://doi.org/10.1016/0092-8674(78)90003-x,"(priming OR conditioning OR ""transgenerational plasticity"" OR ""carryover effect"" OR ""developmental programming"" OR hardening OR acclimatization OR ""parental effect"" OR ""epigenetic memory"" OR preconditioning OR ""transgenerational immune priming"") AND (marine OR ocean OR estuarine OR oyster OR mussel OR clam OR scallop OR coral OR abalone OR ""sea urchin"" OR bivalve OR mollusc)"
openalex,kurihara2007,10.3354/ab00009,Kurihara,2007,Effects of increased seawater pCO2 on early development of the oyster Crassostrea gigas,"This study demonstrated that the increased partial pressure of CO 2 (pCO 2 ) in seawater and the attendant acidification that are projected to occur by the year 2300 will severely impact the early development of the oyster Crassostrea gigas. Eggs of the oyster were artificially fertilized and incubated for 48 h in seawater acidified to pH 7.4 by equilibrating it with CO 2 -enriched air (CO 2 group), and the larval morphology and degree of shell mineralization were compared with the control treatment (air-equilibrated seawater). Only 5% of the CO 2 group developed into normal 'Dshaped' veliger larvae as compared with 68% in the control group, although no difference was observed between the groups up to the trochophore stage. Thus, during embryogenesis, the calcification process appears to be particularly affected by low pH and/or the low CaCO 3 saturation state of high-CO 2 seawater. Veliger larvae with fully mineralized shells accounted for 30% of the CO 2 -group larvae, compared with 72% in the control (p < 0.005). Shell mineralization was completely inhibited in 45% of the CO 2 -group larvae, but only in 16% of the control (p < 0.05). Normal D-shaped veligers of the control group",https://doi.org/10.3354/ab00009,"(priming OR conditioning OR ""transgenerational plasticity"" OR ""carryover effect"" OR ""developmental programming"" OR hardening OR acclimatization OR ""parental effect"" OR ""epigenetic memory"" OR preconditioning OR ""transgenerational immune priming"") AND (marine OR ocean OR estuarine OR oyster OR mussel OR clam OR scallop OR coral OR abalone OR ""sea urchin"" OR bivalve OR mollusc)"
openalex,helms2008,10.4319/lo.2008.53.3.0955,Helms,2008,"Absorption spectral slopes and slope ratios as indicators of molecular weight, source, and photobleaching of chromophoric dissolved organic matter","A new approach for parameterizing dissolved organic matter (DOM) ultraviolet‐visible absorption spectra is presented. Two distinct spectral slope regions (275‐295 nm and 350‐400 nm) within log‐transformed absorption spectra were used to compare DOM from contrasting water types, ranging from wetlands (Great Dismal Swamp and Suwannee River) to photobleached oceanic water (Atlantic Ocean). On the basis of DOM size‐fractionation studies (ultrafiltration and gel filtration chromatography), the slope of the 275‐295‐nm region and the ratio of these slopes ( S R ; 275‐295‐nm slope : 350‐400‐nm slope) were related to DOM molecular weight (MW) and to photochemically induced shifts in MW. Dark aerobic microbial alteration of chromophoric DOM (CDOM) resulted in spectral slope changes opposite of those caused by photochemistry. Along an axial transect in the Delaware Estuary, large variations in S R were measured, probably due to mixing, photodegradation, and microbial alteration of CDOM as terrestrially derived DOM transited through the estuary. Further, S R varied by over a factor of 13 between DOM‐rich wetland waters and Sargasso Sea surface waters. Currently, there is no consensus on a wave",https://doi.org/10.4319/lo.2008.53.3.0955,"(priming OR conditioning OR ""transgenerational plasticity"" OR ""carryover effect"" OR ""developmental programming"" OR hardening OR acclimatization OR ""parental effect"" OR ""epigenetic memory"" OR preconditioning OR ""transgenerational immune priming"") AND (marine OR ocean OR estuarine OR oyster OR mussel OR clam OR scallop OR coral OR abalone OR ""sea urchin"" OR bivalve OR mollusc)"
openalex,haug1998,10.1038/31447,Haug,1998,Effect of the formation of the Isthmus of Panama on Atlantic Ocean thermohaline circulation,,https://doi.org/10.1038/31447,"(priming OR conditioning OR ""transgenerational plasticity"" OR ""carryover effect"" OR ""developmental programming"" OR hardening OR acclimatization OR ""parental effect"" OR ""epigenetic memory"" OR preconditioning OR ""transgenerational immune priming"") AND (marine OR ocean OR estuarine OR oyster OR mussel OR clam OR scallop OR coral OR abalone OR ""sea urchin"" OR bivalve OR mollusc)"
openalex,malone2020,10.3389/fmars.2020.00670,Malone,2020,The Globalization of Cultural Eutrophication in the Coastal Ocean: Causes and Consequences,"Coastal eutrophication caused by anthropogenic nutrient inputs is one of the greatest threats to the health of coastal estuarine and marine ecosystems worldwide. To better understand and manage this threat, we compared six contrasting coastal ecosystems that are subjected to a range of riverine inputs of freshwater (buoyancy) and nutrients to address (i) impacts of anthropogenic nutrient inputs on ecosystem services; (ii) how ecosystem traits minimize or amplify these impacts; (iii) synergies among pressures (nutrient enrichment, over fishing, coastal development, and climate-driven pressures in particular); and (iv) management of nutrient inputs to coastal ecosystems. Globally, ~ 24% of the anthropogenic N released in coastal watersheds is estimated to reach coastal ecosystems. Our comparative assessment revealed that (i) in terms of the spatial extent of habitat degradation, Chesapeake Bay ranks number one followed in rank order by the northern Gulf of Mexico, the Baltic Sea, Great Barrier Reef, East China Sea and the northern Adriatic Sea; (ii) impacts of increases in anthropogenic nutrient loading are, and will continue to be, exacerbated by synergies with other pressures inclu",https://doi.org/10.3389/fmars.2020.00670,"(priming OR conditioning OR ""transgenerational plasticity"" OR ""carryover effect"" OR ""developmental programming"" OR hardening OR acclimatization OR ""parental effect"" OR ""epigenetic memory"" OR preconditioning OR ""transgenerational immune priming"") AND (marine OR ocean OR estuarine OR oyster OR mussel OR clam OR scallop OR coral OR abalone OR ""sea urchin"" OR bivalve OR mollusc)"
openalex,manabe1969,10.1175/1520-0493(1969)097<0739:catoc>2.3.co;2,Manabe,1969,CLIMATE AND THE OCEAN CIRCULATION<sup>1</sup>,"The effect of the hydrology of the earth's surface is incorporated into a numerical model of the general circulation of the atmosphere developed at the Geophysical Fluid Dynamics Laboratory of the Environmental Science Services Administration (ESSA). The primitive equation of motion is used for this study. The nine levels of the model are distributed so as to resolve the surface boundary layer and stratosphere. The depletion of solar radiation and the transfer of the terrestrial radiation are computed taking into consideration cloud and atmospheric absorbers such as water vapor, carbon dioxide, and ozone. The scheme treating the hydrology of our model involves the prediction of water vapor in the atmosphere and the prediction of soil moisture and snow cover. In order to represent the mositure-holding capacity of soil, the continent is assumed to be covered by boxes, which can store limited amounts of water. The ocean surface is idealized to be a completely wet surface without any heat capacity. The temperature of the earth's surface is determined in such a way that it satisfies the condition of heat balance. To facilitate the analysis and the interpretation of the results, a simple",https://doi.org/10.1175/1520-0493(1969)097<0739:catoc>2.3.co;2,"(priming OR conditioning OR ""transgenerational plasticity"" OR ""carryover effect"" OR ""developmental programming"" OR hardening OR acclimatization OR ""parental effect"" OR ""epigenetic memory"" OR preconditioning OR ""transgenerational immune priming"") AND (marine OR ocean OR estuarine OR oyster OR mussel OR clam OR scallop OR coral OR abalone OR ""sea urchin"" OR bivalve OR mollusc)"
openalex,munday2009,10.1007/s00338-008-0461-9,Munday,2009,Climate change and coral reef connectivity,,https://doi.org/10.1007/s00338-008-0461-9,"(priming OR conditioning OR ""transgenerational plasticity"" OR ""carryover effect"" OR ""developmental programming"" OR hardening OR acclimatization OR ""parental effect"" OR ""epigenetic memory"" OR preconditioning OR ""transgenerational immune priming"") AND (marine OR ocean OR estuarine OR oyster OR mussel OR clam OR scallop OR coral OR abalone OR ""sea urchin"" OR bivalve OR mollusc)"
openalex,lorenzo2008,10.1029/2007gl032838,Lorenzo,2008,North Pacific Gyre Oscillation links ocean climate and ecosystem change,"Decadal fluctuations in salinity, nutrients, chlorophyll, a variety of zooplankton taxa, and fish stocks in the Northeast Pacific are often poorly correlated with the most widely‐used index of large‐scale climate variability in the region ‐ the Pacific Decadal Oscillation (PDO). We define a new pattern of climate change, the North Pacific Gyre Oscillation (NPGO) and show that its variability is significantly correlated with previously unexplained fluctuations of salinity, nutrients and chlorophyll. Fluctuations in the NPGO are driven by regional and basin‐scale variations in wind‐driven upwelling and horizontal advection – the fundamental processes controlling salinity and nutrient concentrations. Nutrient fluctuations drive concomitant changes in phytoplankton concentrations, and may force similar variability in higher trophic levels. The NPGO thus provides a strong indicator of fluctuations in the mechanisms driving planktonic ecosystem dynamics. The NPGO pattern extends beyond the North Pacific and is part of a global‐scale mode of climate variability that is evident in global sea level trends and sea surface temperature. Therefore the amplification of the NPGO variance found in",https://doi.org/10.1029/2007gl032838,"(priming OR conditioning OR ""transgenerational plasticity"" OR ""carryover effect"" OR ""developmental programming"" OR hardening OR acclimatization OR ""parental effect"" OR ""epigenetic memory"" OR preconditioning OR ""transgenerational immune priming"") AND (marine OR ocean OR estuarine OR oyster OR mussel OR clam OR scallop OR coral OR abalone OR ""sea urchin"" OR bivalve OR mollusc)"
openalex,steneck1982,10.1007/bf00409596,Steneck,1982,Feeding capabilities and limitation of herbivorous molluscs: A functional group approach,,https://doi.org/10.1007/bf00409596,"(priming OR conditioning OR ""transgenerational plasticity"" OR ""carryover effect"" OR ""developmental programming"" OR hardening OR acclimatization OR ""parental effect"" OR ""epigenetic memory"" OR preconditioning OR ""transgenerational immune priming"") AND (marine OR ocean OR estuarine OR oyster OR mussel OR clam OR scallop OR coral OR abalone OR ""sea urchin"" OR bivalve OR mollusc)"
openalex,cranford1999,10.3354/meps190223,Cranford,1999,Seasonal variation in food utilization by the suspension-feeding bivalve molluscs Mytilus edulis and Placopecten magellanicus,"Seston utiiization by adult Mytilus edulis and Placopecten magellanicus cohorts was measured using an in situ method over a total penod of 139 d dunng the spnng. summer and fall of 1995 in Bedford Basin and Mahone Bay. Nova Scotia, Canada. Daily seston utilization measurements were cornbined with extensive water sampling to construct predictive empirical models of bivalve ingestion based on environmental variables. Particle concentrations were highest in May in Bedford Basin (-5 mg 1-') and remained below 2 mg 1-' in Mahone Bay. Seston quality dunng the study varied between 30 (summer) and 90% (spnng) organic content. Large seasonal changes in the rates and efficiencies of feeding and absorption were observed, but only 28% of the variance in daily ingestion rates of both species could be explained by a wide range of potential environmental influences (ternperature, seston abundance and composition and vertical particle flux). Ingestion and absorption rates of scallops and mussels were highest dunng the spring, when diet quantity and quality were high. and during late autumn. when quantity and quality were low. These data indicatr that changes in seston utilization and related growt",https://doi.org/10.3354/meps190223,"(priming OR conditioning OR ""transgenerational plasticity"" OR ""carryover effect"" OR ""developmental programming"" OR hardening OR acclimatization OR ""parental effect"" OR ""epigenetic memory"" OR preconditioning OR ""transgenerational immune priming"") AND (marine OR ocean OR estuarine OR oyster OR mussel OR clam OR scallop OR coral OR abalone OR ""sea urchin"" OR bivalve OR mollusc)"
openalex,knowlton2001,10.1073/pnas.091092998,Knowlton­,2001,The future of coral reefs,"Coral reefs, with their millions of species, have changed profoundly because of the effects of people, and will continue to do so for the foreseeable future. Reefs are subject to many of the same processes that affect other human-dominated ecosystems, but some special features merit emphasis: (i) Many dominant reef builders spawn eggs and sperm into the water column, where fertilization occurs. They are thus particularly vulnerable to Allee effects, including potential extinction associated with chronic reproductive failure. (ii) The corals likely to be most resistant to the effects of habitat degradation are small, short-lived ""weedy"" corals that have limited dispersal capabilities at the larval stage. Habitat degradation, together with habitat fragmentation, will therefore lead to the establishment of genetically isolated clusters of inbreeding corals. (iii) Increases in average sea temperatures by as little as 1 degrees C, a likely result of global climate change, can cause coral ""bleaching"" (the breakdown of coral-algal symbiosis), changes in symbiont communities, and coral death. (iv) The activities of people near reefs increase both fishing pressure and nutrient inputs. In ge",https://doi.org/10.1073/pnas.091092998,"(priming OR conditioning OR ""transgenerational plasticity"" OR ""carryover effect"" OR ""developmental programming"" OR hardening OR acclimatization OR ""parental effect"" OR ""epigenetic memory"" OR preconditioning OR ""transgenerational immune priming"") AND (marine OR ocean OR estuarine OR oyster OR mussel OR clam OR scallop OR coral OR abalone OR ""sea urchin"" OR bivalve OR mollusc)"
openalex,sandin2008,10.1371/journal.pone.0001548,Sandin,2008,Baselines and Degradation of Coral Reefs in the Northern Line Islands,"Effective conservation requires rigorous baselines of pristine conditions to assess the impacts of human activities and to evaluate the efficacy of management. Most coral reefs are moderately to severely degraded by local human activities such as fishing and pollution as well as global change, hence it is difficult to separate local from global effects. To this end, we surveyed coral reefs on uninhabited atolls in the northern Line Islands to provide a baseline of reef community structure, and on increasingly populated atolls to document changes associated with human activities. We found that top predators and reef-building organisms dominated unpopulated Kingman and Palmyra, while small planktivorous fishes and fleshy algae dominated the populated atolls of Tabuaeran and Kiritimati. Sharks and other top predators overwhelmed the fish assemblages on Kingman and Palmyra so that the biomass pyramid was inverted (top-heavy). In contrast, the biomass pyramid at Tabuaeran and Kiritimati exhibited the typical bottom-heavy pattern. Reefs without people exhibited less coral disease and greater coral recruitment relative to more inhabited reefs. Thus, protection from overfishing and polluti",https://doi.org/10.1371/journal.pone.0001548,"(priming OR conditioning OR ""transgenerational plasticity"" OR ""carryover effect"" OR ""developmental programming"" OR hardening OR acclimatization OR ""parental effect"" OR ""epigenetic memory"" OR preconditioning OR ""transgenerational immune priming"") AND (marine OR ocean OR estuarine OR oyster OR mussel OR clam OR scallop OR coral OR abalone OR ""sea urchin"" OR bivalve OR mollusc)"
openalex,mcwilliams2016,10.1098/rspa.2016.0117,McWilliams,2016,Submesoscale currents in the ocean,"This article is a perspective on the recently discovered realm of submesoscale currents in the ocean. They are intermediate-scale flow structures in the form of density fronts and filaments, topographic wakes and persistent coherent vortices at the surface and throughout the interior. They are created from mesoscale eddies and strong currents, and they provide a dynamical conduit for energy transfer towards microscale dissipation and diapycnal mixing. Consideration is given to their generation mechanisms, instabilities, life cycles, disruption of approximately diagnostic force balance (e.g. geostrophy), turbulent cascades, internal-wave interactions, and transport and dispersion of materials. At a fundamental level, more questions remain than answers, implicating a programme for further research.",https://doi.org/10.1098/rspa.2016.0117,"(priming OR conditioning OR ""transgenerational plasticity"" OR ""carryover effect"" OR ""developmental programming"" OR hardening OR acclimatization OR ""parental effect"" OR ""epigenetic memory"" OR preconditioning OR ""transgenerational immune priming"") AND (marine OR ocean OR estuarine OR oyster OR mussel OR clam OR scallop OR coral OR abalone OR ""sea urchin"" OR bivalve OR mollusc)"
openalex,baird1958,10.1093/icesjms/23.2.249,Baird,1958,Measurement of Condition in Mussels and Oysters,,https://doi.org/10.1093/icesjms/23.2.249,"(priming OR conditioning OR ""transgenerational plasticity"" OR ""carryover effect"" OR ""developmental programming"" OR hardening OR acclimatization OR ""parental effect"" OR ""epigenetic memory"" OR preconditioning OR ""transgenerational immune priming"") AND (marine OR ocean OR estuarine OR oyster OR mussel OR clam OR scallop OR coral OR abalone OR ""sea urchin"" OR bivalve OR mollusc)"
openalex,grottoli2014,10.1111/gcb.12658,Grottoli,2014,The cumulative impact of annual coral bleaching can turn some coral species winners into losers,"Mass coral bleaching events caused by elevated seawater temperatures result in extensive coral loss throughout the tropics, and are projected to increase in frequency and severity. If bleaching becomes an annual event later in this century, more than 90% of coral reefs worldwide may be at risk of long-term degradation. While corals can recover from single isolated bleaching and can acclimate to recurring bleaching events that are separated by multiple years, it is currently unknown if and how they will survive and possibly acclimatize to annual coral bleaching. Here, we demonstrate for the first time that annual coral bleaching can dramatically alter thermal tolerance in Caribbean corals. We found that high coral energy reserves and changes in the dominant algal endosymbiont type (Symbiodinium spp.) facilitated rapid acclimation in Porites divaricata, whereas low energy reserves and a lack of algal phenotypic plasticity significantly increased susceptibility in Porites astreoides to bleaching the following year. Phenotypic plasticity in the dominant endosymbiont type of Orbicella faveolata did not prevent repeat bleaching, but may have facilitated rapid recovery. Thus, coral holobi",https://doi.org/10.1111/gcb.12658,"(priming OR conditioning OR ""transgenerational plasticity"" OR ""carryover effect"" OR ""developmental programming"" OR hardening OR acclimatization OR ""parental effect"" OR ""epigenetic memory"" OR preconditioning OR ""transgenerational immune priming"") AND (marine OR ocean OR estuarine OR oyster OR mussel OR clam OR scallop OR coral OR abalone OR ""sea urchin"" OR bivalve OR mollusc)"
openalex,apraiz2006,10.1074/mcp.m500333-mcp200,Apraiz,2006,Identification of Proteomic Signatures of Exposure to Marine Pollutants in Mussels (Mytilus edulis),"Bivalves and especially mussels are very good indicators of marine and estuarine pollution, and so they have been widely used in biomonitoring programs all around the world. However, traditional single parameter biomarkers face the problem of high sensitivity to biotic and abiotic factors. In our study, digestive gland peroxisome-enriched fractions of Mytilus edulis (L., 1758) were analyzed by DIGE and MS. We identified several proteomic signatures associated with the exposure to several marine pollutants (diallyl phthalate, PBDE-47, and bisphenol-A). Animals collected from North Atlantic Sea were exposed to the contaminants independently under controlled laboratory conditions. One hundred and eleven spots showed a significant increase or decrease in protein abundance in the two-dimensional electrophoresis maps from the groups exposed to pollutants. We obtained a unique protein expression signature of exposure to each of those chemical compounds. Moreover a set of proteins composed a proteomic signature in common to the three independent exposures. It is remarkable that the principal component analysis of these spots showed a discernible separation between groups, and so did the hi",https://doi.org/10.1074/mcp.m500333-mcp200,"(priming OR conditioning OR ""transgenerational plasticity"" OR ""carryover effect"" OR ""developmental programming"" OR hardening OR acclimatization OR ""parental effect"" OR ""epigenetic memory"" OR preconditioning OR ""transgenerational immune priming"") AND (marine OR ocean OR estuarine OR oyster OR mussel OR clam OR scallop OR coral OR abalone OR ""sea urchin"" OR bivalve OR mollusc)"
openalex,lannig2006,10.1016/j.aquatox.2006.06.017,Lannig,2006,"Temperature-dependent stress response in oysters, Crassostrea virginica: Pollution reduces temperature tolerance in oysters",,https://doi.org/10.1016/j.aquatox.2006.06.017,"(priming OR conditioning OR ""transgenerational plasticity"" OR ""carryover effect"" OR ""developmental programming"" OR hardening OR acclimatization OR ""parental effect"" OR ""epigenetic memory"" OR preconditioning OR ""transgenerational immune priming"") AND (marine OR ocean OR estuarine OR oyster OR mussel OR clam OR scallop OR coral OR abalone OR ""sea urchin"" OR bivalve OR mollusc)"
openalex,fraser1989,10.1139/f89-235,Fraser,1989,"Triacylglycerol Content as a Condition Index for Fish, Bivalve, and Crustacean Larvae","The lipid biochemistry of environmentally stressed larval fish, bivalves and crustaceans is presented to illustrate the utility of a larval condition index based on lipid composition. Larvae under environmental stress are often unable to obtain sufficient energy from exogenous sources and, as a result, endogenous energy reserves are catabolised to maintain basal metabolism. The storage lipid triacylglycerol (TAG) is of particular importance in this respect, TAG content consequently correlating with the physiological condition of a larva. However, absolute TAG content cannot be directly correlated with larval condition because of its dependency on larval size. It is proposed that TAG content can be correlated with larval condition when expressed in the form of a TAG-sterol ratio that accounts for the size dependency of TAG content. This proposition is supported by data that illustrate a highly positive correlation between sterol content and dry weight for larval herring and larval American lobster. Examples of TAG-sterol ratios are calculated from a survey of studies relating to the lipid class composition of nutritionally and pollutant stressed larvae of some marine fish and crusta",https://doi.org/10.1139/f89-235,"(priming OR conditioning OR ""transgenerational plasticity"" OR ""carryover effect"" OR ""developmental programming"" OR hardening OR acclimatization OR ""parental effect"" OR ""epigenetic memory"" OR preconditioning OR ""transgenerational immune priming"") AND (marine OR ocean OR estuarine OR oyster OR mussel OR clam OR scallop OR coral OR abalone OR ""sea urchin"" OR bivalve OR mollusc)"
openalex,kaiser2006,10.3354/meps311001,Kaiser,2006,Global analysis of response and recovery of benthic biota to fishing,"MEPS Marine Ecology Progress Series Contact the journal Facebook Twitter RSS Mailing List Subscribe to our mailing list via Mailchimp HomeLatest VolumeAbout the JournalEditorsTheme Sections MEPS 311:1-14 (2006) - doi:10.3354/meps311001 Global analysis of response and recovery of benthic biota to fishing M. J. Kaiser1,*, K. R. Clarke2, H. Hinz1, M. C. V. Austen2, P. J. Somerfield2, I. Karakassis3 1School of Ocean Sciences, University of Wales-Bangor, Menai Bridge, Anglesey LL59 5AB, UK 2Plymouth Marine Laboratory, Prospect Place, West Hoe, Plymouth PL1 3DH, UK 3Institute of Marine Biology of Crete, PO Box 2214, Heraklion 71003, Crete, Greece *Email: michel.kaiser@bangor.ac.uk ABSTRACT: Towed bottom-fishing gears are thought to constitute one of the largest global anthropogenic sources of disturbance to the seabed and its biota. The current drive towards an ecosystem approach in fisheries management requires a consideration of the implications of habitat deterioration and an understanding of the potential for restoration. We undertook a meta-analysis of 101 different fishing impact manipulations. The direct effects of different types of fishing gear were strongly habitat-specific. Th",https://doi.org/10.3354/meps311001,"(priming OR conditioning OR ""transgenerational plasticity"" OR ""carryover effect"" OR ""developmental programming"" OR hardening OR acclimatization OR ""parental effect"" OR ""epigenetic memory"" OR preconditioning OR ""transgenerational immune priming"") AND (marine OR ocean OR estuarine OR oyster OR mussel OR clam OR scallop OR coral OR abalone OR ""sea urchin"" OR bivalve OR mollusc)"
openalex,mackie1991,10.1007/978-94-011-3144-5_15,Mackie,1991,"Biology of the exotic zebra mussel, Dreissena polymorpha, in relation to native bivalves and its potential impact in Lake St. Clair",,https://doi.org/10.1007/978-94-011-3144-5_15,"(priming OR conditioning OR ""transgenerational plasticity"" OR ""carryover effect"" OR ""developmental programming"" OR hardening OR acclimatization OR ""parental effect"" OR ""epigenetic memory"" OR preconditioning OR ""transgenerational immune priming"") AND (marine OR ocean OR estuarine OR oyster OR mussel OR clam OR scallop OR coral OR abalone OR ""sea urchin"" OR bivalve OR mollusc)"
openalex,holbrook2020,10.1038/s43017-020-0068-4,Holbrook,2020,Keeping pace with marine heatwaves,"Prolonged extreme oceanic warm water events, known as marine heatwaves, can have devastating impacts on marine ecosystems. This Perspective explores the predictability of marine heatwaves, taking into account the physical drivers, monitoring and prediction approaches, and stakeholder considerations.",https://doi.org/10.1038/s43017-020-0068-4,"(priming OR conditioning OR ""transgenerational plasticity"" OR ""carryover effect"" OR ""developmental programming"" OR hardening OR acclimatization OR ""parental effect"" OR ""epigenetic memory"" OR preconditioning OR ""transgenerational immune priming"") AND (marine OR ocean OR estuarine OR oyster OR mussel OR clam OR scallop OR coral OR abalone OR ""sea urchin"" OR bivalve OR mollusc)"
openalex,wilson2015,10.1038/nature14986,Wilson,2015,A marine biogenic source of atmospheric ice-nucleating particles,,https://doi.org/10.1038/nature14986,"(priming OR conditioning OR ""transgenerational plasticity"" OR ""carryover effect"" OR ""developmental programming"" OR hardening OR acclimatization OR ""parental effect"" OR ""epigenetic memory"" OR preconditioning OR ""transgenerational immune priming"") AND (marine OR ocean OR estuarine OR oyster OR mussel OR clam OR scallop OR coral OR abalone OR ""sea urchin"" OR bivalve OR mollusc)"
openalex,botterell2018,10.1016/j.envpol.2018.10.065,Botterell,2018,Bioavailability and effects of microplastics on marine zooplankton: A review,"Microplastics are abundant and widespread in the marine environment. They are a contaminant of global environmental and economic concern. Due to their small size a wide range of marine species, including zooplankton can ingest them. Research has shown that microplastics are readily ingested by several zooplankton taxa, with associated negative impacts on biological processes. Zooplankton is a crucial food source for many secondary consumers, consequently this represents a route whereby microplastic could enter the food web and transfer up the trophic levels. In this review we aim to: 1) evaluate the current knowledge base regarding microplastic ingestion by zooplankton in both the laboratory and the field; and 2) summarise the factors which contribute to the bioavailability of microplastics to zooplankton. Current literature shows that microplastic ingestion has been recorded in 39 zooplankton species from 28 taxonomic orders including holo- and meroplanktonic species. The majority of studies occurred under laboratory conditions and negative effects were reported in ten studies (45%) demonstrating effects on feeding behaviour, growth, development, reproduction and lifespan. In cont",https://doi.org/10.1016/j.envpol.2018.10.065,"(priming OR conditioning OR ""transgenerational plasticity"" OR ""carryover effect"" OR ""developmental programming"" OR hardening OR acclimatization OR ""parental effect"" OR ""epigenetic memory"" OR preconditioning OR ""transgenerational immune priming"") AND (marine OR ocean OR estuarine OR oyster OR mussel OR clam OR scallop OR coral OR abalone OR ""sea urchin"" OR bivalve OR mollusc)"
openalex,isobe2019,10.1038/s41467-019-08316-9,Isobe,2019,Abundance of non-conservative microplastics in the upper ocean from 1957 to 2066,"Laboratory-based studies have suggested that marine organisms can be harmed by ingesting microplastics. However, unless the current and future microplastic abundance in the ocean environment is quantified, these experimental studies could be criticized for using an unrealistic density or sparsity of microplastics. Here we show the secular variations of pelagic microplastic abundance in the Pacific Ocean from 1957 to 2066, based on a combination of numerical modeling and transoceanic surveys conducted meridionally from Antarctica to Japan. Marine plastic pollution is an ongoing concern especially in the North Pacific, and pelagic microplastics are regarded as non-conservative matter due to the removal processes that operate in the upper ocean. The results of our numerical model incorporating removal processes on a 3-year timescale suggested that the weight concentrations of pelagic microplastics around the subtropical convergence zone would increase approximately twofold (fourfold) by 2030 (2060) from the present condition.",https://doi.org/10.1038/s41467-019-08316-9,"(priming OR conditioning OR ""transgenerational plasticity"" OR ""carryover effect"" OR ""developmental programming"" OR hardening OR acclimatization OR ""parental effect"" OR ""epigenetic memory"" OR preconditioning OR ""transgenerational immune priming"") AND (marine OR ocean OR estuarine OR oyster OR mussel OR clam OR scallop OR coral OR abalone OR ""sea urchin"" OR bivalve OR mollusc)"
openalex,ribeiro2023,10.1016/j.scitotenv.2023.162468,Ribeiro,2023,Oysters and mussels as equivalent sentinels of microplastics and natural particles in coastal environments,,https://doi.org/10.1016/j.scitotenv.2023.162468,"(priming OR conditioning OR ""transgenerational plasticity"" OR ""carryover effect"" OR ""developmental programming"" OR hardening OR acclimatization OR ""parental effect"" OR ""epigenetic memory"" OR preconditioning OR ""transgenerational immune priming"") AND (marine OR ocean OR estuarine OR oyster OR mussel OR clam OR scallop OR coral OR abalone OR ""sea urchin"" OR bivalve OR mollusc)"
openalex,stoddard2006,10.1890/1051-0761(2006)016[1267:seftec]2.0.co;2,Stoddard,2006,SETTING EXPECTATIONS FOR THE ECOLOGICAL CONDITION OF STREAMS: THE CONCEPT OF REFERENCE CONDITION,"An important component of the biological assessment of stream condition is an evaluation of the direct or indirect effects of human activities or disturbances. The concept of a ""reference condition"" is increasingly used to describe the standard or benchmark against which current condition is compared. Many individual nations, and the European Union as a whole, have codified the concept of reference condition in legislation aimed at protecting and improving the ecological condition of streams. However, the phrase ""reference condition"" has many meanings in a variety of contexts. One of the primary purposes of this paper is to bring some consistency to the use of the term. We argue the need for a ""reference condition"" term that is reserved for referring to the ""naturalness"" of the biota (structure and function) and that naturalness implies the absence of significant human disturbance or alteration. To avoid the confusion that arises when alternative definitions of reference condition are used, we propose that the original concept of reference condition be preserved in this modified form of the term: ""reference condition for biological integrity,"" or RC(BI). We further urge that these ",https://doi.org/10.1890/1051-0761(2006)016[1267:seftec]2.0.co;2,"(priming OR conditioning OR ""transgenerational plasticity"" OR ""carryover effect"" OR ""developmental programming"" OR hardening OR acclimatization OR ""parental effect"" OR ""epigenetic memory"" OR preconditioning OR ""transgenerational immune priming"") AND (marine OR ocean OR estuarine OR oyster OR mussel OR clam OR scallop OR coral OR abalone OR ""sea urchin"" OR bivalve OR mollusc)"
openalex,shi2016,10.1038/srep20197,Shi,2016,Ocean acidification increases cadmium accumulation in marine bivalves: a potential threat to seafood safety,"To date, the effects of ocean acidification on toxic metals accumulation and the underlying molecular mechanism remains unknown in marine bivalve species. In the present study, the effects of the realistic future ocean pCO2 levels on the cadmium (Cd) accumulation in the gills, mantle and adductor muscles of three bivalve species, Mytilus edulis, Tegillarca granosa, and Meretrix meretrix, were investigated. The results obtained suggested that all species tested accumulated significantly higher Cd (p < 0.05) in the CO2 acidified seawater during the 30 days experiment and the health risk of Cd (based on the estimated target hazard quotients, THQ) via consumption of M. meretrix at pH 7.8 and 7.4 significantly increased 1.21 and 1.32 times respectively, suggesting a potential threat to seafood safety. The ocean acidification-induced increase in Cd accumulation may have occurred due to (i) the ocean acidification increased the concentration of Cd and the Cd(2+)/Ca(2+) in the seawater, which in turn increased the Cd influx through Ca channel; (ii) the acidified seawater may have brought about epithelia damage, resulting in easier Cd penetration; and (iii) ocean acidification hampered Cd e",https://doi.org/10.1038/srep20197,"(priming OR conditioning OR ""transgenerational plasticity"" OR ""carryover effect"" OR ""developmental programming"" OR hardening OR acclimatization OR ""parental effect"" OR ""epigenetic memory"" OR preconditioning OR ""transgenerational immune priming"") AND (marine OR ocean OR estuarine OR oyster OR mussel OR clam OR scallop OR coral OR abalone OR ""sea urchin"" OR bivalve OR mollusc)"
openalex,okazaki1975,10.1093/icb/15.3.567,Okazaki,1975,Spicule Formation by Isolated Micromeres of the Sea Urchin Embryo,"Micromeres are isolated at the 16-cell stage from three species of Japanese sea urchins, Hemicentrotus pulcherrimus, Pseudocentrotus depressus, and Anthocidaris crassispina, and are cultured in sea water containing a small amount of horse serum. In all species used, isolated micromeres first divide unequally as they do in vivo. The pattern and number of the subsequent cleavages are also the same as in vivo, although they are not necessarily clear in all cases, since the border of the adjacent cells become invisible at each resting stage in some batches of embryos. After cleavage, passing through the stage when the contours of the individual cell are obscure, decendants of the isolated micromeres form cell aggregates similar to the group of primary mesenchyme cells in a blastula. Within such aggregates, a spicular rudiment appears which develops either into a triradiate spicule as in normal gastrulae or into a rod. The triradiate spicule grows into a three-dimensional skeleton which is very similar to the normal pluteus skeleton, not only in its final shape and size including species-specific characters but in its developmental course and crystallographic nature. The rod, on the oth",https://doi.org/10.1093/icb/15.3.567,"(priming OR conditioning OR ""transgenerational plasticity"" OR ""carryover effect"" OR ""developmental programming"" OR hardening OR acclimatization OR ""parental effect"" OR ""epigenetic memory"" OR preconditioning OR ""transgenerational immune priming"") AND (marine OR ocean OR estuarine OR oyster OR mussel OR clam OR scallop OR coral OR abalone OR ""sea urchin"" OR bivalve OR mollusc)"
openalex,ipcc2022,10.1017/9781009157964.007,(IPCC),2022,"Changing Ocean, Marine Ecosystems, and Dependent Communities",,https://doi.org/10.1017/9781009157964.007,"(priming OR conditioning OR ""transgenerational plasticity"" OR ""carryover effect"" OR ""developmental programming"" OR hardening OR acclimatization OR ""parental effect"" OR ""epigenetic memory"" OR preconditioning OR ""transgenerational immune priming"") AND (marine OR ocean OR estuarine OR oyster OR mussel OR clam OR scallop OR coral OR abalone OR ""sea urchin"" OR bivalve OR mollusc)"
openalex,miya2015,10.1098/rsos.150088,Miya,2015,"MiFish, a set of universal PCR primers for metabarcoding environmental DNA from fishes: detection of more than 230 subtropical marine species","We developed a set of universal PCR primers (MiFish-U/E) for metabarcoding environmental DNA (eDNA) from fishes. Primers were designed using aligned whole mitochondrial genome (mitogenome) sequences from 880 species, supplemented by partial mitogenome sequences from 160 elasmobranchs (sharks and rays). The primers target a hypervariable region of the 12S rRNA gene (163-185 bp), which contains sufficient information to identify fishes to taxonomic family, genus and species except for some closely related congeners. To test versatility of the primers across a diverse range of fishes, we sampled eDNA from four tanks in the Okinawa Churaumi Aquarium with known species compositions, prepared dual-indexed libraries and performed paired-end sequencing of the region using high-throughput next-generation sequencing technologies. Out of the 180 marine fish species contained in the four tanks with reference sequences in a custom database, we detected 168 species (93.3%) distributed across 59 families and 123 genera. These fishes are not only taxonomically diverse, ranging from sharks and rays to higher teleosts, but are also greatly varied in their ecology, including both pelagic and benthic ",https://doi.org/10.1098/rsos.150088,"(priming OR conditioning OR ""transgenerational plasticity"" OR ""carryover effect"" OR ""developmental programming"" OR hardening OR acclimatization OR ""parental effect"" OR ""epigenetic memory"" OR preconditioning OR ""transgenerational immune priming"") AND (marine OR ocean OR estuarine OR oyster OR mussel OR clam OR scallop OR coral OR abalone OR ""sea urchin"" OR bivalve OR mollusc)"
openalex,espinosa2011,10.1038/ncomms1172,Espinosa,2011,Tablet-level origin of toughening in abalone shells and translation to synthetic composite materials,,https://doi.org/10.1038/ncomms1172,"(priming OR conditioning OR ""transgenerational plasticity"" OR ""carryover effect"" OR ""developmental programming"" OR hardening OR acclimatization OR ""parental effect"" OR ""epigenetic memory"" OR preconditioning OR ""transgenerational immune priming"") AND (marine OR ocean OR estuarine OR oyster OR mussel OR clam OR scallop OR coral OR abalone OR ""sea urchin"" OR bivalve OR mollusc)"
openalex,kelly2013,10.1111/gcb.12251,Kelly,2013,Natural variation and the capacity to adapt to ocean acidification in the keystone sea urchin <i><scp>S</scp>trongylocentrotus purpuratus</i>,"A rapidly growing body of literature documents the potential negative effects of CO2 -driven ocean acidification (OA) on marine organisms. However, nearly all this work has focused on the effects of future conditions on modern populations, neglecting the role of adaptation. Rapid evolution can alter demographic responses to environmental change, ultimately affecting the likelihood of population persistence, but the capacity for adaptation will differ among populations and species. Here, we measure the capacity of the ecologically important purple sea urchin Strongylocentrotus purpuratus to adapt to OA, using a breeding experiment to estimate additive genetic variance for larval size (an important component of fitness) under future high-pCO2 /low-pH conditions. Although larvae reared under future conditions were smaller than those reared under present-day conditions, we show that there is also abundant genetic variation for body size under elevated pCO2 , indicating that this trait can evolve. The observed heritability of size was 0.40 ± 0.32 (95% CI) under low pCO2 , and 0.50 ± 0.30 under high-pCO2 conditions. Accounting for the observed genetic variation in models of future larval",https://doi.org/10.1111/gcb.12251,"(priming OR conditioning OR ""transgenerational plasticity"" OR ""carryover effect"" OR ""developmental programming"" OR hardening OR acclimatization OR ""parental effect"" OR ""epigenetic memory"" OR preconditioning OR ""transgenerational immune priming"") AND (marine OR ocean OR estuarine OR oyster OR mussel OR clam OR scallop OR coral OR abalone OR ""sea urchin"" OR bivalve OR mollusc)"
openalex,miller2012,10.1038/nclimate1599,Miller,2012,Parental environment mediates impacts of increased carbon dioxide on a coral reef fish,,https://doi.org/10.1038/nclimate1599,"(priming OR conditioning OR ""transgenerational plasticity"" OR ""carryover effect"" OR ""developmental programming"" OR hardening OR acclimatization OR ""parental effect"" OR ""epigenetic memory"" OR preconditioning OR ""transgenerational immune priming"") AND (marine OR ocean OR estuarine OR oyster OR mussel OR clam OR scallop OR coral OR abalone OR ""sea urchin"" OR bivalve OR mollusc)"
openalex,zenger2019,10.3389/fgene.2018.00693,Zenger,2019,"Genomic Selection in Aquaculture: Application, Limitations and Opportunities With Special Reference to Marine Shrimp and Pearl Oysters","Within aquaculture industries, selection based on genomic information (genomic selection) has the profound potential to change genetic improvement programs and production systems. Genomic selection exploits the use of realized genomic relationships among individuals, and information from genome-wide markers in close linkage disequilibrium with genes of biological and economic importance. We discuss the technical advances, practical requirements and commercial applications that have made genomic selection feasible in a range of aquaculture industries, with a particular focus on molluscs (pearl oysters, Pinctada maxima) and marine shrimp (Litopeneaus vannamei and Penaeus monodon). The use of low-cost genome sequencing has enabled cost-effective genotyping on a large-scale and is of particular value for species without a reference genome or access to commercial genotyping arrays. We highlight the pitfalls and offer solutions to the genotyping by sequencing approach, and the building of appropriate genetic resources to undertake genomic selection from first-hand experience. We describe the potential to capture large-scale commercial phenotypes based on image analysis and artificial int",https://doi.org/10.3389/fgene.2018.00693,"(priming OR conditioning OR ""transgenerational plasticity"" OR ""carryover effect"" OR ""developmental programming"" OR hardening OR acclimatization OR ""parental effect"" OR ""epigenetic memory"" OR preconditioning OR ""transgenerational immune priming"") AND (marine OR ocean OR estuarine OR oyster OR mussel OR clam OR scallop OR coral OR abalone OR ""sea urchin"" OR bivalve OR mollusc)"
openalex,pomeroy2001,10.3354/ame023187,Pomeroy,2001,Temperature and substrates as interactive limiting factors for marine heterotrophic bacteria,"Active heterotrophic bacterial communities exist in all marine environments, and although their growth rates or respiratory rates may be limited by the interaction of low substrate concentrations with temperatures near their lower limit for growth, temperature and substrate concentrations are rarely considered together as limiting factors. Moreover, attempts to evaluate metabolic limits by both temperature and substrate concentration have sometimes led to confusing conclusions, because, while we can measure dissolved organic carbon (DOC) concentrations in natural waters, much of it is not readily available to heterotrophic bacteria. In spite of this procedural limitation, it can be helpful to regard temperature and substrate concentration as potential limiting factors that interact. In temperate ocean surface waters and estuarine waters, where bacterial growth is often reduced in winter, growth and respiration may be increased experimentally either by raising the temperature or by increasing organic substrate concentrations, providing indirect evidence that the limitation is an effect of temperature on substrate uptake or assimilation. Experimental work with bacterial isolates also",https://doi.org/10.3354/ame023187,"(priming OR conditioning OR ""transgenerational plasticity"" OR ""carryover effect"" OR ""developmental programming"" OR hardening OR acclimatization OR ""parental effect"" OR ""epigenetic memory"" OR preconditioning OR ""transgenerational immune priming"") AND (marine OR ocean OR estuarine OR oyster OR mussel OR clam OR scallop OR coral OR abalone OR ""sea urchin"" OR bivalve OR mollusc)"
openalex,zhang2015,10.1146/annurev-animal-022114-110903,Zhang,2015,Molecular Basis for Adaptation of Oysters to Stressful Marine Intertidal Environments,"Oysters that occupy estuarine and intertidal habitats have well-developed stress tolerance mechanisms to tolerate harsh and dynamically changing environments. In this review, we summarize common pathways and genomic features in oyster that are responsive to environmental stressors such as temperature, salinity, hypoxia, air exposure, pathogens, and anthropogenic pollutions. We first introduce the key genes involved in several pathways, which constitute the molecular basis for adaptation to stress. We use genome analysis to highlight the strong cellular homeostasis system, a unique adaptive characteristic of oysters. Next, we provide a global view of features of the oyster genome that contribute to stress adaptation, including oyster-specific gene expansion, highly inducible expression, and functional divergence. Finally, we review the consequences of interactions between oysters and the environment from ecological and evolutionary perspectives by discussing mass mortality and adaptive divergence among populations and related species of the genus Crassostrea. We conclude with prospects for future study.",https://doi.org/10.1146/annurev-animal-022114-110903,"(priming OR conditioning OR ""transgenerational plasticity"" OR ""carryover effect"" OR ""developmental programming"" OR hardening OR acclimatization OR ""parental effect"" OR ""epigenetic memory"" OR preconditioning OR ""transgenerational immune priming"") AND (marine OR ocean OR estuarine OR oyster OR mussel OR clam OR scallop OR coral OR abalone OR ""sea urchin"" OR bivalve OR mollusc)"
openalex,takahashi1993,10.1029/93gb02263,Takahashi,1993,Seasonal variation of CO <sub>2</sub> and nutrients in the high‐latitude surface oceans: A comparative study,"Seasonal data for pCO 2 and the concentrations of CO 2 and nutrients in high‐latitude surface oceans obtained by the Lamont‐Doherty CO 2 group and Marine Research Institute, Reykjavik, are presented and analyzed. The seasonal progression and relationships between these properties are described, and their inter‐ocean variation is compared. Spring phytoplankton blooms in the surface water of the North Atlantic Ocean and Iceland Sea caused a precipitous reduction of surface water pCO 2 and the concentrations of CO 2 and nutrients within two weeks, and proceeded until the nutrient salts were exhausted. This type of seasonal behavior is limited to the high‐latitude (north of approximately 40°N) North Atlantic Ocean and adjoining seas. In contrast, seasonal changes in CO 2 and nutrients were more gradual in the North Pacific and the nutrients were only partially consumed in the surface waters of the subarctic North Pacific Ocean and Southern Ocean. The magnitude of seasonal changes in nutrient concentrations in the North Pacific and Southern Oceans was similar to that observed in the North Atlantic and adjoining seas. In the subpolar and polar waters of the North and South Atlantic and N",https://doi.org/10.1029/93gb02263,"(priming OR conditioning OR ""transgenerational plasticity"" OR ""carryover effect"" OR ""developmental programming"" OR hardening OR acclimatization OR ""parental effect"" OR ""epigenetic memory"" OR preconditioning OR ""transgenerational immune priming"") AND (marine OR ocean OR estuarine OR oyster OR mussel OR clam OR scallop OR coral OR abalone OR ""sea urchin"" OR bivalve OR mollusc)"
openalex,buck2017,10.1007/978-3-319-51159-7,Buck,2017,Aquaculture Perspective of Multi-Use Sites in the Open Ocean,"This book is open access under a CC BY 4.0 license. This volume addresses the potential for combining large-scale marine aquaculture of macroalgae, molluscs, crustaceans, and finfish, with offshore st",https://doi.org/10.1007/978-3-319-51159-7,"(priming OR conditioning OR ""transgenerational plasticity"" OR ""carryover effect"" OR ""developmental programming"" OR hardening OR acclimatization OR ""parental effect"" OR ""epigenetic memory"" OR preconditioning OR ""transgenerational immune priming"") AND (marine OR ocean OR estuarine OR oyster OR mussel OR clam OR scallop OR coral OR abalone OR ""sea urchin"" OR bivalve OR mollusc)"
openalex,howells2013,10.1890/12-1257.1,Howells,2013,Historical thermal regimes define limits to coral acclimatization,"Knowledge of the degree to which corals undergo physiological acclimatization or genetic adaptation in response to changes in their thermal environment is crucial to the success of coral reef conservation strategies. The potential of corals to acclimatize to temperatures exceeding historical thermal regimes was investigated by reciprocal transplantation of Acropora millepora colonies between the warm central and cool southern regions of the Great Barrier Reef (GBR) for a duration of 14 months. Colony fragments retained at native sites remained healthy, whereas transplanted fragments, although healthy over initial months when temperatures remained within native thermal regimes, subsequently bleached and suffered mortality during seasonal temperature extremes. Corals hosting Symbiodinium D transplanted to the southern GBR bleached in winter and the majority suffered whole (40%; n=20 colonies) or partial (50%) mortality at temperatures 1.1 degrees C below their 15-year native minimum. In contrast, corals hosting Symbiodinium C2 transplanted to the central GBR bleached in summer and suffered whole (50%; n=10 colonies) or partial (42%) mortality at temperatures 2.5 degrees C above their",https://doi.org/10.1890/12-1257.1,"(priming OR conditioning OR ""transgenerational plasticity"" OR ""carryover effect"" OR ""developmental programming"" OR hardening OR acclimatization OR ""parental effect"" OR ""epigenetic memory"" OR preconditioning OR ""transgenerational immune priming"") AND (marine OR ocean OR estuarine OR oyster OR mussel OR clam OR scallop OR coral OR abalone OR ""sea urchin"" OR bivalve OR mollusc)"
openalex,todd2019,10.1111/oik.05946,Todd,2019,"Towards an urban marine ecology: characterizing the drivers, patterns and processes of marine ecosystems in coastal cities","Human population density within 100 km of the sea is approximately three times higher than the global average. People in this zone are concentrated in coastal cities that are hubs for transport and trade – which transform the marine environment. Here, we review the impacts of three interacting drivers of marine urbanization (resource exploitation, pollution pathways and ocean sprawl) and discuss key characteristics that are symptomatic of urban marine ecosystems. Current evidence suggests these systems comprise spatially heterogeneous mosaics with respect to artificial structures, pollutants and community composition, while also undergoing biotic homogenization over time. Urban marine ecosystem dynamics are often influenced by several commonly observed patterns and processes, including the loss of foundation species, changes in biodiversity and productivity, and the establishment of ruderal species, synanthropes and novel assemblages. We discuss potential urban acclimatization and adaptation among marine taxa, interactive effects of climate change and marine urbanization, and ecological engineering strategies for enhancing urban marine ecosystems. By assimilating research findings ",https://doi.org/10.1111/oik.05946,"(priming OR conditioning OR ""transgenerational plasticity"" OR ""carryover effect"" OR ""developmental programming"" OR hardening OR acclimatization OR ""parental effect"" OR ""epigenetic memory"" OR preconditioning OR ""transgenerational immune priming"") AND (marine OR ocean OR estuarine OR oyster OR mussel OR clam OR scallop OR coral OR abalone OR ""sea urchin"" OR bivalve OR mollusc)"
openalex,syvitski2006,10.1086/509246,Syvitski,2006,"Geology, Geography, and Humans Battle for Dominance over the Delivery of Fluvial Sediment to the Coastal Ocean","Sediment flux to the coastal zone is conditioned by geomorphic and tectonic influences (basin area and relief), geography (temperature, runoff), geology (lithology, ice cover), and human activities (reservoir trapping, soil erosion). A new model, termed “BQART” in recognition of those factors, accounts for these varied influences. When applied to a database of 488 rivers, the BQART model showed no ensemble over‐ or underprediction, had a bias of just 3% across six orders of magnitude in observational values, and accounted for 96% of the between‐river variation in the long‐term (±30 years) sediment load or yield of these rivers. The geographical range of the 488 rivers covers 63% of the global land surface and is highly representative of global geology, climate, and socioeconomic conditions. Based strictly on geological parameters (basin area, relief, lithology, ice erosion), 65% of the between‐river sediment load is explained. Climatic factors (precipitation and temperature) account for an additional 14% of the variability in global patterns in load. Anthropogenic factors account for an additional 16% of the between‐river loads, although with ever more dams being constructed or dec",https://doi.org/10.1086/509246,"(priming OR conditioning OR ""transgenerational plasticity"" OR ""carryover effect"" OR ""developmental programming"" OR hardening OR acclimatization OR ""parental effect"" OR ""epigenetic memory"" OR preconditioning OR ""transgenerational immune priming"") AND (marine OR ocean OR estuarine OR oyster OR mussel OR clam OR scallop OR coral OR abalone OR ""sea urchin"" OR bivalve OR mollusc)"
openalex,ellis2002,10.1016/s0022-0981(01)00355-0,Ellis,2002,"Determining effects of suspended sediment on condition of a suspension feeding bivalve (Atrina zelandica): results of a survey, a laboratory experiment and a field transplant experiment",,https://doi.org/10.1016/s0022-0981(01)00355-0,"(priming OR conditioning OR ""transgenerational plasticity"" OR ""carryover effect"" OR ""developmental programming"" OR hardening OR acclimatization OR ""parental effect"" OR ""epigenetic memory"" OR preconditioning OR ""transgenerational immune priming"") AND (marine OR ocean OR estuarine OR oyster OR mussel OR clam OR scallop OR coral OR abalone OR ""sea urchin"" OR bivalve OR mollusc)"
openalex,laws2000,10.1029/1999gb001229,Laws,2000,Temperature effects on export production in the open ocean,"A pelagic food web model was formulated with the goal of developing a quantitative understanding of the relationship between total production, export production, and environmental variables in marine ecosystems. The model assumes that primary production is partitioned through both large and small phytoplankton and that the food web adjusts to changes in the rate of allochthonous nutrient inputs in a way that maximizes stability, i.e., the ability of the system to return to steady state following a perturbation. The results of the modeling exercise indicate that ef ratios, defined as new production/total production = export production/total production, are relatively insensitive to total production rates at temperatures greater than ∼25°C and lie in the range 0.1‐0.2. At moderate to high total production rates, ef ratios are insensitive to total production and negatively correlated with temperature. The maximum ef ratios are ∼0.67 at high rates of production and temperatures of 0°−10°C. At temperatures less than ∼20°C, there is a transition from low ef ratios to relatively high ef ratios as total production increases from low to moderate values. This transition accounts for the hype",https://doi.org/10.1029/1999gb001229,"(priming OR conditioning OR ""transgenerational plasticity"" OR ""carryover effect"" OR ""developmental programming"" OR hardening OR acclimatization OR ""parental effect"" OR ""epigenetic memory"" OR preconditioning OR ""transgenerational immune priming"") AND (marine OR ocean OR estuarine OR oyster OR mussel OR clam OR scallop OR coral OR abalone OR ""sea urchin"" OR bivalve OR mollusc)"
openalex,ziegler2017,10.1038/ncomms14213,Ziegler,2017,Bacterial community dynamics are linked to patterns of coral heat tolerance,"Ocean warming threatens corals and the coral reef ecosystem. Nevertheless, corals can be adapted to their thermal environment and inherit heat tolerance across generations. In addition, the diverse microbes that associate with corals have the capacity for more rapid change, potentially aiding the adaptation of long-lived corals. Here, we show that the microbiome of reef corals is different across thermally variable habitats and changes over time when corals are reciprocally transplanted. Exposing these corals to thermal bleaching conditions changes the microbiome for heat-sensitive corals, but not for heat-tolerant corals growing in habitats with natural high heat extremes. Importantly, particular bacterial taxa predict the coral host response in a short-term heat stress experiment. Such associations could result from parallel responses of the coral and the microbial community to living at high natural temperatures. A competing hypothesis is that the microbial community and coral heat tolerance are causally linked.",https://doi.org/10.1038/ncomms14213,"(priming OR conditioning OR ""transgenerational plasticity"" OR ""carryover effect"" OR ""developmental programming"" OR hardening OR acclimatization OR ""parental effect"" OR ""epigenetic memory"" OR preconditioning OR ""transgenerational immune priming"") AND (marine OR ocean OR estuarine OR oyster OR mussel OR clam OR scallop OR coral OR abalone OR ""sea urchin"" OR bivalve OR mollusc)"
openalex,lowe2014,10.1146/annurev-marine-010814-015834,Lowe,2014,Oceanic Forcing of Coral Reefs,"Although the oceans play a fundamental role in shaping the distribution and function of coral reefs worldwide, a modern understanding of the complex interactions between ocean and reef processes is still only emerging. These dynamics are especially challenging owing to both the broad range of spatial scales (less than a meter to hundreds of kilometers) and the complex physical and biological feedbacks involved. Here, we review recent advances in our understanding of these processes, ranging from the small-scale mechanics of flow around coral communities and their influence on nutrient exchange to larger, reef-scale patterns of wave- and tide-driven circulation and their effects on reef water quality and perceived rates of metabolism. We also examine regional-scale drivers of reefs such as coastal upwelling, internal waves, and extreme disturbances such as cyclones. Our goal is to show how a wide range of ocean-driven processes ultimately shape the growth and metabolism of coral reefs.",https://doi.org/10.1146/annurev-marine-010814-015834,"(priming OR conditioning OR ""transgenerational plasticity"" OR ""carryover effect"" OR ""developmental programming"" OR hardening OR acclimatization OR ""parental effect"" OR ""epigenetic memory"" OR preconditioning OR ""transgenerational immune priming"") AND (marine OR ocean OR estuarine OR oyster OR mussel OR clam OR scallop OR coral OR abalone OR ""sea urchin"" OR bivalve OR mollusc)"
openalex,veron2009,10.1016/j.marpolbul.2009.09.009,Veron,2009,The coral reef crisis: The critical importance of&lt;350ppm CO2,"Temperature-induced mass coral bleaching causing mortality on a wide geographic scale started when atmospheric CO(2) levels exceeded approximately 320 ppm. When CO(2) levels reached approximately 340 ppm, sporadic but highly destructive mass bleaching occurred in most reefs world-wide, often associated with El Niño events. Recovery was dependent on the vulnerability of individual reef areas and on the reef's previous history and resilience. At today's level of approximately 387 ppm, allowing a lag-time of 10 years for sea temperatures to respond, most reefs world-wide are committed to an irreversible decline. Mass bleaching will in future become annual, departing from the 4 to 7 years return-time of El Niño events. Bleaching will be exacerbated by the effects of degraded water-quality and increased severe weather events. In addition, the progressive onset of ocean acidification will cause reduction of coral growth and retardation of the growth of high magnesium calcite-secreting coralline algae. If CO(2) levels are allowed to reach 450 ppm (due to occur by 2030-2040 at the current rates), reefs will be in rapid and terminal decline world-wide from multiple synergies arising from ma",https://doi.org/10.1016/j.marpolbul.2009.09.009,"(priming OR conditioning OR ""transgenerational plasticity"" OR ""carryover effect"" OR ""developmental programming"" OR hardening OR acclimatization OR ""parental effect"" OR ""epigenetic memory"" OR preconditioning OR ""transgenerational immune priming"") AND (marine OR ocean OR estuarine OR oyster OR mussel OR clam OR scallop OR coral OR abalone OR ""sea urchin"" OR bivalve OR mollusc)"
openalex,peixoto2017,10.3389/fmicb.2017.00341,Peixoto,2017,Beneficial Microorganisms for Corals (BMC): Proposed Mechanisms for Coral Health and Resilience,"The symbiotic association between the coral animal and its endosymbiotic dinoflagellate partner Symbiodinium is central to the success of corals. However, an array of other microorganisms associated with coral (i.e., Bacteria, Archaea, Fungi and viruses) have a complex and intricate role in maintaining homeostasis between corals and Symbiodinium. Corals are sensitive to shifts in the surrounding environmental conditions. One of the most widely reported responses of coral to stressful environmental conditions is bleaching. During this event, corals expel Symbiodinium cells from their gastrodermal tissues upon experiencing extended seawater temperatures above their thermal threshold. An array of other environmental stressors can also destabilize the coral microbiome, resulting in compromised health of the host, which may include disease and mortality in the worst scenario. However, the exact mechanisms by which the coral microbiome supports coral health and increases resilience are poorly understood. Earlier studies of coral microbiology proposed a coral probiotic hypothesis, wherein a dynamic relationship exists between corals and their symbiotic microorganisms, selecting for the co",https://doi.org/10.3389/fmicb.2017.00341,"(priming OR conditioning OR ""transgenerational plasticity"" OR ""carryover effect"" OR ""developmental programming"" OR hardening OR acclimatization OR ""parental effect"" OR ""epigenetic memory"" OR preconditioning OR ""transgenerational immune priming"") AND (marine OR ocean OR estuarine OR oyster OR mussel OR clam OR scallop OR coral OR abalone OR ""sea urchin"" OR bivalve OR mollusc)"
openalex,selig2010,10.1371/journal.pone.0009278,Selig,2010,A Global Analysis of the Effectiveness of Marine Protected Areas in Preventing Coral Loss,"BACKGROUND: A variety of human activities have led to the recent global decline of reef-building corals. The ecological, social, and economic value of coral reefs has made them an international conservation priority. The success of Marine Protected Areas (MPAs) in restoring fish populations has led to optimism that they could also benefit corals by indirectly reducing threats like overfishing, which cause coral degradation and mortality. However, the general efficacy of MPAs in increasing coral reef resilience has never been tested. METHODOLOGY/PRINCIPAL FINDINGS: We compiled a global database of 8534 live coral cover surveys from 1969-2006 to compare annual changes in coral cover inside 310 MPAs to unprotected areas. We found that on average, coral cover within MPAs remained constant, while coral cover on unprotected reefs declined. Although the short-term differences between unprotected and protected reefs are modest, they could be significant over the long-term if the effects are temporally consistent. Our results also suggest that older MPAs were generally more effective in preventing coral loss. Initially, coral cover continued to decrease after MPA establishment. Several year",https://doi.org/10.1371/journal.pone.0009278,"(priming OR conditioning OR ""transgenerational plasticity"" OR ""carryover effect"" OR ""developmental programming"" OR hardening OR acclimatization OR ""parental effect"" OR ""epigenetic memory"" OR preconditioning OR ""transgenerational immune priming"") AND (marine OR ocean OR estuarine OR oyster OR mussel OR clam OR scallop OR coral OR abalone OR ""sea urchin"" OR bivalve OR mollusc)"
openalex,berdalet2015,10.1017/s0025315415001733,Berdalet,2015,"Marine harmful algal blooms, human health and wellbeing: challenges and opportunities in the 21st century","Microalgal blooms are a natural part of the seasonal cycle of photosynthetic organisms in marine ecosystems. They are key components of the structure and dynamics of the oceans and thus sustain the benefits that humans obtain from these aquatic environments. However, some microalgal blooms can cause harm to humans and other organisms. These harmful algal blooms (HABs) have direct impacts on human health and negative influences on human wellbeing, mainly through their consequences to coastal ecosystem services (fisheries, tourism and recreation) and other marine organisms and environments. HABs are natural phenomena, but these events can be favoured by anthropogenic pressures in coastal areas. Global warming and associated changes in the oceans could affect HAB occurrences and toxicity as well, although forecasting the possible trends is still speculative and requires intensive multidisciplinary research. At the beginning of the 21st century, with expanding human populations, particularly in coastal and developing countries, mitigating HABs impacts on human health and wellbeing is becoming a more pressing public health need. The available tools to address this global challenge inclu",https://doi.org/10.1017/s0025315415001733,"(priming OR conditioning OR ""transgenerational plasticity"" OR ""carryover effect"" OR ""developmental programming"" OR hardening OR acclimatization OR ""parental effect"" OR ""epigenetic memory"" OR preconditioning OR ""transgenerational immune priming"") AND (marine OR ocean OR estuarine OR oyster OR mussel OR clam OR scallop OR coral OR abalone OR ""sea urchin"" OR bivalve OR mollusc)"
openalex,masanja2023,10.3389/fmars.2023.1159261,Masanja,2023,Impacts of marine heat extremes on bivalves,"As the global ocean continues to experience the consequences of an increase in the frequency and intensity of heat waves, the trend is expected to persist into the 21st century, with a projected tripling of heat waves by 2040. This phenomenon poses a significant threat to marine ecosystems and the survival of marine organisms, including the ecologically and economically vital bivalves. Bivalves are vulnerable to harm from heat stress at various levels of biological organization, and their growth can be negatively impacted by high temperatures, potentially leading to mass mortalities and posing a threat to ecosystem quality and food security. In light of these concerns, this review aims to provide a comprehensive examination of the effects of heat stress on bivalves. It summarizes the physiological and biochemical changes that bivalves undergo in response to extreme heat events and offers an overview of the strategies they employ to mitigate their impacts. A better understanding of the underlying mechanisms of bivalve responses to heat stress is crucial in order to fully appreciate the impact of these events on these organisms. This review synthesizes the current knowledge on heat s",https://doi.org/10.3389/fmars.2023.1159261,"(priming OR conditioning OR ""transgenerational plasticity"" OR ""carryover effect"" OR ""developmental programming"" OR hardening OR acclimatization OR ""parental effect"" OR ""epigenetic memory"" OR preconditioning OR ""transgenerational immune priming"") AND (marine OR ocean OR estuarine OR oyster OR mussel OR clam OR scallop OR coral OR abalone OR ""sea urchin"" OR bivalve OR mollusc)"
openalex,hunt1997,10.3354/meps155269,Hunt,1997,Role of early post-settlement mortality in recruitment of benthic marine invertebrates,"Newly settled invertebrates usually are subject to high rates of mortality (Type 111 survivorship). Therefore, knowledge of early post-settlement events is critical in determ~nlng if and when patterns of abundance and distribution of juveniles reflect settlement patterns. Causes of mortality of early juvenile invertebrates include delay of metamorphosis, biological disturbance, physical disturbance and hydrodynamics, physiological stress, predation, and competition. Predation is the best documented cause of early n~ortallty, particularly for mobile species. Other possible causes which have not yet been investigated are developmental abnormalities, insufficient energy reserves, disease and parasitism In most studies of sessile invertebrates, early post-settlement mortality did not obscure the relationship between recruit and settler abundance. This relatlonsh~p appears to be more varlable among mobile species for which migrat~on also can modify the distnbution of settlers. There is still insufficient data to support general conclusions about the conditions under which recruitment rate can be predicted from settlement rate. Studies have found evidence of the effects of both settlemen",https://doi.org/10.3354/meps155269,"(priming OR conditioning OR ""transgenerational plasticity"" OR ""carryover effect"" OR ""developmental programming"" OR hardening OR acclimatization OR ""parental effect"" OR ""epigenetic memory"" OR preconditioning OR ""transgenerational immune priming"") AND (marine OR ocean OR estuarine OR oyster OR mussel OR clam OR scallop OR coral OR abalone OR ""sea urchin"" OR bivalve OR mollusc)"
openalex,sousa2008,10.1051/limn:2008017,Sousa,2008,"Ecology of the invasive Asian clam Corbicula fluminea (Müller, 1774) in aquatic ecosystems: an overview","The Asian clam Corbicula fluminea is one of the most invasive species in freshwater aquatic ecosystems. The rapid growth, earlier sexual maturity, short life span, high fecundity and its association with human activities makes C. fluminea a non-indigenous invasive species likely to colonize new environments. This species, originally distributed in Asiatic ecosystems, is now a common inhabitant of American and European freshwater habitats. The present paper reviews the information related to the life cycle, ecology and potential ecological and economic impacts caused by C. fluminea in the invaded habitats. Furthermore, this paper also proposed future works that may be implemented in order to increase our general knowledge about the ecology of this bivalve.",https://doi.org/10.1051/limn:2008017,"(priming OR conditioning OR ""transgenerational plasticity"" OR ""carryover effect"" OR ""developmental programming"" OR hardening OR acclimatization OR ""parental effect"" OR ""epigenetic memory"" OR preconditioning OR ""transgenerational immune priming"") AND (marine OR ocean OR estuarine OR oyster OR mussel OR clam OR scallop OR coral OR abalone OR ""sea urchin"" OR bivalve OR mollusc)"
openalex,callow2011,10.1038/ncomms1251,Callow,2011,Trends in the development of environmentally friendly fouling-resistant marine coatings,,https://doi.org/10.1038/ncomms1251,"(priming OR conditioning OR ""transgenerational plasticity"" OR ""carryover effect"" OR ""developmental programming"" OR hardening OR acclimatization OR ""parental effect"" OR ""epigenetic memory"" OR preconditioning OR ""transgenerational immune priming"") AND (marine OR ocean OR estuarine OR oyster OR mussel OR clam OR scallop OR coral OR abalone OR ""sea urchin"" OR bivalve OR mollusc)"
openalex,calder2014,10.1016/j.bbalip.2014.08.010,Calder,2014,"Marine omega-3 fatty acids and inflammatory processes: Effects, mechanisms and clinical relevance",,https://doi.org/10.1016/j.bbalip.2014.08.010,"(priming OR conditioning OR ""transgenerational plasticity"" OR ""carryover effect"" OR ""developmental programming"" OR hardening OR acclimatization OR ""parental effect"" OR ""epigenetic memory"" OR preconditioning OR ""transgenerational immune priming"") AND (marine OR ocean OR estuarine OR oyster OR mussel OR clam OR scallop OR coral OR abalone OR ""sea urchin"" OR bivalve OR mollusc)"
openalex,marshall2008,10.1890/07-0449.1,Marshall,2008,TRANSGENERATIONAL PLASTICITY IN THE SEA: CONTEXT-DEPENDENT MATERNAL EFFECTS ACROSS THE LIFE HISTORY,"Maternal effects can have dramatic influences on the phenotype of offspring. Maternal effects can act as a conduit by which the maternal environment negatively affects offspring fitness, but they can also buffer offspring from environmental change by altering the phenotype of offspring according to local environmental conditions and as such, are a form of transgenerational plasticity. The benefits of maternal effects can be highly context dependent, increasing performance in one life-history stage but reducing it in another. While maternal effects are increasingly well understood in terrestrial systems, studies in the marine environment are typically restricted to a single, early life-history stage. Here, I examine the role of maternal effects across the life history of the bryozoan Bugula neritina. I exposed maternal colonies to a common pollution stress (copper) in the laboratory and then placed them in the field for one week to brood offspring. I then examined the resistance of offspring to copper from toxicant-exposed and toxicant-naïve mothers and found that offspring from toxicant-exposed mothers were larger, more dispersive, and more resistant to copper stress than offspring",https://doi.org/10.1890/07-0449.1,"(priming OR conditioning OR ""transgenerational plasticity"" OR ""carryover effect"" OR ""developmental programming"" OR hardening OR acclimatization OR ""parental effect"" OR ""epigenetic memory"" OR preconditioning OR ""transgenerational immune priming"") AND (marine OR ocean OR estuarine OR oyster OR mussel OR clam OR scallop OR coral OR abalone OR ""sea urchin"" OR bivalve OR mollusc)"
openalex,schaefer1991,10.1016/s0092-8240(05)80049-7,Schaefer,1991,Some aspects of the dynamics of populations important to the management of the commercial marine fisheries,,https://doi.org/10.1016/s0092-8240(05)80049-7,"(priming OR conditioning OR ""transgenerational plasticity"" OR ""carryover effect"" OR ""developmental programming"" OR hardening OR acclimatization OR ""parental effect"" OR ""epigenetic memory"" OR preconditioning OR ""transgenerational immune priming"") AND (marine OR ocean OR estuarine OR oyster OR mussel OR clam OR scallop OR coral OR abalone OR ""sea urchin"" OR bivalve OR mollusc)"
openalex,scyphers2011,10.1371/journal.pone.0022396,Scyphers,2011,Oyster Reefs as Natural Breakwaters Mitigate Shoreline Loss and Facilitate Fisheries,"Shorelines at the interface of marine, estuarine and terrestrial biomes are among the most degraded and threatened habitats in the coastal zone because of their sensitivity to sea level rise, storms and increased human utilization. Previous efforts to protect shorelines have largely involved constructing bulkheads and seawalls which can detrimentally affect nearshore habitats. Recently, efforts have shifted towards ""living shoreline"" approaches that include biogenic breakwater reefs. Our study experimentally tested the efficacy of breakwater reefs constructed of oyster shell for protecting eroding coastal shorelines and their effect on nearshore fish and shellfish communities. Along two different stretches of eroding shoreline, we created replicated pairs of subtidal breakwater reefs and established unaltered reference areas as controls. At both sites we measured shoreline and bathymetric change and quantified oyster recruitment, fish and mobile macro-invertebrate abundances. Breakwater reef treatments mitigated shoreline retreat by more than 40% at one site, but overall vegetation retreat and erosion rates were high across all treatments and at both sites. Oyster settlement and su",https://doi.org/10.1371/journal.pone.0022396,"(priming OR conditioning OR ""transgenerational plasticity"" OR ""carryover effect"" OR ""developmental programming"" OR hardening OR acclimatization OR ""parental effect"" OR ""epigenetic memory"" OR preconditioning OR ""transgenerational immune priming"") AND (marine OR ocean OR estuarine OR oyster OR mussel OR clam OR scallop OR coral OR abalone OR ""sea urchin"" OR bivalve OR mollusc)"
openalex,crook2013,10.1073/pnas.1301589110,Crook,2013,Reduced calcification and lack of acclimatization by coral colonies growing in areas of persistent natural acidification,"As the surface ocean equilibrates with rising atmospheric CO2, the pH of surface seawater is decreasing with potentially negative impacts on coral calcification. A critical question is whether corals will be able to adapt or acclimate to these changes in seawater chemistry. We use high precision CT scanning of skeletal cores of Porites astreoides, an important Caribbean reef-building coral, to show that calcification rates decrease significantly along a natural gradient in pH and aragonite saturation (Ωarag). This decrease is accompanied by an increase in skeletal erosion and predation by boring organisms. The degree of sensitivity to reduced Ωarag measured on our field corals is consistent with that exhibited by the same species in laboratory CO2 manipulation experiments. We conclude that the Porites corals at our field site were not able to acclimatize enough to prevent the impacts of local ocean acidification on their skeletal growth and development, despite spending their entire lifespan in low pH, low Ωarag seawater.",https://doi.org/10.1073/pnas.1301589110,"(priming OR conditioning OR ""transgenerational plasticity"" OR ""carryover effect"" OR ""developmental programming"" OR hardening OR acclimatization OR ""parental effect"" OR ""epigenetic memory"" OR preconditioning OR ""transgenerational immune priming"") AND (marine OR ocean OR estuarine OR oyster OR mussel OR clam OR scallop OR coral OR abalone OR ""sea urchin"" OR bivalve OR mollusc)"
openalex,ferguson1994,10.3168/jds.s0022-0302(94)77212-x,Ferguson,1994,Principal Descriptors of Body Condition Score in Holstein Cows,"The objective of this study was to assess objectively the ability of observers to assess body condition of dairy cows. Four observers independently assigned a body condition score (five-point scale, .25 increments) and described the appearance of seven body regions of 225 Holstein cows. Areas described were the thurl region, ischial and ileal tuberosities, ilio-sacral and ischio-coccygeal ligaments, transverse processes of the lumbar vertebrae, and spinous processes of the lumbar vertebrae. An absolute body condition score was designated for each cow based on the modal body condition score for all observers. If there was no modal body condition score, the mean score was used for the absolute body condition score. Statistical analysis of principal components was used to examine the relationship between body region description and absolute body condition score. Descriptions of body regions were highly correlated across all absolute body condition scores. Four principal component vectors explained 83.6% of the variation of the body region correlation matrix. The first principal latent vector accounted for 55% of the variation and was uniformly correlated with all body regions. Analysi",https://doi.org/10.3168/jds.s0022-0302(94)77212-x,"(priming OR conditioning OR ""transgenerational plasticity"" OR ""carryover effect"" OR ""developmental programming"" OR hardening OR acclimatization OR ""parental effect"" OR ""epigenetic memory"" OR preconditioning OR ""transgenerational immune priming"") AND (marine OR ocean OR estuarine OR oyster OR mussel OR clam OR scallop OR coral OR abalone OR ""sea urchin"" OR bivalve OR mollusc)"
openalex,fulton2001,10.1002/etc.5620200104,Fulton,2001,Acetylcholinesterase inhibition in estuarine fish and invertebrates as an indicator of organophosphorus insecticide exposure and effects,"The majority of insecticides currently in use are organophosphorus, carbamate, and synthetic pyrethroid compounds. Organophosphorus insecticides (OPs) produce toxicity by inhibiting the cholinesterase enzymes in the nervous system. Monitoring of acetylcholinesterase (AChE) inhibition has been widely used in terrestrial and freshwater aquatic systems as an indicator of OP exposure and effects. This review describes the use of AChE inhibition as a biomarker in the estuarine environment, discusses the relationship between AChE inhibition and other manifestations of OP toxicity, and highlights areas where additional research is needed. A variety of studies with estuarine fish have suggested that brain AChE inhibition levels of > 70% are associated with mortality in most species. Selected species, however, appear capable of tolerating much higher levels (> 90%) of brain inhibition. Sublethal effects on stamina have been reported for some estuarine fish in association with brain AChE inhibition levels as low as 50%. Most studies suggest, however, that these effects are observed only when brain AChE inhibition is at near-lethal levels. A number of field studies have successfully used AChE",https://doi.org/10.1002/etc.5620200104,"(priming OR conditioning OR ""transgenerational plasticity"" OR ""carryover effect"" OR ""developmental programming"" OR hardening OR acclimatization OR ""parental effect"" OR ""epigenetic memory"" OR preconditioning OR ""transgenerational immune priming"") AND (marine OR ocean OR estuarine OR oyster OR mussel OR clam OR scallop OR coral OR abalone OR ""sea urchin"" OR bivalve OR mollusc)"
openalex,leo2018,10.3390/md16030081,Leão,2018,Preliminary Results on the Evaluation of the Occurrence of Tetrodotoxin Associated to Marine Vibrio spp. in Bivalves from the Galician Rias (Northwest of Spain),"Tetrodotoxins (TTX) are a potent group of natural neurotoxins putatively produced by symbiotic microorganisms and affecting the aquatic environment. These neurotoxins have been recently found in some species of bivalves and gastropods along the European Coasts (Greece, UK, and The Netherlands) linked to the presence of high concentrations of Vibrio, in particular Vibrio parahaemolyticus. This study is focused on the evaluation of the presence of Vibrio species and TTX in bivalves (mussels, oysters, cockles, clams, scallops, and razor clams) from Galician Rias (northwest of Spain). The detection and isolation of the major Vibrio spp. and other enterobacterial populations have been carried out with the aim of screening for the presence of the pathways genes, poliketide synthase (PKS) and non-ribosomal peptide synthetase (NRPS) possibly involved in the biosynthesis of these toxins. Samples containing Vibrio spp. were analyzed by biochemical (API20E-galery) and genetic tests (PCR-RT). These samples were then screened for TTX toxicity by a neuroblastoma cell-based assay (N2a) and the presence of TTX was further confirmed by LC-MS/MS. TTX was detected in two infaunal samples. This is the",https://doi.org/10.3390/md16030081,"(priming OR conditioning OR ""transgenerational plasticity"" OR ""carryover effect"" OR ""developmental programming"" OR hardening OR acclimatization OR ""parental effect"" OR ""epigenetic memory"" OR preconditioning OR ""transgenerational immune priming"") AND (marine OR ocean OR estuarine OR oyster OR mussel OR clam OR scallop OR coral OR abalone OR ""sea urchin"" OR bivalve OR mollusc)"
openalex,pespeni2013,10.1073/pnas.1220673110,Pespeni,2013,Evolutionary change during experimental ocean acidification,"Rising atmospheric carbon dioxide (CO2) conditions are driving unprecedented changes in seawater chemistry, resulting in reduced pH and carbonate ion concentrations in the Earth's oceans. This ocean acidification has negative but variable impacts on individual performance in many marine species. However, little is known about the adaptive capacity of species to respond to an acidified ocean, and, as a result, predictions regarding future ecosystem responses remain incomplete. Here we demonstrate that ocean acidification generates striking patterns of genome-wide selection in purple sea urchins (Strongylocentrotus purpuratus) cultured under different CO2 levels. We examined genetic change at 19,493 loci in larvae from seven adult populations cultured under realistic future CO2 levels. Although larval development and morphology showed little response to elevated CO2, we found substantial allelic change in 40 functional classes of proteins involving hundreds of loci. Pronounced genetic changes, including excess amino acid replacements, were detected in all populations and occurred in genes for biomineralization, lipid metabolism, and ion homeostasis--gene classes that build skeletons ",https://doi.org/10.1073/pnas.1220673110,"(priming OR conditioning OR ""transgenerational plasticity"" OR ""carryover effect"" OR ""developmental programming"" OR hardening OR acclimatization OR ""parental effect"" OR ""epigenetic memory"" OR preconditioning OR ""transgenerational immune priming"") AND (marine OR ocean OR estuarine OR oyster OR mussel OR clam OR scallop OR coral OR abalone OR ""sea urchin"" OR bivalve OR mollusc)"
openalex,munday2014,10.12703/p6-99,Munday,2014,Transgenerational acclimation of fishes to climate change and ocean acidification,"There is growing concern about the impacts of climate change and ocean acidification on marine organisms and ecosystems, yet the potential for acclimation and adaptation to these threats is poorly understood. Whereas many short-term experiments report negative biological effects of ocean warming and acidification, new studies show that some marine species have the capacity to acclimate to warmer and more acidic environments across generations. Consequently, transgenerational plasticity may be a powerful mechanism by which populations of some species will be able to adjust to projected climate change. Here, I review recent advances in understanding transgenerational acclimation in fishes. Research over the past 2 to 3 years shows that transgenerational acclimation can partially or fully ameliorate negative effects of warming, acidification, and hypoxia in a range of different species. The molecular and cellular pathways underpinning transgenerational acclimation are currently unknown, but modern genetic methods provide the tools to explore these mechanisms. Despite the potential benefits of transgenerational acclimation, there could be limitations to the phenotypic traits that respo",https://doi.org/10.12703/p6-99,"(priming OR conditioning OR ""transgenerational plasticity"" OR ""carryover effect"" OR ""developmental programming"" OR hardening OR acclimatization OR ""parental effect"" OR ""epigenetic memory"" OR preconditioning OR ""transgenerational immune priming"") AND (marine OR ocean OR estuarine OR oyster OR mussel OR clam OR scallop OR coral OR abalone OR ""sea urchin"" OR bivalve OR mollusc)"
openalex,hennige2015,10.1098/rspb.2015.0990,Hennige,2015,Hidden impacts of ocean acidification to live and dead coral framework,"Cold-water corals, such as Lophelia pertusa, are key habitat-forming organisms found throughout the world's oceans to 3000 m deep. The complex three-dimensional framework made by these vulnerable marine ecosystems support high biodiversity and commercially important species. Given their importance, a key question is how both the living and the dead framework will fare under projected climate change. Here, we demonstrate that over 12 months L. pertusa can physiologically acclimate to increased CO2, showing sustained net calcification. However, their new skeletal structure changes and exhibits decreased crystallographic and molecular-scale bonding organization. Although physiological acclimatization was evident, we also demonstrate that there is a negative correlation between increasing CO2 levels and breaking strength of exposed framework (approx. 20-30% weaker after 12 months), meaning the exposed bases of reefs will be less effective 'load-bearers', and will become more susceptible to bioerosion and mechanical damage by 2100.",https://doi.org/10.1098/rspb.2015.0990,"(priming OR conditioning OR ""transgenerational plasticity"" OR ""carryover effect"" OR ""developmental programming"" OR hardening OR acclimatization OR ""parental effect"" OR ""epigenetic memory"" OR preconditioning OR ""transgenerational immune priming"") AND (marine OR ocean OR estuarine OR oyster OR mussel OR clam OR scallop OR coral OR abalone OR ""sea urchin"" OR bivalve OR mollusc)"
openalex,oliver2011,10.1007/s00338-011-0721-y,Oliver,2011,Do fluctuating temperature environments elevate coral thermal tolerance?,,https://doi.org/10.1007/s00338-011-0721-y,"(priming OR conditioning OR ""transgenerational plasticity"" OR ""carryover effect"" OR ""developmental programming"" OR hardening OR acclimatization OR ""parental effect"" OR ""epigenetic memory"" OR preconditioning OR ""transgenerational immune priming"") AND (marine OR ocean OR estuarine OR oyster OR mussel OR clam OR scallop OR coral OR abalone OR ""sea urchin"" OR bivalve OR mollusc)"
openalex,matozzo2012,10.1371/journal.pone.0033820,Matozzo,2012,First Evidence of Immunomodulation in Bivalves under Seawater Acidification and Increased Temperature,"Water acidification, temperature increases and changes in seawater salinity are predicted to occur in the near future. In such a global climate change (GCC) scenario, there is growing concern for the health status of both wild and farmed organisms. Bivalve molluscs, an important component of coastal marine ecosystems, are at risk. At the immunological level, the ability of an organism to maintain its immunosurveillance unaltered under adverse environmental conditions may enhance its survival capability. To our knowledge, only a few studies have investigated the effects of changing environmental parameters (as predicted in a GCC scenario) on the immune responses of bivalves. In the present study, the effects of both decreased pH values and increased temperature on the important immune parameters of two bivalve species were evaluated for the first time. The clam Chamelea gallina and the mussel Mytilus galloprovincialis, widespread along the coast of the Northwestern Adriatic Sea, were chosen as model organisms. Bivalves were exposed for 7 days to three pH values (8.1, 7.7 and 7.4) at two temperatures (22 and 28°C). Three independent experiments were carried out at salinities of 28, 3",https://doi.org/10.1371/journal.pone.0033820,"(priming OR conditioning OR ""transgenerational plasticity"" OR ""carryover effect"" OR ""developmental programming"" OR hardening OR acclimatization OR ""parental effect"" OR ""epigenetic memory"" OR preconditioning OR ""transgenerational immune priming"") AND (marine OR ocean OR estuarine OR oyster OR mussel OR clam OR scallop OR coral OR abalone OR ""sea urchin"" OR bivalve OR mollusc)"
openalex,solomieu2015,10.1016/j.jip.2015.07.011,Solomieu,2015,"Mass mortality in bivalves and the intricate case of the Pacific oyster, Crassostrea gigas",,https://doi.org/10.1016/j.jip.2015.07.011,"(priming OR conditioning OR ""transgenerational plasticity"" OR ""carryover effect"" OR ""developmental programming"" OR hardening OR acclimatization OR ""parental effect"" OR ""epigenetic memory"" OR preconditioning OR ""transgenerational immune priming"") AND (marine OR ocean OR estuarine OR oyster OR mussel OR clam OR scallop OR coral OR abalone OR ""sea urchin"" OR bivalve OR mollusc)"
openalex,ferrario2014,10.1038/ncomms4794,Ferrario,2014,The effectiveness of coral reefs for coastal hazard risk reduction and adaptation,"The world's coastal zones are experiencing rapid development and an increase in storms and flooding. These hazards put coastal communities at heightened risk, which may increase with habitat loss. Here we analyse globally the role and cost effectiveness of coral reefs in risk reduction. Meta-analyses reveal that coral reefs provide substantial protection against natural hazards by reducing wave energy by an average of 97%. Reef crests alone dissipate most of this energy (86%). There are 100 million or more people who may receive risk reduction benefits from reefs or bear hazard mitigation and adaptation costs if reefs are degraded. We show that coral reefs can provide comparable wave attenuation benefits to artificial defences such as breakwaters, and reef defences can be enhanced cost effectively. Reefs face growing threats yet there is opportunity to guide adaptation and hazard mitigation investments towards reef restoration to strengthen this first line of coastal defence.",https://doi.org/10.1038/ncomms4794,"(priming OR conditioning OR ""transgenerational plasticity"" OR ""carryover effect"" OR ""developmental programming"" OR hardening OR acclimatization OR ""parental effect"" OR ""epigenetic memory"" OR preconditioning OR ""transgenerational immune priming"") AND (marine OR ocean OR estuarine OR oyster OR mussel OR clam OR scallop OR coral OR abalone OR ""sea urchin"" OR bivalve OR mollusc)"
openalex,shirayama2005,10.1029/2004jc002618,Shirayama,2005,Effect of increased atmospheric CO<sub>2</sub> on shallow water marine benthos,"The decision to sequester CO 2 in the deep ocean should ultimately be based not only upon what would happen to deep sea marine biota but also upon what would happen to surface organisms if nothing were done to limit atmospheric CO 2 . Thus such a decision should be based on a proper understanding of long‐term chronic effects, from the global‐scale perturbation in near‐surface ocean CO 2 , in addition to acute effects, from large local increases in CO 2 caused by purposeful sequestration. Here we focus on the long‐term chronic effects of CO 2 on shallow water benthic organisms that have calcium carbonate shells. With two duplicate 6 month manipulative experiments, we demonstrate that a 200 ppm increase in CO 2 adversely affects the growth of both gastropods and sea urchins. Thus even moderate increases in atmospheric CO 2 that could well be reached by the middle of this century will adversely affect shallow water marine benthic organisms. This provides another reason, beyond concerns for climate, to enhance efforts to limit increases in atmospheric CO 2 to the lowest possible levels.",https://doi.org/10.1029/2004jc002618,"(priming OR conditioning OR ""transgenerational plasticity"" OR ""carryover effect"" OR ""developmental programming"" OR hardening OR acclimatization OR ""parental effect"" OR ""epigenetic memory"" OR preconditioning OR ""transgenerational immune priming"") AND (marine OR ocean OR estuarine OR oyster OR mussel OR clam OR scallop OR coral OR abalone OR ""sea urchin"" OR bivalve OR mollusc)"
openalex,thomsen2010,10.5194/bg-7-3879-2010,Thomsen,2010,Calcifying invertebrates succeed in a naturally CO <sub>2</sub> -rich coastal habitat but are threatened by high levels of future acidification,"Abstract. CO2 emissions are leading to an acidification of the oceans. Predicting marine community vulnerability towards acidification is difficult, as adaptation processes cannot be accounted for in most experimental studies. Naturally CO2 enriched sites thus can serve as valuable proxies for future changes in community structure. Here we describe a natural analogue site in the Western Baltic Sea. Seawater pCO2 in Kiel Fjord is elevated for large parts of the year due to upwelling of CO2 rich waters. Peak pCO2 values of &gt;230 Pa (&gt;2300 μatm) and pHNBS values of &lt;7.5 are encountered during summer and autumn, average pCO2 values are ~70 Pa (~700 μatm). In contrast to previously described naturally CO2 enriched sites that have suggested a progressive displacement of calcifying auto- and heterotrophic species, the macrobenthic community in Kiel Fjord is dominated by calcifying invertebrates. We show that blue mussels from Kiel Fjord can maintain control rates of somatic and shell growth at a pCO2 of 142 Pa (1400 μatm, pHNBS = 7.7). Juvenile mussel recruitment peaks during the summer months, when high water pCO2 values of ~100 Pa (~1000 μatm) prevail. Our findings indicate that",https://doi.org/10.5194/bg-7-3879-2010,"(priming OR conditioning OR ""transgenerational plasticity"" OR ""carryover effect"" OR ""developmental programming"" OR hardening OR acclimatization OR ""parental effect"" OR ""epigenetic memory"" OR preconditioning OR ""transgenerational immune priming"") AND (marine OR ocean OR estuarine OR oyster OR mussel OR clam OR scallop OR coral OR abalone OR ""sea urchin"" OR bivalve OR mollusc)"
openalex,foo2016,10.1016/bs.amb.2016.06.001,Foo,2016,Acclimatization and Adaptive Capacity of Marine Species in a Changing Ocean,,https://doi.org/10.1016/bs.amb.2016.06.001,"(priming OR conditioning OR ""transgenerational plasticity"" OR ""carryover effect"" OR ""developmental programming"" OR hardening OR acclimatization OR ""parental effect"" OR ""epigenetic memory"" OR preconditioning OR ""transgenerational immune priming"") AND (marine OR ocean OR estuarine OR oyster OR mussel OR clam OR scallop OR coral OR abalone OR ""sea urchin"" OR bivalve OR mollusc)"
openalex,whiteley2011,10.3354/meps09185,Whiteley,2011,Physiological and ecological responses of crustaceans to ocean acidification,"The sensitivity of marine crustaceans to ocean acidification is poorly understood, but can be assessed by combining data from physiological and ecological studies. The species most at risk are exclusively marine and have limited physiological capacities to adjust to environmental change. They are poor iono-and osmoregulators and have limited abilities to compensate for acid -base disturbances. The problems are compounded in slow-moving, relatively inactive species because they have low circulating protein levels and low buffering capacities. Species living in low-energy environments, such as deep-sea and polar habitats, are particularly vulnerable, because they are metabolically limited with respect to environmental change. Elevated pCO 2 levels in seawater, such as those predicted for the year 2300, are known to have diverse effects on calcification rate, little effect on egg production and a negative effect on growth rate and moulting frequency in marine crustacean species. At these levels, embryonic development is negatively impacted, but larval and juvenile stages do not appear to be affected, unless the changes in pCO 2 are accompanied by rising temperatures. Overall, marine c",https://doi.org/10.3354/meps09185,"(priming OR conditioning OR ""transgenerational plasticity"" OR ""carryover effect"" OR ""developmental programming"" OR hardening OR acclimatization OR ""parental effect"" OR ""epigenetic memory"" OR preconditioning OR ""transgenerational immune priming"") AND (marine OR ocean OR estuarine OR oyster OR mussel OR clam OR scallop OR coral OR abalone OR ""sea urchin"" OR bivalve OR mollusc)"
openalex,oliver2019,10.3389/fmars.2019.00734,Oliver,2019,Projected Marine Heatwaves in the 21st Century and the Potential for Ecological Impact,"Marine heatwaves (MHWs) are extreme climatic events in oceanic systems that can have devastating impacts on ecosystems, causing abrupt ecological changes and socioeconomic consequences. Several prominent MHWs have attracted scientific and public interest, and recent assessments have documented global and regional increases in their frequency. However, for proactive marine management, it is critical to understand how patterns might change in the future. Here we estimate future changes in MHWs to the end of the 21st century, as simulated by the CMIP5 global climate model projections. Significant increases in MHW intensity and count of annual MHW days are projected to accelerate, with many parts of the ocean reaching a near-permanent MHW state by the late 21st century. The two greenhouse gas emission scenarios considered (Representative Concentration Pathway 4.5 and 8.5) strongly affect the projected intensity of MHW events, the proportion of the globe exposed to permanent MHW states, and the occurrence of the most extreme MHW events. Comparison with simulations of a natural world, without anthropogenic forcing, indicate that these trends have emerged from the expected range of natura",https://doi.org/10.3389/fmars.2019.00734,"(priming OR conditioning OR ""transgenerational plasticity"" OR ""carryover effect"" OR ""developmental programming"" OR hardening OR acclimatization OR ""parental effect"" OR ""epigenetic memory"" OR preconditioning OR ""transgenerational immune priming"") AND (marine OR ocean OR estuarine OR oyster OR mussel OR clam OR scallop OR coral OR abalone OR ""sea urchin"" OR bivalve OR mollusc)"
openalex,pinto2008,10.1016/j.ecolind.2008.01.005,Pinto,2008,Review and evaluation of estuarine biotic indices to assess benthic condition,,https://doi.org/10.1016/j.ecolind.2008.01.005,"(priming OR conditioning OR ""transgenerational plasticity"" OR ""carryover effect"" OR ""developmental programming"" OR hardening OR acclimatization OR ""parental effect"" OR ""epigenetic memory"" OR preconditioning OR ""transgenerational immune priming"") AND (marine OR ocean OR estuarine OR oyster OR mussel OR clam OR scallop OR coral OR abalone OR ""sea urchin"" OR bivalve OR mollusc)"
openalex,aguilera2014,10.1016/j.actbio.2014.03.031,Aguilera,2014,Evolution of the tyrosinase gene family in bivalve molluscs: Independent expansion of the mantle gene repertoire,,https://doi.org/10.1016/j.actbio.2014.03.031,"(priming OR conditioning OR ""transgenerational plasticity"" OR ""carryover effect"" OR ""developmental programming"" OR hardening OR acclimatization OR ""parental effect"" OR ""epigenetic memory"" OR preconditioning OR ""transgenerational immune priming"") AND (marine OR ocean OR estuarine OR oyster OR mussel OR clam OR scallop OR coral OR abalone OR ""sea urchin"" OR bivalve OR mollusc)"
openalex,dijkstra2013,10.3389/fmicb.2013.00216,Dijkstra,2013,Rhizosphere priming: a nutrient perspective,"Rhizosphere priming is the change in decomposition of soil organic matter (SOM) caused by root activity. Rhizosphere priming plays a crucial role in soil carbon (C) dynamics and their response to global climate change. Rhizosphere priming may be affected by soil nutrient availability, but rhizosphere priming itself can also affect nutrient supply to plants. These interactive effects may be of particular relevance in understanding the sustained increase in plant growth and nutrient supply in response to a rise in atmospheric CO2 concentration. We examined how these interactions were affected by elevated CO2 in two similar semiarid grassland field studies. We found that an increase in rhizosphere priming enhanced the release of nitrogen (N) through decomposition of a larger fraction of SOM in one study, but not in the other. We postulate that rhizosphere priming may enhance N supply to plants in systems that are N limited, but that rhizosphere priming may not occur in systems that are phosphorus (P) limited. Under P limitation, rhizodeposition may be used for mobilization of P, rather than for decomposition of SOM. Therefore, with increasing atmospheric CO2 concentrations, rhizospher",https://doi.org/10.3389/fmicb.2013.00216,"(priming OR conditioning OR ""transgenerational plasticity"" OR ""carryover effect"" OR ""developmental programming"" OR hardening OR acclimatization OR ""parental effect"" OR ""epigenetic memory"" OR preconditioning OR ""transgenerational immune priming"") AND (marine OR ocean OR estuarine OR oyster OR mussel OR clam OR scallop OR coral OR abalone OR ""sea urchin"" OR bivalve OR mollusc)"
openalex,wahl1989,10.3354/meps058175,Wahl,1989,Marine epibiosis. I. Fouling and antifouling: some basic aspects,"In the marine environment any solid, exposed undefended surface will become fouled. Similarly, fouling may effect numerous species which are able to tolerate a certain degree of epibiosis. In contrast, many others actively maintain t h e ~r body surface clean of epibionts ('antifouling'). This paper illustrates aspects of the epibiosis/antifouling complex and discusses the omnipresence of fouling pressure, the first stages in the establishment of a fouhng community, the benefits and disadvantages of epibiosis for both epi-and basibionts, and possible anbfouling defense adaptations.",https://doi.org/10.3354/meps058175,"(priming OR conditioning OR ""transgenerational plasticity"" OR ""carryover effect"" OR ""developmental programming"" OR hardening OR acclimatization OR ""parental effect"" OR ""epigenetic memory"" OR preconditioning OR ""transgenerational immune priming"") AND (marine OR ocean OR estuarine OR oyster OR mussel OR clam OR scallop OR coral OR abalone OR ""sea urchin"" OR bivalve OR mollusc)"
openalex,s1997,10.5860/choice.35-0276,S.,1997,The Eastern oyster: Crassostrea virginica,"This document is the most comprehensive synthesis on the biology of the eastern oyster, Crassostrea virginica in more than 30 years. The book's 21 chapters provide up-to- date treatment of such topics as anatomy, the shell, larval biology, feeding, reproduction, genetics, predation, diseases, and defense mechanisms, while covering issues of oyster aquaculture and management as well. More than 400 photographs, drawings and diagrams complement the text. While aimed at the specialist, this book should be of great value to scientists, managers and commercial aquaculturists. *** The following chapters are included in this book: 1. A catalogue of selected species of living oysters (Ostreacea) of the world. Melbourne R. Carriker and Patrick M. Gaffney pp. 1-18. 2. General anatomy. Albert F. Eble and Robert Scro pp. 19- 74. 3. The shell and ligament. Melbourne R. Carriker pp. 75- 168. 4. Adductor and mantle musculature. Carol M. Morrison pp. 169-183. 5. Mechanisms and physiology of larval and adult feeding. Roger I.E. Newell and Christopher J. Langdon pp. 185-229. 6. Digestion and nutrition in larvae and adults. Christopher J. Langdon and Roger I.E. Newell pp. 231-269. 7. The circulatory s",https://doi.org/10.5860/choice.35-0276,"(priming OR conditioning OR ""transgenerational plasticity"" OR ""carryover effect"" OR ""developmental programming"" OR hardening OR acclimatization OR ""parental effect"" OR ""epigenetic memory"" OR preconditioning OR ""transgenerational immune priming"") AND (marine OR ocean OR estuarine OR oyster OR mussel OR clam OR scallop OR coral OR abalone OR ""sea urchin"" OR bivalve OR mollusc)"
openalex,costa2012,10.1016/j.aquatox.2012.08.013,Costa,2012,Development of histopathological indices in a commercial marine bivalve (Ruditapes decussatus) to determine environmental quality,,https://doi.org/10.1016/j.aquatox.2012.08.013,"(priming OR conditioning OR ""transgenerational plasticity"" OR ""carryover effect"" OR ""developmental programming"" OR hardening OR acclimatization OR ""parental effect"" OR ""epigenetic memory"" OR preconditioning OR ""transgenerational immune priming"") AND (marine OR ocean OR estuarine OR oyster OR mussel OR clam OR scallop OR coral OR abalone OR ""sea urchin"" OR bivalve OR mollusc)"
openalex,kroeker2014,10.1086/bblv226n3p211,Kroeker,2014,Predicting the Effects of Ocean Acidification on Predator-Prey Interactions: A Conceptual Framework Based on Coastal Molluscs,"The influence of environmental change on species interactions will affect population dynamics and community structure in the future, but our current understanding of the outcomes of species interactions in a high-CO2 world is limited. Here, we draw upon emerging experimental research examining the effects of ocean acidification on coastal molluscs to provide hypotheses of the potential impacts of high-CO2 on predator-prey interactions. Coastal molluscs, such as oysters, mussels, and snails, allocate energy among defenses, growth, and reproduction. Ocean acidification increases the energetic costs of physiological processes such as acid-base regulation and calcification. Impacted molluscs can display complex and divergent patterns of energy allocation to defenses and growth that may influence predator-prey interactions; these include changes in shell properties, body size, tissue mass, immune function, or reproductive output. Ocean acidification has also been shown to induce complex changes in chemoreception, behavior, and inducible defenses, including altered cue detection and predator avoidance behaviors. Each of these responses may ultimately alter the susceptibility of coastal m",https://doi.org/10.1086/bblv226n3p211,"(priming OR conditioning OR ""transgenerational plasticity"" OR ""carryover effect"" OR ""developmental programming"" OR hardening OR acclimatization OR ""parental effect"" OR ""epigenetic memory"" OR preconditioning OR ""transgenerational immune priming"") AND (marine OR ocean OR estuarine OR oyster OR mussel OR clam OR scallop OR coral OR abalone OR ""sea urchin"" OR bivalve OR mollusc)"
openalex,ballina2022,10.3389/fimmu.2022.826255,Ballina,2022,Bivalve Haemocyte Subpopulations: A Review,"Bivalve molluscs stand out for their ecological success and their key role in the functioning of aquatic ecosystems, while also constituting a very valuable commercial resource. Both ecological success and production of bivalves depend on their effective immune defence function, in which haemocytes play a central role acting as both the undertaker of the cellular immunity and supplier of the humoral immunity. Bivalves have different types of haemocytes, which perform different functions. Hence, identification of cell subpopulations and their functional characterisation in immune responses is essential to fully understand the immune system in bivalves. Nowadays, there is not a unified nomenclature that applies to all bivalves. Characterisation of bivalve haemocyte subpopulations is often combined with 1) other multiple parameter assays to determine differences between cell types in immune-related physiological activities, such as phagocytosis, oxidative stress and apoptosis; and 2) immune response to different stressors such as pathogens, temperature, acidification and pollution. This review summarises the major and most recent findings in classification and functional characterisat",https://doi.org/10.3389/fimmu.2022.826255,"(priming OR conditioning OR ""transgenerational plasticity"" OR ""carryover effect"" OR ""developmental programming"" OR hardening OR acclimatization OR ""parental effect"" OR ""epigenetic memory"" OR preconditioning OR ""transgenerational immune priming"") AND (marine OR ocean OR estuarine OR oyster OR mussel OR clam OR scallop OR coral OR abalone OR ""sea urchin"" OR bivalve OR mollusc)"
openalex,carilli2009,10.1371/journal.pone.0006324,Carilli,2009,Local Stressors Reduce Coral Resilience to Bleaching,"Coral bleaching, during which corals lose their symbiotic dinoflagellates, typically corresponds with periods of intense heat stress, and appears to be increasing in frequency and geographic extent as the climate warms. A fundamental question in coral reef ecology is whether chronic local stress reduces coral resistance and resilience from episodic stress such as bleaching, or alternatively promotes acclimatization, potentially increasing resistance and resilience. Here we show that following a major bleaching event, Montastraea faveolata coral growth rates at sites with higher local anthropogenic stressors remained suppressed for at least 8 years, while coral growth rates at sites with lower stress recovered in 2-3 years. Instead of promoting acclimatization, our data indicate that background stress reduces coral fitness and resilience to episodic events. We also suggest that reducing chronic stress through local coral reef management efforts may increase coral resilience to global climate change.",https://doi.org/10.1371/journal.pone.0006324,"(priming OR conditioning OR ""transgenerational plasticity"" OR ""carryover effect"" OR ""developmental programming"" OR hardening OR acclimatization OR ""parental effect"" OR ""epigenetic memory"" OR preconditioning OR ""transgenerational immune priming"") AND (marine OR ocean OR estuarine OR oyster OR mussel OR clam OR scallop OR coral OR abalone OR ""sea urchin"" OR bivalve OR mollusc)"
openalex,gworek2016,10.1007/s11270-016-3060-3,Gworek,2016,Mercury in Marine and Oceanic Waters—a Review,"Mercury contamination in water has been an issue to the environment and human health. In this article, mercury in marine and oceanic waters has been reviewed. In the aquatic environment, mercury occurs in many forms, which depend on the oxidation-reduction conditions. These forms have been briefly described in this article. Mercury concentrations in marine waters in the different parts of the world have been presented. In the relevant literature, two models describing the fate and behavior of mercury in saltwater reservoirs have been presented, a conceptual model which treats all the oceans as one ocean and the ""ocean margin"" model, providing that the ocean margins manifested themselves as the convergence of continents and oceans, covering such geological features, such as estuaries, inland seas, and the continental shelf. These two conceptual models have been summarized in the text. The mercury content in benthic sediments usually reflects is level in the water reservoir, particularly in reservoirs situated in contaminated areas (mines, metallurgical plants, chemically protected crops). The concentrations of mercury and its compounds determined in the sediments in surface waters i",https://doi.org/10.1007/s11270-016-3060-3,"(priming OR conditioning OR ""transgenerational plasticity"" OR ""carryover effect"" OR ""developmental programming"" OR hardening OR acclimatization OR ""parental effect"" OR ""epigenetic memory"" OR preconditioning OR ""transgenerational immune priming"") AND (marine OR ocean OR estuarine OR oyster OR mussel OR clam OR scallop OR coral OR abalone OR ""sea urchin"" OR bivalve OR mollusc)"
openalex,bennett2015,10.1016/j.marpol.2015.03.026,Bennett,2015,Ocean grabbing,"The term “ocean grabbing” has been used to describe actions, policies or initiatives that deprive small-scale fishers of resources, dispossess vulnerable populations of coastal lands, and/or undermine historical access to areas of the sea. Rights and access to marine resources and spaces are frequently reallocated through government or private sector initiatives to achieve conservation, management or development objectives with a variety of outcomes for different sectors of society. This paper provides a definition and gives examples of reallocations of marine resources or spaces that might constitute “ocean grabbing”. It offers a tentative framework for evaluating whether marine conservation, management or development is ocean grabbing and proposes an agenda for future research. For a reallocation to be considered ocean grabbing, it must: (1) occur by means of inadequate governance, and (2) be implemented using actions that undermine human security and livelihoods, or (3) produce impacts that reduce social–ecological well-being. Future research on ocean grabbing will: document case studies, drivers and consequences; conduct spatial and historical analyses; and investigate solution",https://doi.org/10.1016/j.marpol.2015.03.026,"(priming OR conditioning OR ""transgenerational plasticity"" OR ""carryover effect"" OR ""developmental programming"" OR hardening OR acclimatization OR ""parental effect"" OR ""epigenetic memory"" OR preconditioning OR ""transgenerational immune priming"") AND (marine OR ocean OR estuarine OR oyster OR mussel OR clam OR scallop OR coral OR abalone OR ""sea urchin"" OR bivalve OR mollusc)"
openalex,schikorski2010,10.1016/j.virusres.2010.07.031,Schikorski,2010,Experimental ostreid herpesvirus 1 infection of the Pacific oyster Crassostrea gigas: Kinetics of virus DNA detection by q-PCR in seawater and in oyster samples,,https://doi.org/10.1016/j.virusres.2010.07.031,"(priming OR conditioning OR ""transgenerational plasticity"" OR ""carryover effect"" OR ""developmental programming"" OR hardening OR acclimatization OR ""parental effect"" OR ""epigenetic memory"" OR preconditioning OR ""transgenerational immune priming"") AND (marine OR ocean OR estuarine OR oyster OR mussel OR clam OR scallop OR coral OR abalone OR ""sea urchin"" OR bivalve OR mollusc)"
openalex,gerdol2015,10.1016/j.fsi.2015.02.013,Gerdol,2015,An updated molecular basis for mussel immunity,,https://doi.org/10.1016/j.fsi.2015.02.013,"(priming OR conditioning OR ""transgenerational plasticity"" OR ""carryover effect"" OR ""developmental programming"" OR hardening OR acclimatization OR ""parental effect"" OR ""epigenetic memory"" OR preconditioning OR ""transgenerational immune priming"") AND (marine OR ocean OR estuarine OR oyster OR mussel OR clam OR scallop OR coral OR abalone OR ""sea urchin"" OR bivalve OR mollusc)"
openalex,loeb1975,10.1021/ba-1975-0145.ch016,Loeb,1975,Marine Conditioning Films,"Changes on the surfaces of well-defined solids exposed to sea water from diverse sources have been observed by microelectrophoresis, ellipsometry, and contact angle measurements. These observations indicate that an adsorbed film forms rapidly on a variety of surfaces. Other experiments with artificial and photo-oxidized sea waters show that the film is organic. It lowers the surface energy of platinum and imparts a moderately negative electrical charge to most surfaces. Dissolved polymeric materials of biological origin have properties required for this interaction. Fluorescence measurements give a direct indication of some participation by humic substances in film formation. Adsorption of dissolved organic materials thus constitutes a very early step in fouling, a step that may affect the sequence of events leading to macrofouling.",https://doi.org/10.1021/ba-1975-0145.ch016,"(priming OR conditioning OR ""transgenerational plasticity"" OR ""carryover effect"" OR ""developmental programming"" OR hardening OR acclimatization OR ""parental effect"" OR ""epigenetic memory"" OR preconditioning OR ""transgenerational immune priming"") AND (marine OR ocean OR estuarine OR oyster OR mussel OR clam OR scallop OR coral OR abalone OR ""sea urchin"" OR bivalve OR mollusc)"
openalex,pita2018,10.1186/s40168-018-0428-1,Pita,2018,The sponge holobiont in a changing ocean: from microbes to ecosystems,"The recognition that all macroorganisms live in symbiotic association with microbial communities has opened up a new field in biology. Animals, plants, and algae are now considered holobionts, complex ecosystems consisting of the host, the microbiota, and the interactions among them. Accordingly, ecological concepts can be applied to understand the host-derived and microbial processes that govern the dynamics of the interactive networks within the holobiont. In marine systems, holobionts are further integrated into larger and more complex communities and ecosystems, a concept referred to as ""nested ecosystems."" In this review, we discuss the concept of holobionts as dynamic ecosystems that interact at multiple scales and respond to environmental change. We focus on the symbiosis of sponges with their microbial communities-a symbiosis that has resulted in one of the most diverse and complex holobionts in the marine environment. In recent years, the field of sponge microbiology has remarkably advanced in terms of curated databases, standardized protocols, and information on the functions of the microbiota. Like a Russian doll, these microbial processes are translated into sponge holo",https://doi.org/10.1186/s40168-018-0428-1,"(priming OR conditioning OR ""transgenerational plasticity"" OR ""carryover effect"" OR ""developmental programming"" OR hardening OR acclimatization OR ""parental effect"" OR ""epigenetic memory"" OR preconditioning OR ""transgenerational immune priming"") AND (marine OR ocean OR estuarine OR oyster OR mussel OR clam OR scallop OR coral OR abalone OR ""sea urchin"" OR bivalve OR mollusc)"
openalex,parker2015,10.1371/journal.pone.0132276,Parker,2015,"Persistence of Positive Carryover Effects in the Oyster, Saccostrea glomerata, following Transgenerational Exposure to Ocean Acidification","Ocean acidification (OA) is predicted to have widespread implications for marine organisms, yet the capacity for species to acclimate or adapt over this century remains unknown. Recent transgenerational studies have shown that for some marine species, exposure of adults to OA can facilitate positive carryover effects to their larval and juvenile offspring that help them to survive in acidifying oceanic conditions. But whether these positive carryover effects can persist into adulthood or the next generation is unknown. Here we tested whether positive carryover effects found in larvae of the oyster, Saccostrea glomerata following transgenerational exposure to elevated CO2, could persist into adulthood and whether subsequent transgenerational exposure of adults to elevated CO2 would facilitate similar adaptive responses in the next generation of larvae and juveniles. Following our previous transgenerational exposure of parental adults and first generation (F1) larvae to ambient (385 μatm) and elevated (856 μatm) CO2, newly settled F1 juveniles were transferred to the field at ambient CO2 for 14 months, until they reached reproductive maturity. At this time, the F1 adults were returne",https://doi.org/10.1371/journal.pone.0132276,"(priming OR conditioning OR ""transgenerational plasticity"" OR ""carryover effect"" OR ""developmental programming"" OR hardening OR acclimatization OR ""parental effect"" OR ""epigenetic memory"" OR preconditioning OR ""transgenerational immune priming"") AND (marine OR ocean OR estuarine OR oyster OR mussel OR clam OR scallop OR coral OR abalone OR ""sea urchin"" OR bivalve OR mollusc)"
openalex,putnam2021,10.1242/jeb.239319,Putnam,2021,Avenues of reef-building coral acclimatization in response to rapid environmental change,"The swiftly changing climate presents a challenge to organismal fitness by creating a mismatch between the current environment and phenotypes adapted to historic conditions. Acclimatory mechanisms may be especially crucial for sessile benthic marine taxa, such as reef-building corals, where climate change factors including ocean acidification and increasing temperature elicit strong negative physiological responses such as bleaching, disease and mortality. Here, within the context of multiple stressors threatening marine organisms, I describe the wealth of metaorganism response mechanisms to rapid ocean change and the ontogenetic shifts in organism interactions with the environment that can generate plasticity. I then highlight the need to consider the interactions of rapid and evolutionary responses in an adaptive (epi)genetic continuum. Building on the definitions of these mechanisms and continuum, I also present how the interplay of the microbiome, epigenetics and parental effects creates additional avenues for rapid acclimatization. To consider under what conditions epigenetic inheritance has a more substantial role, I propose investigation into the offset of timing of gametoge",https://doi.org/10.1242/jeb.239319,"(priming OR conditioning OR ""transgenerational plasticity"" OR ""carryover effect"" OR ""developmental programming"" OR hardening OR acclimatization OR ""parental effect"" OR ""epigenetic memory"" OR preconditioning OR ""transgenerational immune priming"") AND (marine OR ocean OR estuarine OR oyster OR mussel OR clam OR scallop OR coral OR abalone OR ""sea urchin"" OR bivalve OR mollusc)"
openalex,madin2016,10.1038/sdata.2016.17,Madin,2016,"The Coral Trait Database, a curated database of trait information for coral species from the global oceans","Trait-based approaches advance ecological and evolutionary research because traits provide a strong link to an organism's function and fitness. Trait-based research might lead to a deeper understanding of the functions of, and services provided by, ecosystems, thereby improving management, which is vital in the current era of rapid environmental change. Coral reef scientists have long collected trait data for corals; however, these are difficult to access and often under-utilized in addressing large-scale questions. We present the Coral Trait Database initiative that aims to bring together physiological, morphological, ecological, phylogenetic and biogeographic trait information into a single repository. The database houses species- and individual-level data from published field and experimental studies alongside contextual data that provide important framing for analyses. In this data descriptor, we release data for 56 traits for 1547 species, and present a collaborative platform on which other trait data are being actively federated. Our overall goal is for the Coral Trait Database to become an open-source, community-led data clearinghouse that accelerates coral reef research.",https://doi.org/10.1038/sdata.2016.17,"(priming OR conditioning OR ""transgenerational plasticity"" OR ""carryover effect"" OR ""developmental programming"" OR hardening OR acclimatization OR ""parental effect"" OR ""epigenetic memory"" OR preconditioning OR ""transgenerational immune priming"") AND (marine OR ocean OR estuarine OR oyster OR mussel OR clam OR scallop OR coral OR abalone OR ""sea urchin"" OR bivalve OR mollusc)"
openalex,dubert2017,10.3389/fmicb.2017.00762,Dubert,2017,New Insights into Pathogenic Vibrios Affecting Bivalves in Hatcheries: Present and Future Prospects,"Hatcheries constitute nowadays the only viable solution to support the husbandry of bivalve molluscs due to the depletion and/or overexploitation of their natural beds. Hatchery activities include the broodstock conditioning and spawning, rearing larvae and spat, and the production of microalgae to feed all stages of the production cycle. However, outbreaks of disease continue to be the main bottleneck for successful larval and spat production, most of them caused by different representatives of the genus Vibrio. Therefore, attention must be paid on preventive and management measures that allow the control of such undesirable bacterial populations. The present review provides an updated picture of the recently characterized Vibrio species associated with disease of bivalve molluscs during early stages of development, including the controversial taxonomic affiliation of some of them and relevant advances in the knowledge of their virulence determinants. The problematic use of antibiotics, as well as its eco-friendly alternatives are also critically discussed.",https://doi.org/10.3389/fmicb.2017.00762,"(priming OR conditioning OR ""transgenerational plasticity"" OR ""carryover effect"" OR ""developmental programming"" OR hardening OR acclimatization OR ""parental effect"" OR ""epigenetic memory"" OR preconditioning OR ""transgenerational immune priming"") AND (marine OR ocean OR estuarine OR oyster OR mussel OR clam OR scallop OR coral OR abalone OR ""sea urchin"" OR bivalve OR mollusc)"
openalex,wolff2005,NR,Wolff,2005,Non-indigenous marine and estuarine species in The Netherlands,"An overview is presented of non-indigenous marine and estuarine plant and animal species recorded from The Netherlands. In this list both exotic species from outside NW Europe and non-indigenous species from elsewhere in NW Europe are enumerated. Species that have been suggested to be non-indig-enous in The Netherlands but for which insufficient evidence could be found are discussed shortly as well. The list is based mainly on literature data supplemented by own observations of the author. At least 99 plant and animal species have been introduced from elsewhere in the world. Another 13 species have been introduced from other parts of NW Europe. The third category of dubious non-indigenous species enu-merates 37 species. The list is preceded by an introduction describing the history of Dutch research on in-troduced species, the origin of the marine and estuarine flora and fauna of The Netherlands, natural and human-induced dispersal processes, and a summary of the geographic patterns of introduced species. Contents",http://www.repository.naturalis.nl/record/210096,"(priming OR conditioning OR ""transgenerational plasticity"" OR ""carryover effect"" OR ""developmental programming"" OR hardening OR acclimatization OR ""parental effect"" OR ""epigenetic memory"" OR preconditioning OR ""transgenerational immune priming"") AND (marine OR ocean OR estuarine OR oyster OR mussel OR clam OR scallop OR coral OR abalone OR ""sea urchin"" OR bivalve OR mollusc)"
openalex,dauer1993,10.1016/0025-326x(93)90063-p,Dauer,1993,"Biological criteria, environmental health and estuarine macrobenthic community structure",,https://doi.org/10.1016/0025-326x(93)90063-p,"(priming OR conditioning OR ""transgenerational plasticity"" OR ""carryover effect"" OR ""developmental programming"" OR hardening OR acclimatization OR ""parental effect"" OR ""epigenetic memory"" OR preconditioning OR ""transgenerational immune priming"") AND (marine OR ocean OR estuarine OR oyster OR mussel OR clam OR scallop OR coral OR abalone OR ""sea urchin"" OR bivalve OR mollusc)"
openalex,griffith2017,10.1038/s41598-017-11442-3,Griffith,2017,Transgenerational exposure of North Atlantic bivalves to ocean acidification renders offspring more vulnerable to low pH and additional stressors,"Abstract While early life-stage marine bivalves are vulnerable to ocean acidification, effects over successive generations are poorly characterized. The objective of this work was to assess the transgenerational effects of ocean acidification on two species of North Atlantic bivalve shellfish, Mercenaria mercenaria and Argopecten irradians . Adults of both species were subjected to high and low p CO 2 conditions during gametogenesis. Resultant larvae were exposed to low and ambient pH conditions in addition to multiple, additional stressors including thermal stress, food-limitation, and exposure to a harmful alga. There were no indications of transgenerational acclimation to ocean acidification during experiments. Offspring of elevated p CO 2 -treatment adults were significantly more vulnerable to acidification as well as the additional stressors. Our results suggest that clams and scallops are unlikely to acclimate to ocean acidification over short time scales and that as coastal oceans continue to acidify, negative effects on these populations may become compounded and more severe.",https://doi.org/10.1038/s41598-017-11442-3,"(priming OR conditioning OR ""transgenerational plasticity"" OR ""carryover effect"" OR ""developmental programming"" OR hardening OR acclimatization OR ""parental effect"" OR ""epigenetic memory"" OR preconditioning OR ""transgenerational immune priming"") AND (marine OR ocean OR estuarine OR oyster OR mussel OR clam OR scallop OR coral OR abalone OR ""sea urchin"" OR bivalve OR mollusc)"
openalex,oppen2019,10.1038/s41579-019-0223-4,Oppen,2019,"Coral microbiome dynamics, functions and design in a changing world",,https://doi.org/10.1038/s41579-019-0223-4,"(priming OR conditioning OR ""transgenerational plasticity"" OR ""carryover effect"" OR ""developmental programming"" OR hardening OR acclimatization OR ""parental effect"" OR ""epigenetic memory"" OR preconditioning OR ""transgenerational immune priming"") AND (marine OR ocean OR estuarine OR oyster OR mussel OR clam OR scallop OR coral OR abalone OR ""sea urchin"" OR bivalve OR mollusc)"
openalex,jones2010,10.1371/journal.pone.0010437,Jones,2010,Potential Costs of Acclimatization to a Warmer Climate: Growth of a Reef Coral with Heat Tolerant vs. Sensitive Symbiont Types,"One of the principle ways in which reef building corals are likely to cope with a warmer climate is by changing to more thermally tolerant endosymbiotic algae (zooxanthellae) genotypes. It is highly likely that hosting a more heat-tolerant algal genotype will be accompanied by tradeoffs in the physiology of the coral. To better understand one of these tradeoffs, growth was investigated in the Indo-Pacific reef-building coral Acropora millepora in both the laboratory and the field. In the Keppel Islands in the southern Great Barrier Reef this species naturally harbors nrDNA ITS1 thermally sensitive type C2 or thermally tolerant type D zooxanthellae of the genus Symbiodinium and can change dominant type following bleaching. We show that under controlled conditions, corals with type D symbionts grow 29% slower than those with type C2 symbionts. In the field, type D colonies grew 38% slower than C2 colonies. These results demonstrate the magnitude of trade-offs likely to be experienced by this species as they acclimatize to warmer conditions by changing to more thermally tolerant type D zooxanthellae. Irrespective of symbiont genotype, corals were affected to an even greater degree by ",https://doi.org/10.1371/journal.pone.0010437,"(priming OR conditioning OR ""transgenerational plasticity"" OR ""carryover effect"" OR ""developmental programming"" OR hardening OR acclimatization OR ""parental effect"" OR ""epigenetic memory"" OR preconditioning OR ""transgenerational immune priming"") AND (marine OR ocean OR estuarine OR oyster OR mussel OR clam OR scallop OR coral OR abalone OR ""sea urchin"" OR bivalve OR mollusc)"
openalex,byrne2001,10.1007/978-94-010-0434-3_21,Byrne,2001,The role of bivalve molluscs as tools in estuarine sediment toxicity testing: a review,,https://doi.org/10.1007/978-94-010-0434-3_21,"(priming OR conditioning OR ""transgenerational plasticity"" OR ""carryover effect"" OR ""developmental programming"" OR hardening OR acclimatization OR ""parental effect"" OR ""epigenetic memory"" OR preconditioning OR ""transgenerational immune priming"") AND (marine OR ocean OR estuarine OR oyster OR mussel OR clam OR scallop OR coral OR abalone OR ""sea urchin"" OR bivalve OR mollusc)"
openalex,cinner2016,10.1038/nature18607,Cinner,2016,Bright spots among the world’s coral reefs,,https://doi.org/10.1038/nature18607,"(priming OR conditioning OR ""transgenerational plasticity"" OR ""carryover effect"" OR ""developmental programming"" OR hardening OR acclimatization OR ""parental effect"" OR ""epigenetic memory"" OR preconditioning OR ""transgenerational immune priming"") AND (marine OR ocean OR estuarine OR oyster OR mussel OR clam OR scallop OR coral OR abalone OR ""sea urchin"" OR bivalve OR mollusc)"
openalex,engle1994,10.2307/1352670,Engle,1994,A Benthic Index of Environmental Condition of Gulf of Mexico Estuaries,,https://doi.org/10.2307/1352670,"(priming OR conditioning OR ""transgenerational plasticity"" OR ""carryover effect"" OR ""developmental programming"" OR hardening OR acclimatization OR ""parental effect"" OR ""epigenetic memory"" OR preconditioning OR ""transgenerational immune priming"") AND (marine OR ocean OR estuarine OR oyster OR mussel OR clam OR scallop OR coral OR abalone OR ""sea urchin"" OR bivalve OR mollusc)"
openalex,forooshani2016,10.1002/pola.28368,Forooshani,2016,Recent approaches in designing bioadhesive materials inspired by mussel adhesive protein,"ABSTRACT Marine mussels secret protein‐based adhesives, which enable them to anchor to various surfaces in a saline, intertidal zone. Mussel foot proteins (Mfps) contain a large abundance of a unique, catecholic amino acid, Dopa, in their protein sequences. Catechol offers robust and durable adhesion to various substrate surfaces and contributes to the curing of the adhesive plaques. In this article, we review the unique features and the key functionalities of Mfps, catechol chemistry, and strategies for preparing catechol‐functionalized polymers. Specifically, we reviewed recent findings on the contributions of various features of Mfps on interfacial binding, which include coacervate formation, surface drying properties, control of the oxidation state of catechol, among other features. We also summarized recent developments in designing advanced biomimetic materials including coacervate‐forming adhesives, mechanically improved nano‐ and micro‐composite adhesive hydrogels, as well as smart and self‐healing materials. Finally, we review the applications of catechol‐functionalized materials for the use as biomedical adhesives, therapeutic applications, and antifouling coatings. © 201",https://doi.org/10.1002/pola.28368,"(priming OR conditioning OR ""transgenerational plasticity"" OR ""carryover effect"" OR ""developmental programming"" OR hardening OR acclimatization OR ""parental effect"" OR ""epigenetic memory"" OR preconditioning OR ""transgenerational immune priming"") AND (marine OR ocean OR estuarine OR oyster OR mussel OR clam OR scallop OR coral OR abalone OR ""sea urchin"" OR bivalve OR mollusc)"
openalex,comeau2019,10.1038/s41558-019-0486-9,Comeau,2019,Resistance to ocean acidification in coral reef taxa is not gained by acclimatization,,https://doi.org/10.1038/s41558-019-0486-9,"(priming OR conditioning OR ""transgenerational plasticity"" OR ""carryover effect"" OR ""developmental programming"" OR hardening OR acclimatization OR ""parental effect"" OR ""epigenetic memory"" OR preconditioning OR ""transgenerational immune priming"") AND (marine OR ocean OR estuarine OR oyster OR mussel OR clam OR scallop OR coral OR abalone OR ""sea urchin"" OR bivalve OR mollusc)"
openalex,bellantuono2011,10.1098/rspb.2011.1780,Bellantuono,2011,Resistance to thermal stress in corals without changes in symbiont composition,"Discovering how corals can adjust their thermal sensitivity in the context of global climate change is important in understanding the long-term persistence of coral reefs. In this study, we showed that short-term preconditioning to higher temperatures, 3°C below the experimentally determined bleaching threshold, for a period of 10 days provides thermal tolerance for the symbiosis stability between the scleractinian coral, Acropora millepora and Symbiodinium. Based on genotypic analysis, our results indicate that the acclimatization of this coral species to thermal stress does not come down to simple changes in Symbiodinium and/or the bacterial communities that associate with reef-building corals. This suggests that the physiological plasticity of the host and/or symbiotic components appears to play an important role in responding to ocean warming. The further study of host and symbiont physiology, both of Symbiodinium and prokaryotes, is of paramount importance in the context of global climate change, as mechanisms for rapid holobiont acclimatization will become increasingly important to the long-standing persistence of coral reefs.",https://doi.org/10.1098/rspb.2011.1780,"(priming OR conditioning OR ""transgenerational plasticity"" OR ""carryover effect"" OR ""developmental programming"" OR hardening OR acclimatization OR ""parental effect"" OR ""epigenetic memory"" OR preconditioning OR ""transgenerational immune priming"") AND (marine OR ocean OR estuarine OR oyster OR mussel OR clam OR scallop OR coral OR abalone OR ""sea urchin"" OR bivalve OR mollusc)"
openalex,lokmer2014,10.1038/ismej.2014.160,Lokmer,2014,"Hemolymph microbiome of Pacific oysters in response to temperature, temperature stress and infection","Microbiota provide their hosts with a range of beneficial services, including defense from external pathogens. However, host-associated microbial communities themselves can act as a source of opportunistic pathogens depending on the environment. Marine poikilotherms and their microbiota are strongly influenced by temperature, but experimental studies exploring how temperature affects the interactions between both parties are rare. To assess the effects of temperature, temperature stress and infection on diversity, composition and dynamics of the hemolymph microbiota of Pacific oysters (Crassostrea gigas), we conducted an experiment in a fully-crossed, three-factorial design, in which the temperature acclimated oysters (8 or 22 °C) were exposed to temperature stress and to experimental challenge with a virulent Vibrio sp. strain. We monitored oyster survival and repeatedly collected hemolymph of dead and alive animals to determine the microbiome composition by 16s rRNA gene amplicon pyrosequencing. We found that the microbial dynamics and composition of communities in healthy animals (including infection survivors) were significantly affected by temperature and temperature stress, b",https://doi.org/10.1038/ismej.2014.160,"(priming OR conditioning OR ""transgenerational plasticity"" OR ""carryover effect"" OR ""developmental programming"" OR hardening OR acclimatization OR ""parental effect"" OR ""epigenetic memory"" OR preconditioning OR ""transgenerational immune priming"") AND (marine OR ocean OR estuarine OR oyster OR mussel OR clam OR scallop OR coral OR abalone OR ""sea urchin"" OR bivalve OR mollusc)"
openalex,rodil2019,10.1016/j.envint.2019.05.018,Rodil,2019,Legacy and emerging pollutants in marine bivalves from the Galician coast (NW Spain),"The presence of pollutants in estuary and oceanic systems is a global problem and a serious concern to human and environmental health. Usually, environmental monitoring studies consider classical persistent organic pollutants (POPs). However, the lists of POPs keep continuously growing and new POPs and other emerging pollutants should be considered in new monitoring programs. So, this study aimed to investigate the distribution and profile of classical POPs (polychlorinated biphenyl (PCBs), organochlorine pesticides (OCPs), and polycyclic aromatic hydrocarbons (PAHs)), new POPs and emerging pollutants (polybrominated diphenyl ethers (PBDEs), perfluorinated compounds (PFCs), novel halogenated flame retardants (NFRs) and UV filters) in bivalve mollusc samples (both raft-cultivated and wild mussel, Mytilus galloprovincialis; cockle, Cerestoderma edule; and clam, Ruditapes descussatus) collected in nine Galician Rias during the period February 2012 to February 2013. A predominance of PAHs (6.8-317 ng/g dry weight (dw)) followed by PCBs (0.47-261 ng/g dw), UV filters (1.4-157 ng/g dw), PFCs (0.53-62 ng/g dw), OCPs (0.07-29 ng/g dw), PBDEs (0.31-6.6 ng/g dw) and NFRs (0.07-3.2 ng/g dw) w",https://doi.org/10.1016/j.envint.2019.05.018,"(priming OR conditioning OR ""transgenerational plasticity"" OR ""carryover effect"" OR ""developmental programming"" OR hardening OR acclimatization OR ""parental effect"" OR ""epigenetic memory"" OR preconditioning OR ""transgenerational immune priming"") AND (marine OR ocean OR estuarine OR oyster OR mussel OR clam OR scallop OR coral OR abalone OR ""sea urchin"" OR bivalve OR mollusc)"
openalex,murray2014,10.3354/meps10791,Murray,2014,Offspring sensitivity to ocean acidification changes seasonally in a coastal marine fish,"Experimental assessments of species vulnerabilities to ocean acidification are rapidly increasing in number, yet the potential for short- and long-term adaptation to high CO2 by contemporary marine organisms remains poorly understood. We used a novel experimental approach that combined bi-weekly sampling of a wild, spawning fish population (Atlantic silverside Menidia menidia) with standardized offspring CO2 exposure experiments and parallel pH monitoring of a coastal ecosystem. We assessed whether offspring produced at different times of the spawning season (April to July) would be similarly susceptible to elevated (1100 µatm, pHNIST = 7.77) and high CO2 levels (2300 µatm, pHNIST = 7.47). Early in the season (April), high CO2 levels significantly (p &lt; 0.05) reduced fish survival by 54% (2012) and 33% (2013) and reduced 1 to 10 d post-hatch growth by 17% relative to ambient conditions. However, offspring from parents collected later in the season became increasingly CO2-tolerant until, by mid-May, offspring survival was equally high at all CO2 levels. This interannually consistent plasticity coincided with the rapid annual pH decline in the species' spawning habitat (mean pH: 1 ",https://doi.org/10.3354/meps10791,"(priming OR conditioning OR ""transgenerational plasticity"" OR ""carryover effect"" OR ""developmental programming"" OR hardening OR acclimatization OR ""parental effect"" OR ""epigenetic memory"" OR preconditioning OR ""transgenerational immune priming"") AND (marine OR ocean OR estuarine OR oyster OR mussel OR clam OR scallop OR coral OR abalone OR ""sea urchin"" OR bivalve OR mollusc)"
openalex,erftemeijer2012,10.1016/j.marpolbul.2012.05.008,Erftemeijer,2012,Environmental impacts of dredging and other sediment disturbances on corals: A review,"A review of published literature on the sensitivity of corals to turbidity and sedimentation is presented, with an emphasis on the effects of dredging. The risks and severity of impact from dredging (and other sediment disturbances) on corals are primarily related to the intensity, duration and frequency of exposure to increased turbidity and sedimentation. The sensitivity of a coral reef to dredging impacts and its ability to recover depend on the antecedent ecological conditions of the reef, its resilience and the ambient conditions normally experienced. Effects of sediment stress have so far been investigated in 89 coral species (~10% of all known reef-building corals). Results of these investigations have provided a generic understanding of tolerance levels, response mechanisms, adaptations and threshold levels of corals to the effects of natural and anthropogenic sediment disturbances. Coral polyps undergo stress from high suspended-sediment concentrations and the subsequent effects on light attenuation which affect their algal symbionts. Minimum light requirements of corals range from <1% to as much as 60% of surface irradiance. Reported tolerance limits of coral reef systems",https://doi.org/10.1016/j.marpolbul.2012.05.008,"(priming OR conditioning OR ""transgenerational plasticity"" OR ""carryover effect"" OR ""developmental programming"" OR hardening OR acclimatization OR ""parental effect"" OR ""epigenetic memory"" OR preconditioning OR ""transgenerational immune priming"") AND (marine OR ocean OR estuarine OR oyster OR mussel OR clam OR scallop OR coral OR abalone OR ""sea urchin"" OR bivalve OR mollusc)"
openalex,katzschmann2018,10.1126/scirobotics.aar3449,Katzschmann,2018,Exploration of underwater life with an acoustically controlled soft robotic fish,"Closeup exploration of underwater life requires new forms of interaction, using biomimetic creatures that are capable of agile swimming maneuvers, equipped with cameras, and supported by remote human operation. Current robotic prototypes do not provide adequate platforms for studying marine life in their natural habitats. This work presents the design, fabrication, control, and oceanic testing of a soft robotic fish that can swim in three dimensions to continuously record the aquatic life it is following or engaging. Using a miniaturized acoustic communication module, a diver can direct the fish by sending commands such as speed, turning angle, and dynamic vertical diving. This work builds on previous generations of robotic fish that were restricted to one plane in shallow water and lacked remote control. Experimental results gathered from tests along coral reefs in the Pacific Ocean show that the robotic fish can successfully navigate around aquatic life at depths ranging from 0 to 18 meters. Furthermore, our robotic fish exhibits a lifelike undulating tail motion enabled by a soft robotic actuator design that can potentially facilitate a more natural integration into the ocean en",https://doi.org/10.1126/scirobotics.aar3449,"(priming OR conditioning OR ""transgenerational plasticity"" OR ""carryover effect"" OR ""developmental programming"" OR hardening OR acclimatization OR ""parental effect"" OR ""epigenetic memory"" OR preconditioning OR ""transgenerational immune priming"") AND (marine OR ocean OR estuarine OR oyster OR mussel OR clam OR scallop OR coral OR abalone OR ""sea urchin"" OR bivalve OR mollusc)"
openalex,stanley1998,10.1016/s0031-0182(98)00109-6,Stanley,1998,Secular oscillations in the carbonate mineralogy of reef-building and sediment-producing organisms driven by tectonically forced shifts in seawater chemistry,"The primary mineralogy of oolites and early marine carbonate cements led Sandberg [Nature 305 (1983), 19–22] to divide the Phanerozoic Eon into three intervals of `aragonite seas' and two intervals of `calcite seas'. Hardie [Geology 24 (1996), 279–283] has shown that these oscillations, together with synchronous oscillations in the mineralogy of marine potash evaporites, can be explained by secular shifts in the Mg/Ca ratio of seawater driven by changes in spreading rates along mid-ocean ridges. The Hardie model also predicts that high-Mg calcite should precipitate along with aragonite, as it does in today's aragonite sea. We have uncovered oscillations in the carbonate mineralogy of hypercalcifying organisms (ones that have produced massive skeletons, large reefs, or voluminous bodies of sediment) that correspond to Sandberg's aragonite seas and calcite seas and that are predicted by the Hardie model. Particular groups of corals, sponges, and algae appear to have been dominant reef builders only when favored by an appropriate Mg/Ca ratio in seawater. In early and middle Paleozoic calcite seas (Calcite I), reefs were dominated by calcitic tabulate, heliolitid, and rugose corals and",https://doi.org/10.1016/s0031-0182(98)00109-6,"(priming OR conditioning OR ""transgenerational plasticity"" OR ""carryover effect"" OR ""developmental programming"" OR hardening OR acclimatization OR ""parental effect"" OR ""epigenetic memory"" OR preconditioning OR ""transgenerational immune priming"") AND (marine OR ocean OR estuarine OR oyster OR mussel OR clam OR scallop OR coral OR abalone OR ""sea urchin"" OR bivalve OR mollusc)"
openalex,baird2009,10.1146/annurev.ecolsys.110308.120220,Baird,2009,Systematic and Biogeographical Patterns in the Reproductive Biology of Scleractinian Corals,"A limited diversity of character states for reproductive traits and a robust phylogeny make scleractinian corals an ideal model organism with which to explore the evolution of life-history traits. Here, we explore systematic and biogeographical patterns in the reproductive biology of the Scleractinia within the context of a new molecular phylogeny and using reproductive traits from nearly 400 species. Our analyses confirm that coral sexuality is highly conserved, and mode of larval development is relatively plastic. An overabundance of species with autotrophic larvae in the eastern Pacific and Atlantic is most likely the result of increased capacity for long-distance dispersal conferred by vertical transmission of symbiotic zooxanthellae. Spawning records from diverse biogeographical regions indicate that multispecies spawning occurs in all speciose coral assemblages. A new quantitative index of spawning synchrony shows peaks at mid-tropical latitudes in the Indo-Pacific, influenced in part by two spawning seasons in many species on equatorial reefs.",https://doi.org/10.1146/annurev.ecolsys.110308.120220,"(priming OR conditioning OR ""transgenerational plasticity"" OR ""carryover effect"" OR ""developmental programming"" OR hardening OR acclimatization OR ""parental effect"" OR ""epigenetic memory"" OR preconditioning OR ""transgenerational immune priming"") AND (marine OR ocean OR estuarine OR oyster OR mussel OR clam OR scallop OR coral OR abalone OR ""sea urchin"" OR bivalve OR mollusc)"
openalex,cummings2011,10.1371/journal.pone.0016069,Cummings,2011,Ocean Acidification at High Latitudes: Potential Effects on Functioning of the Antarctic Bivalve Laternula elliptica,"Ocean acidification is a well recognised threat to marine ecosystems. High latitude regions are predicted to be particularly affected due to cold waters and naturally low carbonate saturation levels. This is of concern for organisms utilising calcium carbonate (CaCO(3)) to generate shells or skeletons. Studies of potential effects of future levels of pCO(2) on high latitude calcifiers are at present limited, and there is little understanding of their potential to acclimate to these changes. We describe a laboratory experiment to compare physiological and metabolic responses of a key benthic bivalve, Laternula elliptica, at pCO(2) levels of their natural environment (430 µatm, pH 7.99; based on field measurements) with those predicted for 2100 (735 µatm, pH 7.78) and glacial levels (187 µatm, pH 8.32). Adult L. elliptica basal metabolism (oxygen consumption rates) and heat shock protein HSP70 gene expression levels increased in response both to lowering and elevation of pH. Expression of chitin synthase (CHS), a key enzyme involved in synthesis of bivalve shells, was significantly up-regulated in individuals at pH 7.78, indicating L. elliptica were working harder to calcify in seawa",https://doi.org/10.1371/journal.pone.0016069,"(priming OR conditioning OR ""transgenerational plasticity"" OR ""carryover effect"" OR ""developmental programming"" OR hardening OR acclimatization OR ""parental effect"" OR ""epigenetic memory"" OR preconditioning OR ""transgenerational immune priming"") AND (marine OR ocean OR estuarine OR oyster OR mussel OR clam OR scallop OR coral OR abalone OR ""sea urchin"" OR bivalve OR mollusc)"
openalex,quinn1993,10.1093/icb/33.6.537,Quinn,1993,"Harvest Refugia in Marine Invertebrate Fisheries: Models and Applications to the Red Sea Urchin,<i>Strongylocentrotus franciscanus</i>","Benthic marine invertebrates with planktonic larvae may exhibit Allee effects in reproduction or recruitment. Hydrodynamic considerations and experimental evidence suggest that species broadcasting gametes suffer greatly reduced fertilization efficiencies as densities decline. There is also evidence for some species, including the red sea urchin, that post-dispersal recruitment success declines at low densities of adults, if adults provide shelter from predators or other sources of mortality. Species displaying strong Allee effects may be susceptible to catastrophic population collapses with slight increases in mortality due to harvesting or natural causes. A simple two patch logistic model suggests that the establishment of a harvest refuge is necessary to prevent collapses and maintain sustainable catches at high levels of harvesting effort. A more detailed, age structured model based on the biology of the red sea urchin, Strongylocentrotus franciscanus produces similar results. Effects of harvesting strategies are sensitive to Allee effects caused by both fertilization efficiency and the disruption of adult spine canopies. Theoretical requirements for the size and spacing of mar",https://doi.org/10.1093/icb/33.6.537,"(priming OR conditioning OR ""transgenerational plasticity"" OR ""carryover effect"" OR ""developmental programming"" OR hardening OR acclimatization OR ""parental effect"" OR ""epigenetic memory"" OR preconditioning OR ""transgenerational immune priming"") AND (marine OR ocean OR estuarine OR oyster OR mussel OR clam OR scallop OR coral OR abalone OR ""sea urchin"" OR bivalve OR mollusc)"
openalex,lea2015,10.1038/srep11202,Lea,2015,"Repeated, long-distance migrations by a philopatric predator targeting highly contrasting ecosystems","Long-distance movements of animals are an important driver of population spatial dynamics and determine the extent of overlap with area-focused human activities, such as fishing. Despite global concerns of declining shark populations, a major limitation in assessments of population trends or spatial management options is the lack of information on their long-term migratory behaviour. For a large marine predator, the tiger shark Galeocerdo cuvier, we show from individuals satellite-tracked for multiple years (up to 1101 days) that adult males undertake annually repeated, round-trip migrations of over 7,500 km in the northwest Atlantic. Notably, these migrations occurred between the highly disparate ecosystems of Caribbean coral reef regions in winter and high latitude oceanic areas in summer, with strong, repeated philopatry to specific overwintering insular habitat. Partial migration also occurred, with smaller, immature individuals displaying reduced migration propensity. Foraging may be a putative motivation for these oceanic migrations, with summer behaviour showing higher path tortuosity at the oceanic range extremes. The predictable migratory patterns and use of highly diverge",https://doi.org/10.1038/srep11202,"(priming OR conditioning OR ""transgenerational plasticity"" OR ""carryover effect"" OR ""developmental programming"" OR hardening OR acclimatization OR ""parental effect"" OR ""epigenetic memory"" OR preconditioning OR ""transgenerational immune priming"") AND (marine OR ocean OR estuarine OR oyster OR mussel OR clam OR scallop OR coral OR abalone OR ""sea urchin"" OR bivalve OR mollusc)"
openalex,guenet2010,10.1890/09-1968.1,Guenet,2010,Priming effect: bridging the gap between terrestrial and aquatic ecology,"Understanding how ecosystems store or release carbon is one of ecology's greatest challenges in the 21st century. Organic matter covers a large range of chemical structures and qualities, and it is classically represented by pools of different recalcitrance to degradation. The interaction effects of these pools on carbon cycling are still poorly understood and are most often ignored in global-change models. Soil scientists have shown that inputs of labile organic matter frequently tend to increase, and often double, the mineralization of the more recalcitrant organic matter. The recent revival of interest for this phenomenon, named the priming effect, did not cross the frontiers of the disciplines. In particular, the priming effect phenomenon has been almost totally ignored by the scientific communities studying marine and continental aquatic ecosystems. Here we gather several arguments, experimental results, and field observations that strongly support the hypothesis that the priming effect is a general phenomenon that occurs in various terrestrial, freshwater, and marine ecosystems. For example, the increase in recalcitrant organic matter mineralization rate in the presence of la",https://doi.org/10.1890/09-1968.1,"(priming OR conditioning OR ""transgenerational plasticity"" OR ""carryover effect"" OR ""developmental programming"" OR hardening OR acclimatization OR ""parental effect"" OR ""epigenetic memory"" OR preconditioning OR ""transgenerational immune priming"") AND (marine OR ocean OR estuarine OR oyster OR mussel OR clam OR scallop OR coral OR abalone OR ""sea urchin"" OR bivalve OR mollusc)"
openalex,hummel1997,10.1016/s0166-445x(96)00832-6,Hummel,1997,A comparative study on the relation between copper and condition in marine bivalves and the relation with copper in the sediment,,https://doi.org/10.1016/s0166-445x(96)00832-6,"(priming OR conditioning OR ""transgenerational plasticity"" OR ""carryover effect"" OR ""developmental programming"" OR hardening OR acclimatization OR ""parental effect"" OR ""epigenetic memory"" OR preconditioning OR ""transgenerational immune priming"") AND (marine OR ocean OR estuarine OR oyster OR mussel OR clam OR scallop OR coral OR abalone OR ""sea urchin"" OR bivalve OR mollusc)"
openalex,powell2018,10.1093/dnares/dsy032,Powell,2018,The genome of the oyster<i>Saccostrea</i>offers insight into the environmental resilience of bivalves,"Oysters are keystone species in estuarine ecosystems and are of substantial economic value to fisheries and aquaculture worldwide. Contending with disease and environmental stress are considerable challenges to oyster culture. Here we report a draft genome of the Sydney Rock Oyster, Saccostrea glomerata, an iconic and commercially important species of edible oyster in Australia known for its enhanced resilience to harsh environmental conditions. This is the second reference genome to be reported from the family Ostreidae enabling a genus-level study of lophotrochozoan genome evolution. Our analysis of the 784-megabase S. glomerata genome shows extensive expansions of gene families associated with immunological non-self-recognition. Transcriptomic analysis revealed highly tissue-specific patterns of expression among these genes, suggesting a complex assortment of immune receptors provide this oyster with a unique capacity to recognize invading microbes. Several gene families involved in stress response are notably expanded in Saccostrea compared with other oysters, and likely key to this species' adaptations for improved survival higher in the intertidal zone. The Sydney Rock Oyster",https://doi.org/10.1093/dnares/dsy032,"(priming OR conditioning OR ""transgenerational plasticity"" OR ""carryover effect"" OR ""developmental programming"" OR hardening OR acclimatization OR ""parental effect"" OR ""epigenetic memory"" OR preconditioning OR ""transgenerational immune priming"") AND (marine OR ocean OR estuarine OR oyster OR mussel OR clam OR scallop OR coral OR abalone OR ""sea urchin"" OR bivalve OR mollusc)"
openalex,martin2019,10.1016/j.envpol.2019.113281,Martin,2019,Adhesion to coral surface as a potential sink for marine microplastics,,https://doi.org/10.1016/j.envpol.2019.113281,"(priming OR conditioning OR ""transgenerational plasticity"" OR ""carryover effect"" OR ""developmental programming"" OR hardening OR acclimatization OR ""parental effect"" OR ""epigenetic memory"" OR preconditioning OR ""transgenerational immune priming"") AND (marine OR ocean OR estuarine OR oyster OR mussel OR clam OR scallop OR coral OR abalone OR ""sea urchin"" OR bivalve OR mollusc)"
openalex,beaumont2019,10.1016/j.marpolbul.2019.03.022,Beaumont,2019,"Global ecological, social and economic impacts of marine plastic","This research takes a holistic approach to considering the consequences of marine plastic pollution. A semi-systematic literature review of 1191 data points provides the basis to determine the global ecological, social and economic impacts. An ecosystem impact analysis demonstrates that there is global evidence of impact with medium to high frequency on all subjects, with a medium to high degree of irreversibility. A novel translation of these ecological impacts into ecosystem service impacts provides evidence that all ecosystem services are impacted to some extent by the presence of marine plastic, with a reduction in provision predicted for all except one. This reduction in ecosystem service provision is evidenced to have implications for human health and wellbeing, linked particularly to fisheries, heritage and charismatic species, and recreation. • Marine plastic has a global impact on all ecological subjects reviewed. • There are negative impacts on the provision of almost all marine ecosystem services. • Negative human wellbeing impacts, particularly fisheries, heritage, recreation. • Economic costs conjectured: $3300–$33,000 per tonne of marine plastic per year.",https://doi.org/10.1016/j.marpolbul.2019.03.022,"(priming OR conditioning OR ""transgenerational plasticity"" OR ""carryover effect"" OR ""developmental programming"" OR hardening OR acclimatization OR ""parental effect"" OR ""epigenetic memory"" OR preconditioning OR ""transgenerational immune priming"") AND (marine OR ocean OR estuarine OR oyster OR mussel OR clam OR scallop OR coral OR abalone OR ""sea urchin"" OR bivalve OR mollusc)"
openalex,mellin2016,10.1111/ele.12598,Mellin,2016,Marine protected areas increase resilience among coral reef communities,"With marine biodiversity declining globally at accelerating rates, maximising the effectiveness of conservation has become a key goal for local, national and international regulators. Marine protected areas (MPAs) have been widely advocated for conserving and managing marine biodiversity yet, despite extensive research, their benefits for conserving non-target species and wider ecosystem functions remain unclear. Here, we demonstrate that MPAs can increase the resilience of coral reef communities to natural disturbances, including coral bleaching, coral diseases, Acanthaster planci outbreaks and storms. Using a 20-year time series from Australia's Great Barrier Reef, we show that within MPAs, (1) reef community composition was 21-38% more stable; (2) the magnitude of disturbance impacts was 30% lower and (3) subsequent recovery was 20% faster that in adjacent unprotected habitats. Our results demonstrate that MPAs can increase the resilience of marine communities to natural disturbance possibly through herbivory, trophic cascades and portfolio effects.",https://doi.org/10.1111/ele.12598,"(priming OR conditioning OR ""transgenerational plasticity"" OR ""carryover effect"" OR ""developmental programming"" OR hardening OR acclimatization OR ""parental effect"" OR ""epigenetic memory"" OR preconditioning OR ""transgenerational immune priming"") AND (marine OR ocean OR estuarine OR oyster OR mussel OR clam OR scallop OR coral OR abalone OR ""sea urchin"" OR bivalve OR mollusc)"
openalex,bostrmeinarsson2020,10.1371/journal.pone.0226631,Boström‐Einarsson,2020,"Coral restoration – A systematic review of current methods, successes, failures and future directions","Coral reef ecosystems have suffered an unprecedented loss of habitat-forming hard corals in recent decades. While marine conservation has historically focused on passive habitat protection, demand for and interest in active restoration has been growing in recent decades. However, a disconnect between coral restoration practitioners, coral reef managers and scientists has resulted in a disjointed field where it is difficult to gain an overview of existing knowledge. To address this, we aimed to synthesise the available knowledge in a comprehensive global review of coral restoration methods, incorporating data from the peer-reviewed scientific literature, complemented with grey literature and through a survey of coral restoration practitioners. We found that coral restoration case studies are dominated by short-term projects, with 60% of all projects reporting less than 18 months of monitoring of the restored sites. Similarly, most projects are relatively small in spatial scale, with a median size of restored area of 100 m2. A diverse range of species are represented in the dataset, with 229 different species from 72 coral genera. Overall, coral restoration projects focused primarily",https://doi.org/10.1371/journal.pone.0226631,"(priming OR conditioning OR ""transgenerational plasticity"" OR ""carryover effect"" OR ""developmental programming"" OR hardening OR acclimatization OR ""parental effect"" OR ""epigenetic memory"" OR preconditioning OR ""transgenerational immune priming"") AND (marine OR ocean OR estuarine OR oyster OR mussel OR clam OR scallop OR coral OR abalone OR ""sea urchin"" OR bivalve OR mollusc)"
openalex,clark2020,10.1242/jeb.206961,Clark,2020,Molecular mechanisms of biomineralization in marine invertebrates,"Much recent marine research has been directed towards understanding the effects of anthropogenic-induced environmental change on marine biodiversity, particularly for those animals with heavily calcified exoskeletons, such as corals, molluscs and urchins. This is because life in our oceans is becoming more challenging for these animals with changes in temperature, pH and salinity. In the future, it will be more energetically expensive to make marine skeletons and the increasingly corrosive conditions in seawater are expected to result in the dissolution of these external skeletons. However, initial predictions of wide-scale sensitivity are changing as we understand more about the mechanisms underpinning skeletal production (biomineralization). These studies demonstrate the complexity of calcification pathways and the cellular responses of animals to these altered conditions. Factors including parental conditioning, phenotypic plasticity and epigenetics can significantly impact the production of skeletons and thus future population success. This understanding is paralleled by an increase in our knowledge of the genes and proteins involved in biomineralization, particularly in some p",https://doi.org/10.1242/jeb.206961,"(priming OR conditioning OR ""transgenerational plasticity"" OR ""carryover effect"" OR ""developmental programming"" OR hardening OR acclimatization OR ""parental effect"" OR ""epigenetic memory"" OR preconditioning OR ""transgenerational immune priming"") AND (marine OR ocean OR estuarine OR oyster OR mussel OR clam OR scallop OR coral OR abalone OR ""sea urchin"" OR bivalve OR mollusc)"
openalex,khn2015,10.1007/978-3-319-16510-3_4,Kühn,2015,Deleterious Effects of Litter on Marine Life,"In this review we report new findings concerning interaction between marine debris and wildlife. Deleterious effects and consequences of entanglement, consumption and smothering are highlighted and discussed. The number of species known to have been affected by either entanglement or ingestion of plastic debris has doubled since 1997, from 267 to 557 species among all groups of wildlife. For marine turtles the number of affected species increased from 86 to 100 % (now 7 of 7 species), for marine mammals from 43 to 66 % (now 81 of 123 species) and for seabirds from 44 to 50 % of species (now 203 of 406 species). Strong increases in records were also listed for fish and invertebrates, groups that were previously not considered in detail. In future records of interactions between marine debris and wildlife we recommend to focus on standardized data on frequency of occurrence and quantities of debris ingested. In combination with dedicated impact studies in the wild or experiments, this will allow more detailed assessments of the deleterious effects of marine debris on individuals and populations.",https://doi.org/10.1007/978-3-319-16510-3_4,"(priming OR conditioning OR ""transgenerational plasticity"" OR ""carryover effect"" OR ""developmental programming"" OR hardening OR acclimatization OR ""parental effect"" OR ""epigenetic memory"" OR preconditioning OR ""transgenerational immune priming"") AND (marine OR ocean OR estuarine OR oyster OR mussel OR clam OR scallop OR coral OR abalone OR ""sea urchin"" OR bivalve OR mollusc)"
openalex,nakamura2011,10.1371/journal.pone.0014521,Nakamura,2011,"Coral Larvae under Ocean Acidification: Survival, Metabolism, and Metamorphosis","Ocean acidification may negatively impact the early life stages of some marine invertebrates including corals. Although reduced growth of juvenile corals in acidified seawater has been reported, coral larvae have been reported to demonstrate some level of tolerance to reduced pH. We hypothesize that the observed tolerance of coral larvae to low pH may be partly explained by reduced metabolic rates in acidified seawater because both calcifying and non-calcifying marine invertebrates could show metabolic depression under reduced pH in order to enhance their survival. In this study, after 3-d and 7-d exposure to three different pH levels (8.0, 7.6, and 7.3), we found that the oxygen consumption of Acropora digitifera larvae tended to be suppressed with reduced pH, although a statistically significant difference was not observed between pH conditions. Larval metamorphosis was also observed, confirming that successful recruitment is impaired when metamorphosis is disrupted, despite larval survival. Results also showed that the metamorphosis rate significantly decreased under acidified seawater conditions after both short (2 h) and long (7 d) term exposure. These results imply that acidi",https://doi.org/10.1371/journal.pone.0014521,"(priming OR conditioning OR ""transgenerational plasticity"" OR ""carryover effect"" OR ""developmental programming"" OR hardening OR acclimatization OR ""parental effect"" OR ""epigenetic memory"" OR preconditioning OR ""transgenerational immune priming"") AND (marine OR ocean OR estuarine OR oyster OR mussel OR clam OR scallop OR coral OR abalone OR ""sea urchin"" OR bivalve OR mollusc)"
openalex,kim2014,10.1021/bm4017308,Kim,2014,Mussel-Mimetic Protein-Based Adhesive Hydrogel,"Hydrogel systems based on cross-linked polymeric materials which could provide both adhesion and cohesion in wet environment have been considered as a promising formulation of tissue adhesives. Inspired by marine mussel adhesion, many researchers have tried to exploit the 3,4-dihydroxyphenylalanine (DOPA) molecule as a cross-linking mediator of synthetic polymer-based hydrogels which is known to be able to achieve cohesive hardening as well as adhesive bonding with diverse surfaces. Beside DOPA residue, composition of other amino acid residues and structure of mussel adhesive proteins (MAPs) have also been considered important elements for mussel adhesion. Herein, we represent a novel protein-based hydrogel system using DOPA-containing recombinant MAP. Gelation can be achieved using both oxdiation-induced DOPA quinone-mediated covalent and Fe(3+)-mediated coordinative noncovalent cross-linking. Fe(3+)-mediated hydrogels show deformable and self-healing viscoelastic behavior in rheological analysis, which is also well-reflected in bulk adhesion strength measurement. Quinone-mediated hydrogel has higher cohesive strength and can provide sufficient gelation time for easier handling. C",https://doi.org/10.1021/bm4017308,"(priming OR conditioning OR ""transgenerational plasticity"" OR ""carryover effect"" OR ""developmental programming"" OR hardening OR acclimatization OR ""parental effect"" OR ""epigenetic memory"" OR preconditioning OR ""transgenerational immune priming"") AND (marine OR ocean OR estuarine OR oyster OR mussel OR clam OR scallop OR coral OR abalone OR ""sea urchin"" OR bivalve OR mollusc)"
openalex,pechenik1999,10.3354/meps177269,Pechenik,1999,On the advantages and disadvantages of larval stages in benthic marine invertebrate life cycles,"many benthic marine invertebrates develop by means of free-livlng, dispersive larval stages. The presumed advantages of such larvae include the avoidance of competition for resources with adults, temporary reduct~on of benthic mortality while in the plankton, decreased likelihood of inbreeding in the next generation, and increased ability to withstand local extinction However, the direct~on of evolutionary change appears generally b ~a s e d toward the loss of larvae in many clades, implying that larvae are somehow disadvantageous. Poss~ble disadvantages include dispersal away from favorable habitat, mismatches between larval and luvenile physiological tolerances, greater sus-ceptib~lity to env~ronmental stresses, greater susceptibihty to predation. and vanous costs that may be associated with n~etanlorphosing in response to specific chemical cues and postponing n~etamorphosis in the absence of those cues. Understanding the forces responsible for the present distribution of larval and non-larval (aplanktonlc) development among benthic marine invertebrates, and the potential influence of human activities on the direct~on of future evolutionary change in 1-eproductlve patterns, will ",https://doi.org/10.3354/meps177269,"(priming OR conditioning OR ""transgenerational plasticity"" OR ""carryover effect"" OR ""developmental programming"" OR hardening OR acclimatization OR ""parental effect"" OR ""epigenetic memory"" OR preconditioning OR ""transgenerational immune priming"") AND (marine OR ocean OR estuarine OR oyster OR mussel OR clam OR scallop OR coral OR abalone OR ""sea urchin"" OR bivalve OR mollusc)"
openalex,offret2020,10.1093/femsec/fiaa078,Offret,2020,The marine intertidal zone shapes oyster and clam digestive bacterial microbiota,"Digestive microbiota provide a wide range of beneficial effects on host physiology and are therefore likely to play a key role in marine intertidal bivalve ability to acclimatize to the intertidal zone. This study investigated the effect of intertidal levels on the digestive bacterial microbiota of oysters (Crassostrea gigas) and clams (Ruditapes philippinarum), two bivalves with different ecological niches. Based on 16S rRNA region sequencing, digestive glands, seawater and sediments harbored specific bacterial communities, dominated by operational taxonomic units assigned to the Mycoplasmatales,Desulfobacterales and Rhodobacterales orders, respectively. Field implantation modified digestive bacterial microbiota of both bivalve species according to their intertidal position. Rhodospirillales and Legionellales abundances increased in oysters and clams from the low intertidal level, respectively. After a 14-day depuration process, these effects were still observed, especially for clams, while digestive bacterial microbiota of oysters were subjected to more short-term environmental changes. Nevertheless, 3.5 months stay on an intertidal zone was enough to leave an environmental footp",https://doi.org/10.1093/femsec/fiaa078,"(priming OR conditioning OR ""transgenerational plasticity"" OR ""carryover effect"" OR ""developmental programming"" OR hardening OR acclimatization OR ""parental effect"" OR ""epigenetic memory"" OR preconditioning OR ""transgenerational immune priming"") AND (marine OR ocean OR estuarine OR oyster OR mussel OR clam OR scallop OR coral OR abalone OR ""sea urchin"" OR bivalve OR mollusc)"
openalex,cabral2019,10.3390/ijerph16152737,Cabral,2019,Synergistic Effects of Climate Change and Marine Pollution: An Overlooked Interaction in Coastal and Estuarine Areas,"Coastal areas have been increasingly affected by human activities, marine pollution and climate change are among the most important pressures affecting these environments. Human-induced pressures occur in a cumulative way and generate additive, antagonistic or synergistic effects. Knowledge on synergistic effects is crucial to coastal zone management, since they may imply a change in human uses of these systems, as well as dedicated action plans in order to reduce hazards and environmental risks. In this work, we provide an overview of the available literature on synergistic effects between climate change and chemical pollution, and discuss current knowledge, methodological approaches, and research gaps and needs. Interactions between these two pressures may be climate change dominant (climate change leads to an increase in contaminant exposure or toxicity) or contaminant-dominant (chemical exposure leads to an increase in climate change susceptibility), but the mechanistic drivers of such processes are not well known. Results from a few meta-analyses studies and reviews showed that synergistic interactions tend to be more frequent compared to additive and antagonistic ones. Howeve",https://doi.org/10.3390/ijerph16152737,"(priming OR conditioning OR ""transgenerational plasticity"" OR ""carryover effect"" OR ""developmental programming"" OR hardening OR acclimatization OR ""parental effect"" OR ""epigenetic memory"" OR preconditioning OR ""transgenerational immune priming"") AND (marine OR ocean OR estuarine OR oyster OR mussel OR clam OR scallop OR coral OR abalone OR ""sea urchin"" OR bivalve OR mollusc)"
openalex,nascimentoschulze2021,10.1111/raq.12568,Nascimento‐Schulze,2021,Optimizing hatchery practices for genetic improvement of marine bivalves,"Abstract Aquaculture currently accounts for approximately half of all seafood produced and is the fastest growing farmed food sector globally. Marine bivalve aquaculture, the farming of oysters, mussels and clams, represents a highly sustainable component of this industry and has major potential for global expansion via increased efficiency, and numbers of, production systems. Artificial spat propagation (i.e. settled juveniles) in hatcheries and selective breeding have the potential to offer rapid and widespread gains for molluscan aquaculture industry. However, bivalves have unique life‐histories, genetic and genomic characteristics, which present significant challenges to achieving such genetic improvement. Selection pressures experienced by bivalve larvae and spat in the wild contribute to drive population structure and animal fitness. Similarly, domestication selection is likely to act on hatchery‐produced spat, the full implications of which have not been fully explored. In this review, we outline the key features of these taxa and production practices applied in bivalve aquaculture, which have the potential to affect the genetic and phenotypic variability of hatchery‐propaga",https://doi.org/10.1111/raq.12568,"(priming OR conditioning OR ""transgenerational plasticity"" OR ""carryover effect"" OR ""developmental programming"" OR hardening OR acclimatization OR ""parental effect"" OR ""epigenetic memory"" OR preconditioning OR ""transgenerational immune priming"") AND (marine OR ocean OR estuarine OR oyster OR mussel OR clam OR scallop OR coral OR abalone OR ""sea urchin"" OR bivalve OR mollusc)"
openalex,mcmanus2004,10.1016/j.pocean.2004.02.014,McManus,2004,Coral–algal phase shifts on coral reefs: Ecological and environmental aspects,,https://doi.org/10.1016/j.pocean.2004.02.014,"(priming OR conditioning OR ""transgenerational plasticity"" OR ""carryover effect"" OR ""developmental programming"" OR hardening OR acclimatization OR ""parental effect"" OR ""epigenetic memory"" OR preconditioning OR ""transgenerational immune priming"") AND (marine OR ocean OR estuarine OR oyster OR mussel OR clam OR scallop OR coral OR abalone OR ""sea urchin"" OR bivalve OR mollusc)"
openalex,nilsson2004,10.1242/jeb.00979,Nilsson,2004,Hypoxic survival strategies in two fishes: extreme anoxia tolerance in the North European crucian carp and natural hypoxic preconditioning in a coral-reef shark,"Especially in aquatic habitats, hypoxia can be an important evolutionary driving force resulting in both convergent and divergent physiological strategies for hypoxic survival. Examining adaptations to anoxic/hypoxic survival in hypoxia-tolerant animals may offer fresh ideas for the treatment of hypoxia-related diseases. Here, we summarise our present knowledge of two fishes that have evolved to survive hypoxia under very different circumstances. The crucian carp (Carassius carassius) is of particular interest because of its extreme anoxia tolerance. During the long North European winter, it survives for months in completely oxygen-deprived freshwater habitats. The crucian carp also tolerates a few days of anoxia at room temperature and, unlike anoxia-tolerant freshwater turtles, it is still physically active in anoxia. Moreover, the crucian carp does not appear to reduce neuronal ion permeability during anoxia and may primarily rely on more subtle neuromodulatory mechanisms for anoxic metabolic depression. The epaulette shark (Hemiscyllium ocellatum) is a tropical marine vertebrate. It lives on shallow reef platforms that repeatedly become cut off from the ocean during periods of ",https://doi.org/10.1242/jeb.00979,"(priming OR conditioning OR ""transgenerational plasticity"" OR ""carryover effect"" OR ""developmental programming"" OR hardening OR acclimatization OR ""parental effect"" OR ""epigenetic memory"" OR preconditioning OR ""transgenerational immune priming"") AND (marine OR ocean OR estuarine OR oyster OR mussel OR clam OR scallop OR coral OR abalone OR ""sea urchin"" OR bivalve OR mollusc)"
openalex,winther2020,10.1038/s41559-020-1259-6,Winther,2020,Integrated ocean management for a sustainable ocean economy,,https://doi.org/10.1038/s41559-020-1259-6,"(priming OR conditioning OR ""transgenerational plasticity"" OR ""carryover effect"" OR ""developmental programming"" OR hardening OR acclimatization OR ""parental effect"" OR ""epigenetic memory"" OR preconditioning OR ""transgenerational immune priming"") AND (marine OR ocean OR estuarine OR oyster OR mussel OR clam OR scallop OR coral OR abalone OR ""sea urchin"" OR bivalve OR mollusc)"
openalex,coles2018,10.7717/peerj.5347,Coles,2018,Evidence of acclimatization or adaptation in Hawaiian corals to higher ocean temperatures,"Ocean temperatures have been accelerating at an alarming rate mainly due to anthropogenic fossil fuel emissions. This has led to an increase in the severity and duration of coral bleaching events. Predicted projections for the state of reefs do not take into account the rates of adaptation or acclimatization of corals as these have not as yet been fully documented. To determine any possible changes in thermal tolerances, manipulative experiments were conducted to precisely replicate the initial, pivotal research defining threshold temperatures of corals nearly five decades ago. Statistically higher calcification rates, survivorship, and lower mortality were observed in Montipora capitata, Pocillopora damicornis , and Lobactis scutaria in the present study at 31 °C compared to the original 1970 findings. First whole colony mortality was also observed to occur sooner in 1970 than in 2017 in M. capitata (3 d vs. 15 d respectively), L. scutaria (3 d vs. 17 d), and in P. damicornis (3 d vs. 13 d). Additionally, bleaching occurred sooner in 1970 compared to the 2017 experiment across species. Irradiance was an important factor during the recovery period for mortality but did not signific",https://doi.org/10.7717/peerj.5347,"(priming OR conditioning OR ""transgenerational plasticity"" OR ""carryover effect"" OR ""developmental programming"" OR hardening OR acclimatization OR ""parental effect"" OR ""epigenetic memory"" OR preconditioning OR ""transgenerational immune priming"") AND (marine OR ocean OR estuarine OR oyster OR mussel OR clam OR scallop OR coral OR abalone OR ""sea urchin"" OR bivalve OR mollusc)"
openalex,micheli2012,10.1371/journal.pone.0040832,Micheli,2012,Evidence That Marine Reserves Enhance Resilience to Climatic Impacts,"Establishment of marine protected areas, including fully protected marine reserves, is one of the few management tools available for local communities to combat the deleterious effect of large scale environmental impacts, including global climate change, on ocean ecosystems. Despite the common hope that reserves play this role, empirical evidence of the effectiveness of local protection against global problems is lacking. Here we show that marine reserves increase the resilience of marine populations to a mass mortality event possibly caused by climate-driven hypoxia. Despite high and widespread adult mortality of benthic invertebrates in Baja California, Mexico, that affected populations both within and outside marine reserves, juvenile replenishment of the species that supports local economies, the pink abalone Haliotis corrugata, remained stable within reserves because of large body size and high egg production of the protected adults. Thus, local protection provided resilience through greater resistance and faster recovery of protected populations. Moreover, this benefit extended to adjacent unprotected areas through larval spillover across the edges of the reserves. While clim",https://doi.org/10.1371/journal.pone.0040832,"(priming OR conditioning OR ""transgenerational plasticity"" OR ""carryover effect"" OR ""developmental programming"" OR hardening OR acclimatization OR ""parental effect"" OR ""epigenetic memory"" OR preconditioning OR ""transgenerational immune priming"") AND (marine OR ocean OR estuarine OR oyster OR mussel OR clam OR scallop OR coral OR abalone OR ""sea urchin"" OR bivalve OR mollusc)"
openalex,ainsworth2015,10.1038/ismej.2015.39,Ainsworth,2015,The coral core microbiome identifies rare bacterial taxa as ubiquitous endosymbionts,"Despite being one of the simplest metazoans, corals harbor some of the most highly diverse and abundant microbial communities. Differentiating core, symbiotic bacteria from this diverse host-associated consortium is essential for characterizing the functional contributions of bacteria but has not been possible yet. Here we characterize the coral core microbiome and demonstrate clear phylogenetic and functional divisions between the micro-scale, niche habitats within the coral host. In doing so, we discover seven distinct bacterial phylotypes that are universal to the core microbiome of coral species, separated by thousands of kilometres of oceans. The two most abundant phylotypes are co-localized specifically with the corals' endosymbiotic algae and symbiont-containing host cells. These bacterial symbioses likely facilitate the success of the dinoflagellate endosymbiosis with corals in diverse environmental regimes.",https://doi.org/10.1038/ismej.2015.39,"(priming OR conditioning OR ""transgenerational plasticity"" OR ""carryover effect"" OR ""developmental programming"" OR hardening OR acclimatization OR ""parental effect"" OR ""epigenetic memory"" OR preconditioning OR ""transgenerational immune priming"") AND (marine OR ocean OR estuarine OR oyster OR mussel OR clam OR scallop OR coral OR abalone OR ""sea urchin"" OR bivalve OR mollusc)"
openalex,gittman2016,10.1890/14-0716,Gittman,2016,Living shorelines can enhance the nursery role of threatened estuarine habitats,"Coastal ecosystems provide numerous services, such as nutrient cycling, climate change amelioration, and habitat provision for commercially valuable organisms. Ecosystem functions and processes are modified by human activities locally and globally, with degradation of coastal ecosystems by development and climate change occurring at unprecedented rates. The demand for coastal defense strategies against storms and sea-level rise has increased with human population growth and development along coastlines world-wide, even while that population growth has reduced natural buffering of shorelines. Shoreline hardening, a common coastal defense strategy that includes the use of seawalls and bulkheads (vertical walls constructed of concrete, wood, vinyl, or steel), is resulting in a ""coastal squeeze"" on estuarine habitats. In contrast to hardening, living shorelines, which range from vegetation plantings to a combination of hard structures and plantings, can be deployed to restore or enhance multiple ecosystem services normally delivered by naturally vegetated shores. Although hundreds of living shoreline projects have been implemented in the United States alone, few studies have evaluated ",https://doi.org/10.1890/14-0716,"(priming OR conditioning OR ""transgenerational plasticity"" OR ""carryover effect"" OR ""developmental programming"" OR hardening OR acclimatization OR ""parental effect"" OR ""epigenetic memory"" OR preconditioning OR ""transgenerational immune priming"") AND (marine OR ocean OR estuarine OR oyster OR mussel OR clam OR scallop OR coral OR abalone OR ""sea urchin"" OR bivalve OR mollusc)"
openalex,chambers2006,10.1016/j.surfcoat.2006.08.129,Chambers,2006,Modern approaches to marine antifouling coatings,,https://doi.org/10.1016/j.surfcoat.2006.08.129,"(priming OR conditioning OR ""transgenerational plasticity"" OR ""carryover effect"" OR ""developmental programming"" OR hardening OR acclimatization OR ""parental effect"" OR ""epigenetic memory"" OR preconditioning OR ""transgenerational immune priming"") AND (marine OR ocean OR estuarine OR oyster OR mussel OR clam OR scallop OR coral OR abalone OR ""sea urchin"" OR bivalve OR mollusc)"
openalex,nishida2006,10.1186/1746-4269-2-1,Nishida,2006,"The lunar-tide cycle viewed by crustacean and mollusc gatherers in the State of Paraíba, Northeast Brazil and their influence in collection attitudes","Traditional human communities have a wide knowledge of their environment. Collection of animals in estuarine and coastal areas are directly influenced by tidal cycles. The aim of this study is to evaluate the understanding of the tides associated with the lunar cycle held by people who gather crustaceans and molluscs in the State of Paraiba. The empirical knowledge of 20 crab gatherers and 30 mollusc gatherers was recorded through open interviews and structured questionnaires. The results showed that the gatherers have an accurate comprehension of tidal phenomenon based on their exploitation of natural resources, which perpetuates through generations.",https://doi.org/10.1186/1746-4269-2-1,"(priming OR conditioning OR ""transgenerational plasticity"" OR ""carryover effect"" OR ""developmental programming"" OR hardening OR acclimatization OR ""parental effect"" OR ""epigenetic memory"" OR preconditioning OR ""transgenerational immune priming"") AND (marine OR ocean OR estuarine OR oyster OR mussel OR clam OR scallop OR coral OR abalone OR ""sea urchin"" OR bivalve OR mollusc)"
openalex,jin1997,10.1175/1520-0469(1997)054<0811:aeorpf>2.0.co;2,Jin,1997,An Equatorial Ocean Recharge Paradigm for ENSO. Part I: Conceptual Model,"A new conceptual model for ENSO has been constructed based upon the positive feedback of tropical oceanatmosphere interaction proposed by Bjerknes as the growth mechanism and the recharge-discharge of the equatorial heat content as the phase-transition mechanism suggested by Cane and Zebiak and by Wyrtki. This model combines SST dynamics and ocean adjustment dynamics into a coupled basinwide recharge oscillator that relies on the nonequilibrium between the zonal mean equatorial thermocline depth and wind stress. Over a wide range of the relative coupling coefficient, this recharge oscillator can be either self-excited or stochastically sustained. Its period is robust in the range of 3-5 years. This recharge oscillator model clearly depicts the slow physics of ENSO and also embodies the delayed oscillator (Schopf and Suarez; Battisti and Hirst) without requiring an explicit wave delay. It can also be viewed as a mixed SST-ocean dynamics oscillator due to the fact that it arises from the merging of two uncoupled modes, a decaying SST mode and a basinwide ocean adjustment mode, through the tropical ocean-atmosphere coupling. The basic characteristics of this recharge oscillator, inclu",https://doi.org/10.1175/1520-0469(1997)054<0811:aeorpf>2.0.co;2,"(priming OR conditioning OR ""transgenerational plasticity"" OR ""carryover effect"" OR ""developmental programming"" OR hardening OR acclimatization OR ""parental effect"" OR ""epigenetic memory"" OR preconditioning OR ""transgenerational immune priming"") AND (marine OR ocean OR estuarine OR oyster OR mussel OR clam OR scallop OR coral OR abalone OR ""sea urchin"" OR bivalve OR mollusc)"
openalex,ferrari2012,10.1371/journal.pone.0031478,Ferrari,2012,Effects of Ocean Acidification on Learning in Coral Reef Fishes,"Ocean acidification has the potential to cause dramatic changes in marine ecosystems. Larval damselfish exposed to concentrations of CO(2) predicted to occur in the mid- to late-century show maladaptive responses to predator cues. However, there is considerable variation both within and between species in CO(2) effects, whereby some individuals are unaffected at particular CO(2) concentrations while others show maladaptive responses to predator odour. Our goal was to test whether learning via chemical or visual information would be impaired by ocean acidification and ultimately, whether learning can mitigate the effects of ocean acidification by restoring the appropriate responses of prey to predators. Using two highly efficient and widespread mechanisms for predator learning, we compared the behaviour of pre-settlement damselfish Pomacentrus amboinensis that were exposed to 440 µatm CO(2) (current day levels) or 850 µatm CO(2), a concentration predicted to occur in the ocean before the end of this century. We found that, regardless of the method of learning, damselfish exposed to elevated CO(2) failed to learn to respond appropriately to a common predator, the dottyback, Pseudochr",https://doi.org/10.1371/journal.pone.0031478,"(priming OR conditioning OR ""transgenerational plasticity"" OR ""carryover effect"" OR ""developmental programming"" OR hardening OR acclimatization OR ""parental effect"" OR ""epigenetic memory"" OR preconditioning OR ""transgenerational immune priming"") AND (marine OR ocean OR estuarine OR oyster OR mussel OR clam OR scallop OR coral OR abalone OR ""sea urchin"" OR bivalve OR mollusc)"
openalex,mao2018,10.1007/978-3-319-96776-9_4,Mao,2018,Bivalve Production in China,"Bivalve is the main species of mariculture in China. In 2015, bivalve production was about 12.4 million tonnes, accounting for more than 66% of China’s total mariculture production. The first record of shellfish culture in China, about oyster culture, can be tracked back to 2000 years ago. The large-scale aquaculture started in the 1950s with the breakthrough in seed breeding techniques for Tegillarca granosa and Ruditapes philippinarum . Subsequently, with the promotion of seed breeding and artificial seed collection for mussels, scallops and oysters, the bivalve aquaculture industry has rapidly developed. In the twenty-first century, the scale of bivalve farming is constantly expanding, with increasing culture species and yield. The length of the coastline of China is about 18,000 km comprising 11 coastal provinces (Liaoning, Hebei, Tianjin, Shandong, Jiangsu, Shanghai, Zhejiang, Fujian, Guangdong, Guangxi and Hainan provinces), all suitable for bivalve culture. Due to the significant difference in climate, the distribution of bivalve species is obviously regional. The major culture methods in China are longline culture (major species oysters, scallops, mussels, etc.) and bottom ",https://doi.org/10.1007/978-3-319-96776-9_4,"(priming OR conditioning OR ""transgenerational plasticity"" OR ""carryover effect"" OR ""developmental programming"" OR hardening OR acclimatization OR ""parental effect"" OR ""epigenetic memory"" OR preconditioning OR ""transgenerational immune priming"") AND (marine OR ocean OR estuarine OR oyster OR mussel OR clam OR scallop OR coral OR abalone OR ""sea urchin"" OR bivalve OR mollusc)"
openalex,foo2012,10.1371/journal.pone.0042497,Foo,2012,Adaptive Capacity of the Habitat Modifying Sea Urchin Centrostephanus rodgersii to Ocean Warming and Ocean Acidification: Performance of Early Embryos,"BACKGROUND: Predicting effects of rapid climate change on populations depends on measuring the effects of climate stressors on performance, and potential for adaptation. Adaptation to stressful climatic conditions requires heritable genetic variance for stress tolerance present in populations. METHODOLOGY/PRINCIPAL FINDINGS: We quantified genetic variation in tolerance of early development of the ecologically important sea urchin Centrostephanus rodgersii to near-future (2100) ocean conditions projected for the southeast Australian global change hot spot. Multiple dam-sire crosses were used to quantify the interactive effects of warming (+2-4 °C) and acidification (-0.3-0.5 pH units) across twenty-seven family lines. Acidification, but not temperature, decreased the percentage of cleavage stage embryos. In contrast, temperature, but not acidification decreased the percentage of gastrulation. Cleavage success in response to both stressors was strongly affected by sire identity. Sire and dam identity significantly affected gastrulation and both interacted with temperature to determine developmental success. Positive genetic correlations for gastrulation indicated that genotypes that ",https://doi.org/10.1371/journal.pone.0042497,"(priming OR conditioning OR ""transgenerational plasticity"" OR ""carryover effect"" OR ""developmental programming"" OR hardening OR acclimatization OR ""parental effect"" OR ""epigenetic memory"" OR preconditioning OR ""transgenerational immune priming"") AND (marine OR ocean OR estuarine OR oyster OR mussel OR clam OR scallop OR coral OR abalone OR ""sea urchin"" OR bivalve OR mollusc)"
openalex,leray2013,10.1186/1742-9994-10-34,Leray,2013,A new versatile primer set targeting a short fragment of the mitochondrial COI region for metabarcoding metazoan diversity: application for characterizing coral reef fish gut contents,"INTRODUCTION: The PCR-based analysis of homologous genes has become one of the most powerful approaches for species detection and identification, particularly with the recent availability of Next Generation Sequencing platforms (NGS) making it possible to identify species composition from a broad range of environmental samples. Identifying species from these samples relies on the ability to match sequences with reference barcodes for taxonomic identification. Unfortunately, most studies of environmental samples have targeted ribosomal markers, despite the fact that the mitochondrial Cytochrome c Oxidase subunit I gene (COI) is by far the most widely available sequence region in public reference libraries. This is largely because the available versatile (""universal"") COI primers target the 658 barcoding region, whose size is considered too large for many NGS applications. Moreover, traditional barcoding primers are known to be poorly conserved across some taxonomic groups. RESULTS: We first design a new PCR primer within the highly variable mitochondrial COI region, the ""mlCOIintF"" primer. We then show that this newly designed forward primer combined with the ""jgHCO2198"" reverse pri",https://doi.org/10.1186/1742-9994-10-34,"(priming OR conditioning OR ""transgenerational plasticity"" OR ""carryover effect"" OR ""developmental programming"" OR hardening OR acclimatization OR ""parental effect"" OR ""epigenetic memory"" OR preconditioning OR ""transgenerational immune priming"") AND (marine OR ocean OR estuarine OR oyster OR mussel OR clam OR scallop OR coral OR abalone OR ""sea urchin"" OR bivalve OR mollusc)"
openalex,clark2019,10.1038/s41598-018-37255-6,Clark,2019,Molecular mechanisms underpinning transgenerational plasticity in the green sea urchin Psammechinus miliaris,"The pre-conditioning of adult marine invertebrates to altered conditions, such as low pH, can significantly impact offspring outcomes, a process which is often referred to as transgenerational plasticity (TGP). This study describes for the first time, the gene expression profiles associated with TGP in the green sea urchin Psammechinus miliaris and evaluates the transcriptional contribution to larval resilience. RNA-Seq was used to determine how the expression profiles of larvae spawned into low pH from pre-acclimated adults differed to those of larvae produced from adults cultured under ambient pH. The main findings demonstrated that adult conditioning to low pH critically pre-loads the embryonic transcriptional pool with antioxidants to prepare the larvae for the ""new"" conditions. In addition, the classic cellular stress response, measured via the production of heat shock proteins (the heat shock response (HSR)), was separately evaluated. None of the early stage larvae either spawned in low pH (produced from both ambient and pre-acclimated adults) or subjected to a separate heat shock experiment were able to activate the full HSR as measured in adults, but the capacity to mount a",https://doi.org/10.1038/s41598-018-37255-6,"(priming OR conditioning OR ""transgenerational plasticity"" OR ""carryover effect"" OR ""developmental programming"" OR hardening OR acclimatization OR ""parental effect"" OR ""epigenetic memory"" OR preconditioning OR ""transgenerational immune priming"") AND (marine OR ocean OR estuarine OR oyster OR mussel OR clam OR scallop OR coral OR abalone OR ""sea urchin"" OR bivalve OR mollusc)"
openalex,guidetti2007,10.3354/meps335043,Guidetti,2007,Community-wide effects of marine reserves in the Mediterranean Sea,"We investigated the community-wide effects of no-take marine reserves at the regional scale in the Mediterranean Sea. Reserves had general positive effects of protection on fish targeted by fishing, and variable effects on non-target species. Differences in the structure of fish assemblages (in terms of abundance of species and trophic groups) were greater between geographic locations than when compared among all protected and adjacent fished areas at the regional scale. These results suggest that the assemblage-wide response to protection at the species level may be spatially idiosyncratic, as a function of local factors. However, the functional (trophic group) response of the fish assemblages to protection appears to be more general. Response of fish assemblages to protection was significantly related to reserve age (i.e. duration of protection) only when evaluated at functional level, whereas reserve size did not appear to influence fish assemblages at either species or functional level. Reserves can enhance trophic cascades and ecological shifts once the density of fish predators of sea urchins reaches a density threshold of about 15 adult sea breams (Diplodus sargus and D. vul",https://doi.org/10.3354/meps335043,"(priming OR conditioning OR ""transgenerational plasticity"" OR ""carryover effect"" OR ""developmental programming"" OR hardening OR acclimatization OR ""parental effect"" OR ""epigenetic memory"" OR preconditioning OR ""transgenerational immune priming"") AND (marine OR ocean OR estuarine OR oyster OR mussel OR clam OR scallop OR coral OR abalone OR ""sea urchin"" OR bivalve OR mollusc)"
openalex,showman1979,10.1016/0014-4827(79)90385-9,Showman,1979,Removal of the fertilization membrane of sea urchin embryos employing aminotriazole,,https://doi.org/10.1016/0014-4827(79)90385-9,"(priming OR conditioning OR ""transgenerational plasticity"" OR ""carryover effect"" OR ""developmental programming"" OR hardening OR acclimatization OR ""parental effect"" OR ""epigenetic memory"" OR preconditioning OR ""transgenerational immune priming"") AND (marine OR ocean OR estuarine OR oyster OR mussel OR clam OR scallop OR coral OR abalone OR ""sea urchin"" OR bivalve OR mollusc)"
openalex,mcclelland2011,10.1007/s12237-010-9357-3,McClelland,2011,The Arctic Ocean Estuary,"Large freshwater contributions to the Arctic Ocean from a variety of sources combine in what is, by global standards, a remarkably small ocean basin. Indeed, the Arctic Ocean receives ∼11% of global river discharge while accounting for only ∼1% of global ocean volume. As a consequence, estuarine gradients are a defining feature not only near-shore, but throughout the Arctic Ocean. Sea-ice dynamics also play a pivotal role in the salinity regime, adding salt to the underlying water during ice formation and releasing fresh water during ice thaw. Our understanding of physical–chemical–biological interactions within this complex system is rapidly advancing. However, much of the estuarine research to date has focused on summer, open water conditions. Furthermore, our current conceptual model for Arctic estuaries is primarily based on studies of a few major river inflows. Future advancement of estuarine research in the Arctic requires concerted seasonal coverage as well as a commitment to working within a broader range of systems. With clear signals of climate change occurring in the Arctic and greater changes anticipated in the future, there is good reason to accelerate estuarine resear",https://doi.org/10.1007/s12237-010-9357-3,"(priming OR conditioning OR ""transgenerational plasticity"" OR ""carryover effect"" OR ""developmental programming"" OR hardening OR acclimatization OR ""parental effect"" OR ""epigenetic memory"" OR preconditioning OR ""transgenerational immune priming"") AND (marine OR ocean OR estuarine OR oyster OR mussel OR clam OR scallop OR coral OR abalone OR ""sea urchin"" OR bivalve OR mollusc)"
openalex,bryant1998,NR,Bryant,1998,Reefs at Risk: A Map-Based Indicator of Threats to the World's Coral Reefs,"In some areas human activit}' has destroyed entire reefs, converting them to algal-covered rubble.Who knows what species, known and unknown alike, have already been wiped outi Who can say which ones will be winking out in the near future, their intricate genetic codes, formed over millennia, suddenly gone...."" -Osha Gray Davidson, The Enchanted Braid More than forty years ago, I slipped into a sunlit ocean, clear as air, not far from Miami, Florida, and glided into a kaleidoscope forest of lavender sea fans, cavernous sponges, and giant stands of elkhorn coral.Thousands offish moved about like animated frag- ments of stained glass, and other creatures -red starfish, black urchins, pink cucumbers, translucent anemones, blue shrimp, brovifn crabs, silver hydroids, and numerous others I could not nameembroidered every inch of aquatic real estate as far as I could see in all directions.I witnessed that afternoon -my first of thousands of dives on coral reefs around the world-a fair cross section of the major divisions of life that have ever existed on this planet.Nearly all of the major phyla of animals and plants, as well as microbes, have at least some representation in the sea, and ",https://www.biodiversitylibrary.org/item/119162,"(priming OR conditioning OR ""transgenerational plasticity"" OR ""carryover effect"" OR ""developmental programming"" OR hardening OR acclimatization OR ""parental effect"" OR ""epigenetic memory"" OR preconditioning OR ""transgenerational immune priming"") AND (marine OR ocean OR estuarine OR oyster OR mussel OR clam OR scallop OR coral OR abalone OR ""sea urchin"" OR bivalve OR mollusc)"
openalex,gazeau2010,10.5194/bg-7-2051-2010,Gazeau,2010,Effect of ocean acidification on the early life stages of the blue mussel <i>Mytilus edulis</i>,"Abstract. Several experiments have shown a decrease of growth and calcification of organisms at decreased pH levels. There is a growing interest to focus on early life stages that are believed to be more sensitive to environmental disturbances such as hypercapnia. Here, we present experimental data, acquired in a commercial hatchery, demonstrating that the growth of planktonic mussel (Mytilus edulis) larvae is significantly affected by a decrease of pH to a level expected for the end of the century. Even though there was no significant effect of a 0.25–0.34 pH unit decrease on hatching and mortality rates during the first 2 days of development nor during the following 13-day period prior to settlement, final shells were respectively 4.5±1.3 and 6.0±2.3% smaller at pHNBS~7.8 (pCO2~1100–1200 μatm) than at a control pHNBS of ~8.1 (pCO2~460–640 μatm). Moreover, a decrease of 12.0±5.4% of shell thickness was observed after 15d of development. More severe impacts were found with a decrease of ~0.5 pHNBS unit during the first 2 days of development which could be attributed to a decrease of calcification due to a slight undersaturation of seawater with respect to aragonite. Indeed, importa",https://doi.org/10.5194/bg-7-2051-2010,"(priming OR conditioning OR ""transgenerational plasticity"" OR ""carryover effect"" OR ""developmental programming"" OR hardening OR acclimatization OR ""parental effect"" OR ""epigenetic memory"" OR preconditioning OR ""transgenerational immune priming"") AND (marine OR ocean OR estuarine OR oyster OR mussel OR clam OR scallop OR coral OR abalone OR ""sea urchin"" OR bivalve OR mollusc)"
openalex,stuiver1993,10.1017/s0033822200013874,Stuiver,1993,"Modeling Atmospheric <sup>14</sup>C Influences and <sup>14</sup>C Ages of Marine Samples to 10,000 BC","The detailed radiocarbon age vs. calibrated (cal) age studies of tree rings reported in this Calibration Issue provide a unique data set for precise 14 C age calibration of materials formed in isotopic equilibrium with atmospheric CO 2 . The situation is more complex for organisms formed in other reservoirs, such as lakes and oceans. Here the initial specific 14 C activity may differ from that of the contemporaneous atmosphere. The measured remaining 14 C activity of samples formed in such reservoirs not only reflects 14 C decay (related to sample age) but also the reservoir 14 C activity. As the measured sample 14 C activity figures into the calculation of a conventional 14 C age (Stuiver &amp; Polach 1977), apparent 14 C age differences occur when contemporaneously grown samples of different reservoirs are dated.",https://doi.org/10.1017/s0033822200013874,"(priming OR conditioning OR ""transgenerational plasticity"" OR ""carryover effect"" OR ""developmental programming"" OR hardening OR acclimatization OR ""parental effect"" OR ""epigenetic memory"" OR preconditioning OR ""transgenerational immune priming"") AND (marine OR ocean OR estuarine OR oyster OR mussel OR clam OR scallop OR coral OR abalone OR ""sea urchin"" OR bivalve OR mollusc)"
openalex,mcdowell1999,10.4319/lo.1999.44.3_part_2.0903,McDowell,1999,"Variability in responses to nutrients and trace elements, and transmission of stressor effects through an estuarine food web","Marine bivalve molluscs such as the blue mussel ( Mytilus edulis ) and the soft shell clam ( Mya arenaria ) have been used as sentinel organisms of contaminant bioavailability and the biological consequences of contaminant exposure. Biological responses that may contribute to the impairment of reproductive and developmental processes include responses that can be categorized as interfering with bioenergetic processes such as feeding and nutrient allocation; biosynthetic processes, such as the synthesis of energy stores; and morphogenic processes, such as those involved in structural development. Case studies within New Bedford and Boston Harbors (Massachusetts) are used to examine the relationship between contaminant uptake and effects on the reproductive cycle and bioenergetics of mussels and soft shell clams. The results observed illustrate that disruption in bioenergetics in bivalve molluscs exposed to chemical contaminants can result in loss of reproductive output and increased susceptibility to disease. Differences in the extent of reproductive impairment may be linked specifically to energetic strategies of individual species.",https://doi.org/10.4319/lo.1999.44.3_part_2.0903,"(priming OR conditioning OR ""transgenerational plasticity"" OR ""carryover effect"" OR ""developmental programming"" OR hardening OR acclimatization OR ""parental effect"" OR ""epigenetic memory"" OR preconditioning OR ""transgenerational immune priming"") AND (marine OR ocean OR estuarine OR oyster OR mussel OR clam OR scallop OR coral OR abalone OR ""sea urchin"" OR bivalve OR mollusc)"
openalex,liu2018,10.3389/fphys.2018.01456,Liu,2018,The Neuroendocrine-Immune Regulation in Response to Environmental Stress in Marine Bivalves,"Marine bivalves, which include many species worldwide, from intertidal zones to hydrothermal vents and cold seeps, are important components of the ecosystem and biodiversity. In their living habitats, marine bivalves need to cope with a series of harsh environmental stressors, including biotic threats (bacterium, virus, and protozoan) and abiotic threats (temperature, salinity, and pollutants). In order to adapt to these surroundings, marine bivalves have evolved sophisticated stress response mechanisms, in which neuroendocrine regulation plays an important role. The nervous system and hemocyte are pillars of the neuroendocrine system. Various neurotransmitters, hormones, neuropeptides, and cytokines have been also characterized as signal messengers or effectors to regulate humoral and cellular immunity, energy metabolism, shell formation, and larval development in response to a vast array of environmental stressors. In this review substantial consideration will be devoted to outline the vital components of the neuroendocrine system identified in bivalves, as well as its modulation repertoire in response to environmental stressors, thereby illustrating the dramatic adaptation mecha",https://doi.org/10.3389/fphys.2018.01456,"(priming OR conditioning OR ""transgenerational plasticity"" OR ""carryover effect"" OR ""developmental programming"" OR hardening OR acclimatization OR ""parental effect"" OR ""epigenetic memory"" OR preconditioning OR ""transgenerational immune priming"") AND (marine OR ocean OR estuarine OR oyster OR mussel OR clam OR scallop OR coral OR abalone OR ""sea urchin"" OR bivalve OR mollusc)"
openalex,jrgensen1996,10.3354/meps142287,Jørgensen,1996,Bivalve filter feeding revisited,Recent developments concerning the nature of bivalve filter feeding are reviewed and interpretations of data are examined. No convincing evidence was found for: (1) a function of mucus in the normal feeding mechanism;,https://doi.org/10.3354/meps142287,"(priming OR conditioning OR ""transgenerational plasticity"" OR ""carryover effect"" OR ""developmental programming"" OR hardening OR acclimatization OR ""parental effect"" OR ""epigenetic memory"" OR preconditioning OR ""transgenerational immune priming"") AND (marine OR ocean OR estuarine OR oyster OR mussel OR clam OR scallop OR coral OR abalone OR ""sea urchin"" OR bivalve OR mollusc)"
openalex,lafont2018,10.1016/j.dci.2018.09.022,Lafont,2018,Transgenerational plasticity and antiviral immunity in the Pacific oyster (Crassostrea gigas) against Ostreid herpesvirus 1 (OsHV-1),,https://doi.org/10.1016/j.dci.2018.09.022,"(priming OR conditioning OR ""transgenerational plasticity"" OR ""carryover effect"" OR ""developmental programming"" OR hardening OR acclimatization OR ""parental effect"" OR ""epigenetic memory"" OR preconditioning OR ""transgenerational immune priming"") AND (marine OR ocean OR estuarine OR oyster OR mussel OR clam OR scallop OR coral OR abalone OR ""sea urchin"" OR bivalve OR mollusc)"
openalex,rowan2004,10.1038/430742a,Rowan,2004,Thermal adaptation in reef coral symbionts,,https://doi.org/10.1038/430742a,"(priming OR conditioning OR ""transgenerational plasticity"" OR ""carryover effect"" OR ""developmental programming"" OR hardening OR acclimatization OR ""parental effect"" OR ""epigenetic memory"" OR preconditioning OR ""transgenerational immune priming"") AND (marine OR ocean OR estuarine OR oyster OR mussel OR clam OR scallop OR coral OR abalone OR ""sea urchin"" OR bivalve OR mollusc)"
openalex,arnold2012,10.1371/journal.pone.0035107,Arnold,2012,Ocean Acidification and the Loss of Phenolic Substances in Marine Plants,"Rising atmospheric CO(2) often triggers the production of plant phenolics, including many that serve as herbivore deterrents, digestion reducers, antimicrobials, or ultraviolet sunscreens. Such responses are predicted by popular models of plant defense, especially resource availability models which link carbon availability to phenolic biosynthesis. CO(2) availability is also increasing in the oceans, where anthropogenic emissions cause ocean acidification, decreasing seawater pH and shifting the carbonate system towards further CO(2) enrichment. Such conditions tend to increase seagrass productivity but may also increase rates of grazing on these marine plants. Here we show that high CO(2) / low pH conditions of OA decrease, rather than increase, concentrations of phenolic protective substances in seagrasses and eurysaline marine plants. We observed a loss of simple and polymeric phenolics in the seagrass Cymodocea nodosa near a volcanic CO(2) vent on the Island of Vulcano, Italy, where pH values decreased from 8.1 to 7.3 and pCO(2) concentrations increased ten-fold. We observed similar responses in two estuarine species, Ruppia maritima and Potamogeton perfoliatus, in in situ Free",https://doi.org/10.1371/journal.pone.0035107,"(priming OR conditioning OR ""transgenerational plasticity"" OR ""carryover effect"" OR ""developmental programming"" OR hardening OR acclimatization OR ""parental effect"" OR ""epigenetic memory"" OR preconditioning OR ""transgenerational immune priming"") AND (marine OR ocean OR estuarine OR oyster OR mussel OR clam OR scallop OR coral OR abalone OR ""sea urchin"" OR bivalve OR mollusc)"
openalex,blaber2000,10.1006/jmsc.2000.0723,Blaber,2000,Effects of fishing on the structure and functioning of estuarine and nearshore ecosystems,"Estuaries and associated coastal waters support many essential fisheries, a fact which contributes to their disproportionately high economic value. They are, however, also among the most extensively modified and threatened of aquatic environments. Almost all have been strongly affected by human beings, and fisheries are an integral part of human activities on the coast. We have taken a global perspective in synthesizing the effects of fishing on estuaries and coastal waters. Rather than attempt to cover all regions of the world in detail, we review eight process-orientated categories affected by fishing, with case studies for each of them: target organisms, non-target organisms, nursery functions, trophic effects, habitat change, reduced water quality, human environment, and potential for local extinctions. Fishing in the estuarine and nearshore environment has clear impacts on the structure and functioning of these ecosystems, although other, non-fishing issues also effect these ecosystems. This creates multiple interactions and reinforces the need for an integrated approach to coastal zone management. Nonetheless, some form of fish-based action plan could be created, especially w",https://doi.org/10.1006/jmsc.2000.0723,"(priming OR conditioning OR ""transgenerational plasticity"" OR ""carryover effect"" OR ""developmental programming"" OR hardening OR acclimatization OR ""parental effect"" OR ""epigenetic memory"" OR preconditioning OR ""transgenerational immune priming"") AND (marine OR ocean OR estuarine OR oyster OR mussel OR clam OR scallop OR coral OR abalone OR ""sea urchin"" OR bivalve OR mollusc)"
openalex,galgani2013,10.1093/icesjms/fst122,Galgani,2013,Marine litter within the European Marine Strategy Framework Directive,"Abstract Galgani, F., Hanke, G., Werner, S., and De Vrees, L. 2013. Marine litter within the European Marine Strategy Framework Directive. – ICES Journal of Marine Science, 70: 1055–1064. There have been numerous anthropogenic-driven changes to our planet in the last half-century. One of the most evident changes is the ubiquity and abundance of litter in the marine environment. The EU Marine Strategy Framework Directive (MSFD, 2008/56/EC) establishes a framework within which EU Member States shall take action to achieve or maintain good environmental status (GES) of their marine waters by 2020. GES is based on 11 qualitative descriptors as listed in Annex I of the MSFD. Descriptor 10 (D 10) concerns marine litter. As a follow-up to the related Commission Decision on criteria and methodological standards (2010/477/EU) in which 56 indicators for the achievement of GES are proposed, the EC Directorate-General for the Environment, on the request of the European Marine Directors, established a Technical Subgroup on Marine Litter (TSG ML) under the Working Group on GES. The role of TSG ML is to support Member States through providing scientific and technical background for the implementa",https://doi.org/10.1093/icesjms/fst122,"(priming OR conditioning OR ""transgenerational plasticity"" OR ""carryover effect"" OR ""developmental programming"" OR hardening OR acclimatization OR ""parental effect"" OR ""epigenetic memory"" OR preconditioning OR ""transgenerational immune priming"") AND (marine OR ocean OR estuarine OR oyster OR mussel OR clam OR scallop OR coral OR abalone OR ""sea urchin"" OR bivalve OR mollusc)"
openalex,smee2006,10.1890/0012-9658(2006)87[1587:cuefdt]2.0.co;2,Smee,2006,CLAMMING UP: ENVIRONMENTAL FORCES DIMINISH THE PERCEPTIVE ABILITY OF BIVALVE PREY,"The lethal and nonlethal impacts of predators in marine systems are often mediated via reciprocal detection of waterborne chemical signals between consumers and prey. Local flow environments can enhance or impair the chemoreception ability of consumers, but the effect of hydrodynamics on detection of predation risk by prey has not been investigated. Using clams as our model organism, we investigated two specific questions: (1) Can clams decrease their mortality by responding to predators? (2) Do fluid forces affect the ability of clams to detect approaching predators? Previous research has documented a decrease in clam feeding (pumping) in response to a neighboring predator. We determined the benefits of this behavior to survivorship by placing clams in the field with knobbed whelk or blue crab predators caged nearby and compared mortality between these clams and clams near a cage-only control. Significantly more clams survived in areas containing a caged predator, suggesting that predator-induced alterations in feeding reduce clam mortality in the field. We ascertained the effect of fluid forces on clam perception of predators in a laboratory flume by comparing the feeding (pumpin",https://doi.org/10.1890/0012-9658(2006)87[1587:cuefdt]2.0.co;2,"(priming OR conditioning OR ""transgenerational plasticity"" OR ""carryover effect"" OR ""developmental programming"" OR hardening OR acclimatization OR ""parental effect"" OR ""epigenetic memory"" OR preconditioning OR ""transgenerational immune priming"") AND (marine OR ocean OR estuarine OR oyster OR mussel OR clam OR scallop OR coral OR abalone OR ""sea urchin"" OR bivalve OR mollusc)"
openalex,putnam2016,10.1111/eva.12408,Putnam,2016,Ocean acidification influences host <scp>DNA</scp> methylation and phenotypic plasticity in environmentally susceptible corals,"Abstract As climate change challenges organismal fitness by creating a phenotype–environment mismatch, phenotypic plasticity generated by epigenetic mechanisms (e.g., DNA methylation) can provide a temporal buffer for genetic adaptation. Epigenetic mechanisms may be crucial for sessile benthic marine organisms, such as reef‐building corals, where ocean acidification ( OA ) and warming reflect in strong negative responses. We tested the potential for scleractinian corals to exhibit phenotypic plasticity associated with a change in DNA methylation in response to OA . Clonal coral fragments of the environmentally sensitive P ocillopora damicornis and more environmentally robust M ontipora capitata were exposed to fluctuating ambient p H (7.9–7.65) and low p H (7.6–7.35) conditions in common garden tanks for ~6 weeks. M . capitata responded weakly, or acclimated more quickly, to OA , with no difference in calcification, minimal separation of metabolomic profiles, and no change in DNA methylation between treatments. Conversely, P . damicornis exhibited diminished calcification at low p H , stronger separation in metabolomic profiles, and responsiveness of DNA methylation to treatment. O",https://doi.org/10.1111/eva.12408,"(priming OR conditioning OR ""transgenerational plasticity"" OR ""carryover effect"" OR ""developmental programming"" OR hardening OR acclimatization OR ""parental effect"" OR ""epigenetic memory"" OR preconditioning OR ""transgenerational immune priming"") AND (marine OR ocean OR estuarine OR oyster OR mussel OR clam OR scallop OR coral OR abalone OR ""sea urchin"" OR bivalve OR mollusc)"
openalex,capolupo2019,10.1016/j.watres.2019.115270,Capolupo,2019,Chemical composition and ecotoxicity of plastic and car tire rubber leachates to aquatic organisms,"Synthetic polymer-based materials are ubiquitous in aquatic environments, where weathering processes lead to their progressive fragmentation and the leaching of additive chemicals. The current study assessed the chemical content of freshwater and marine leachates produced from car tire rubber (CTR), polypropylene (PP), polyethylene terephthalate (PET), polystyrene (PS) and polyvinyl chloride (PVC) microplastics, and their adverse effects on the microalgae Raphidocelis subcapitata (freshwater) and Skeletonema costatum (marine) and the Mediterranean mussel Mytilus galloprovincialis. A combination of non-target and target chemical analysis revealed a number of organic and metal compounds in the leachates, including representing plasticizers, antioxidants, antimicrobials, lubricants, and vulcanizers. CTR and PVC materials and their corresponding leachates had the highest content of tentatively identified organic additives, while PET had the lowest. The metal content varied both between polymer leachates and between freshwater and seawater. Notable additives identified in high concentrations were benzothiazole (CTR), phthalide (PVC), acetophenone (PP), cobalt (CTR, PET), zinc (CTR, PVC)",https://doi.org/10.1016/j.watres.2019.115270,"(priming OR conditioning OR ""transgenerational plasticity"" OR ""carryover effect"" OR ""developmental programming"" OR hardening OR acclimatization OR ""parental effect"" OR ""epigenetic memory"" OR preconditioning OR ""transgenerational immune priming"") AND (marine OR ocean OR estuarine OR oyster OR mussel OR clam OR scallop OR coral OR abalone OR ""sea urchin"" OR bivalve OR mollusc)"
openalex,voolstra2021,10.1038/s43017-021-00214-3,Voolstra,2021,Extending the natural adaptive capacity of coral holobionts,,https://doi.org/10.1038/s43017-021-00214-3,"(priming OR conditioning OR ""transgenerational plasticity"" OR ""carryover effect"" OR ""developmental programming"" OR hardening OR acclimatization OR ""parental effect"" OR ""epigenetic memory"" OR preconditioning OR ""transgenerational immune priming"") AND (marine OR ocean OR estuarine OR oyster OR mussel OR clam OR scallop OR coral OR abalone OR ""sea urchin"" OR bivalve OR mollusc)"
openalex,coxall2005,10.1038/nature03135,Coxall,2005,Rapid stepwise onset of Antarctic glaciation and deeper calcite compensation in the Pacific Ocean,,https://doi.org/10.1038/nature03135,"(priming OR conditioning OR ""transgenerational plasticity"" OR ""carryover effect"" OR ""developmental programming"" OR hardening OR acclimatization OR ""parental effect"" OR ""epigenetic memory"" OR preconditioning OR ""transgenerational immune priming"") AND (marine OR ocean OR estuarine OR oyster OR mussel OR clam OR scallop OR coral OR abalone OR ""sea urchin"" OR bivalve OR mollusc)"
openalex,cloern2009,10.1007/s12237-009-9195-3,Cloern,2009,Patterns and Scales of Phytoplankton Variability in Estuarine–Coastal Ecosystems,"Phytoplankton variability is a primary driver of chemical and biological dynamics in the coastal zone because it directly affects water quality, biogeochemical cycling of reactive elements, and food supply to consumer organisms. Much has been learned about patterns of phytoplankton variability within individual ecosystems, but patterns have not been compared across the diversity of ecosystem types where marine waters are influenced by connectivity to land. We extracted patterns from chlorophyll- a series measured at 84 estuarine–coastal sites, using a model that decomposes time series into an annual effect, mean seasonal pattern, and residual “events.” Comparisons across sites revealed a large range of variability patterns, with some dominated by a recurrent seasonal pattern, others dominated by annual (i.e., year-to-year) variability as trends or regime shifts and others dominated by the residual component, which includes exceptional bloom events such as red tides. Why is the partitioning of phytoplankton variability at these three scales so diverse? We propose a hypothesis to guide next steps of comparative analysis: large year-to-year variability is a response to disturbance fro",https://doi.org/10.1007/s12237-009-9195-3,"(priming OR conditioning OR ""transgenerational plasticity"" OR ""carryover effect"" OR ""developmental programming"" OR hardening OR acclimatization OR ""parental effect"" OR ""epigenetic memory"" OR preconditioning OR ""transgenerational immune priming"") AND (marine OR ocean OR estuarine OR oyster OR mussel OR clam OR scallop OR coral OR abalone OR ""sea urchin"" OR bivalve OR mollusc)"
openalex,torres2002,10.1016/s0025-326x(02)00142-x,Torres,2002,"Oxidative stress in the mussel Mytella guyanensis from polluted mangroves on Santa Catarina Island, Brazil",,https://doi.org/10.1016/s0025-326x(02)00142-x,"(priming OR conditioning OR ""transgenerational plasticity"" OR ""carryover effect"" OR ""developmental programming"" OR hardening OR acclimatization OR ""parental effect"" OR ""epigenetic memory"" OR preconditioning OR ""transgenerational immune priming"") AND (marine OR ocean OR estuarine OR oyster OR mussel OR clam OR scallop OR coral OR abalone OR ""sea urchin"" OR bivalve OR mollusc)"
openalex,long2013,10.1371/journal.pone.0060959,Long,2013,"Effects of Ocean Acidification on Juvenile Red King Crab (Paralithodes camtschaticus) and Tanner Crab (Chionoecetes bairdi) Growth, Condition, Calcification, and Survival","Ocean acidification, a decrease in the pH in marine waters associated with rising atmospheric CO2 levels, is a serious threat to marine ecosystems. In this paper, we determine the effects of long-term exposure to near-future levels of ocean acidification on the growth, condition, calcification, and survival of juvenile red king crabs, Paralithodes camtschaticus, and Tanner crabs, Chionoecetes bairdi. Juveniles were reared in individual containers for nearly 200 days in flowing control (pH 8.0), pH 7.8, and pH 7.5 seawater at ambient temperatures (range 4.4-11.9 °C). In both species, survival decreased with pH, with 100% mortality of red king crabs occurring after 95 days in pH 7.5 water. Though the morphology of neither species was affected by acidification, both species grew slower in acidified water. At the end of the experiment, calcium concentration was measured in each crab and the dry mass and condition index of each crab were determined. Ocean acidification did not affect the calcium content of red king crab but did decrease the condition index, while it had the opposite effect on Tanner crabs, decreasing calcium content but leaving the condition index unchanged. This sugges",https://doi.org/10.1371/journal.pone.0060959,"(priming OR conditioning OR ""transgenerational plasticity"" OR ""carryover effect"" OR ""developmental programming"" OR hardening OR acclimatization OR ""parental effect"" OR ""epigenetic memory"" OR preconditioning OR ""transgenerational immune priming"") AND (marine OR ocean OR estuarine OR oyster OR mussel OR clam OR scallop OR coral OR abalone OR ""sea urchin"" OR bivalve OR mollusc)"
openalex,ferron1994,10.1016/s0065-2881(08)60064-4,Ferron,1994,An Appraisal of Condition Measures for Marine Fish Larvae,,https://doi.org/10.1016/s0065-2881(08)60064-4,"(priming OR conditioning OR ""transgenerational plasticity"" OR ""carryover effect"" OR ""developmental programming"" OR hardening OR acclimatization OR ""parental effect"" OR ""epigenetic memory"" OR preconditioning OR ""transgenerational immune priming"") AND (marine OR ocean OR estuarine OR oyster OR mussel OR clam OR scallop OR coral OR abalone OR ""sea urchin"" OR bivalve OR mollusc)"
openalex,heron2016,10.1038/srep38402,Heron,2016,Warming Trends and Bleaching Stress of the World’s Coral Reefs 1985–2012,"Coral reefs across the world's oceans are in the midst of the longest bleaching event on record (from 2014 to at least 2016). As many of the world's reefs are remote, there is limited information on how past thermal conditions have influenced reef composition and current stress responses. Using satellite temperature data for 1985-2012, the analysis we present is the first to quantify, for global reef locations, spatial variations in warming trends, thermal stress events and temperature variability at reef-scale (~4 km). Among over 60,000 reef pixels globally, 97% show positive SST trends during the study period with 60% warming significantly. Annual trends exceeded summertime trends at most locations. This indicates that the period of summer-like temperatures has become longer through the record, with a corresponding shortening of the 'winter' reprieve from warm temperatures. The frequency of bleaching-level thermal stress increased three-fold between 1985-91 and 2006-12 - a trend climate model projections suggest will continue. The thermal history data products developed enable needed studies relating thermal history to bleaching resistance and community composition. Such analyses",https://doi.org/10.1038/srep38402,"(priming OR conditioning OR ""transgenerational plasticity"" OR ""carryover effect"" OR ""developmental programming"" OR hardening OR acclimatization OR ""parental effect"" OR ""epigenetic memory"" OR preconditioning OR ""transgenerational immune priming"") AND (marine OR ocean OR estuarine OR oyster OR mussel OR clam OR scallop OR coral OR abalone OR ""sea urchin"" OR bivalve OR mollusc)"
openalex,allen2022,10.1038/s43017-022-00292-x,Allen,2022,Microplastics and nanoplastics in the marine-atmosphere environment,,https://doi.org/10.1038/s43017-022-00292-x,"(priming OR conditioning OR ""transgenerational plasticity"" OR ""carryover effect"" OR ""developmental programming"" OR hardening OR acclimatization OR ""parental effect"" OR ""epigenetic memory"" OR preconditioning OR ""transgenerational immune priming"") AND (marine OR ocean OR estuarine OR oyster OR mussel OR clam OR scallop OR coral OR abalone OR ""sea urchin"" OR bivalve OR mollusc)"
openalex,neitsch2011,NR,Neitsch,2011,Soil and Water Assessment Tool Theoretical Documentation Version 2009,"including the US Environmental Protection Agency, Natural Resources Conservation Service, National Oceanic",https://hdl.handle.net/1969.1/128050,"(priming OR conditioning OR ""transgenerational plasticity"" OR ""carryover effect"" OR ""developmental programming"" OR hardening OR acclimatization OR ""parental effect"" OR ""epigenetic memory"" OR preconditioning OR ""transgenerational immune priming"") AND (marine OR ocean OR estuarine OR oyster OR mussel OR clam OR scallop OR coral OR abalone OR ""sea urchin"" OR bivalve OR mollusc)"
openalex,ramrezllodra2010,10.5194/bg-7-2851-2010,Ramírez-Llodra,2010,"Deep, diverse and definitely different: unique attributes of the world's largest ecosystem","Abstract. The deep sea, the largest biome on Earth, has a series of characteristics that make this environment both distinct from other marine and land ecosystems and unique for the entire planet. This review describes these patterns and processes, from geological settings to biological processes, biodiversity and biogeographical patterns. It concludes with a brief discussion of current threats from anthropogenic activities to deep-sea habitats and their fauna. Investigations of deep-sea habitats and their fauna began in the late 19th century. In the intervening years, technological developments and stimulating discoveries have promoted deep-sea research and changed our way of understanding life on the planet. Nevertheless, the deep sea is still mostly unknown and current discovery rates of both habitats and species remain high. The geological, physical and geochemical settings of the deep-sea floor and the water column form a series of different habitats with unique characteristics that support specific faunal communities. Since 1840, 28 new habitats/ecosystems have been discovered from the shelf break to the deep trenches and discoveries of new habitats are still happening in the",https://doi.org/10.5194/bg-7-2851-2010,"(priming OR conditioning OR ""transgenerational plasticity"" OR ""carryover effect"" OR ""developmental programming"" OR hardening OR acclimatization OR ""parental effect"" OR ""epigenetic memory"" OR preconditioning OR ""transgenerational immune priming"") AND (marine OR ocean OR estuarine OR oyster OR mussel OR clam OR scallop OR coral OR abalone OR ""sea urchin"" OR bivalve OR mollusc)"
openalex,lawrence1982,10.2307/1352213,Lawrence,1982,The Determination and Use of Condition Index of Oysters,,https://doi.org/10.2307/1352213,"(priming OR conditioning OR ""transgenerational plasticity"" OR ""carryover effect"" OR ""developmental programming"" OR hardening OR acclimatization OR ""parental effect"" OR ""epigenetic memory"" OR preconditioning OR ""transgenerational immune priming"") AND (marine OR ocean OR estuarine OR oyster OR mussel OR clam OR scallop OR coral OR abalone OR ""sea urchin"" OR bivalve OR mollusc)"
openalex,krishnakumar2018,10.5772/intechopen.76938,Krishnakumar,2018,Biomonitoring of Trace Metals in the Coastal Waters Using Bivalve Molluscs,"Several environmental contaminants including toxic trace metals are being discharged into the coastal environment causing serious threat to marine organisms and posing public health risk. Marine bivalves (mussel, oyster, and clam) have been successfully used as sentinel organisms for monitoring contaminant levels, including trace metals, in coastal waters around the globe. Chemical analyses measure the contaminants present in the biota but do not necessarily reveal potential biological effects. Therefore, the need to detect and assess the effects of contaminants, especially at low concentrations, has led to the development of molecular markers of contaminant effects called biomarkers. Owing to their short time of response, biomarkers in marine bivalves are used as early warning signals of biological effects caused by environmental pollutants. Research into the development and application of accurate biomarker-based monitoring tools for the environmental contaminants has been intensified in several developed countries.",https://doi.org/10.5772/intechopen.76938,"(priming OR conditioning OR ""transgenerational plasticity"" OR ""carryover effect"" OR ""developmental programming"" OR hardening OR acclimatization OR ""parental effect"" OR ""epigenetic memory"" OR preconditioning OR ""transgenerational immune priming"") AND (marine OR ocean OR estuarine OR oyster OR mussel OR clam OR scallop OR coral OR abalone OR ""sea urchin"" OR bivalve OR mollusc)"
openalex,pealoza2021,10.1093/gigascience/giab020,Peñaloza,2021,A chromosome-level genome assembly for the Pacific oyster <i>Crassostrea gigas</i>,"BACKGROUND: The Pacific oyster (Crassostrea gigas) is a bivalve mollusc with vital roles in coastal ecosystems and aquaculture globally. While extensive genomic tools are available for C. gigas, highly contiguous reference genomes are required to support both fundamental and applied research. Herein we report the creation and annotation of a chromosome-level assembly for C. gigas. FINDINGS: High-coverage long- and short-read sequence data generated on Pacific Biosciences and Illumina platforms were used to generate an initial assembly, which was then scaffolded into 10 pseudo-chromosomes using both Hi-C sequencing and a high-density linkage map. The assembly has a scaffold N50 of 58.4 Mb and a contig N50 of 1.8 Mb, representing a step advance on the previously published C. gigas assembly. Annotation based on Pacific Biosciences Iso-Seq and Illumina RNA-Seq resulted in identification of ∼30,000 putative protein-coding genes. Annotation of putative repeat elements highlighted an enrichment of Helitron rolling-circle transposable elements, suggesting their potential role in shaping the evolution of the C. gigas genome. CONCLUSIONS: This new chromosome-level assembly will be an enablin",https://doi.org/10.1093/gigascience/giab020,"(priming OR conditioning OR ""transgenerational plasticity"" OR ""carryover effect"" OR ""developmental programming"" OR hardening OR acclimatization OR ""parental effect"" OR ""epigenetic memory"" OR preconditioning OR ""transgenerational immune priming"") AND (marine OR ocean OR estuarine OR oyster OR mussel OR clam OR scallop OR coral OR abalone OR ""sea urchin"" OR bivalve OR mollusc)"
openalex,clennell1999,10.1029/1999jb900175,Clennell,1999,Formation of natural gas hydrates in marine sediments: 1. Conceptual model of gas hydrate growth conditioned by host sediment properties,"The stability of submarine gas hydrates is largely dictated by pressure and temperature, gas composition, and pore water salinity. However, the physical properties and surface chemistry of deep marine sediments may also affect the thermodynamic state, growth kinetics, spatial distributions, and growth forms of clathrates. Our conceptual model presumes that gas hydrate behaves in a way analogous to ice in a freezing soil. Hydrate growth is inhibited within fine‐grained sediments by a combination of reduced pore water activity in the vicinity of hydrophilic mineral surfaces, and the excess internal energy of small crystals confined in pores. The excess energy can be thought of as a “capillary pressure” in the hydrate crystal, related to the pore size distribution and the state of stress in the sediment framework. The base of gas hydrate stability in a sequence of fine sediments is predicted by our model to occur at a lower temperature (nearer to the seabed) than would be calculated from bulk thermodynamic equilibrium. Capillary effects or a build up of salt in the system can expand the phase boundary between hydrate and free gas into a divariant field extending over a finite depth ra",https://doi.org/10.1029/1999jb900175,"(priming OR conditioning OR ""transgenerational plasticity"" OR ""carryover effect"" OR ""developmental programming"" OR hardening OR acclimatization OR ""parental effect"" OR ""epigenetic memory"" OR preconditioning OR ""transgenerational immune priming"") AND (marine OR ocean OR estuarine OR oyster OR mussel OR clam OR scallop OR coral OR abalone OR ""sea urchin"" OR bivalve OR mollusc)"
openalex,gupta2020,10.1038/s41598-020-75445-3,Gupta,2020,Drivers and impacts of the most extreme marine heatwave events,"Prolonged high-temperature extreme events in the ocean, marine heatwaves, can have severe and long-lasting impacts on marine ecosystems, fisheries and associated services. This study applies a marine heatwave framework to analyse a global sea surface temperature product and identify the most extreme events, based on their intensity, duration and spatial extent. Many of these events have yet to be described in terms of their physical attributes, generation mechanisms, or ecological impacts. Our synthesis identifies commonalities between marine heatwave characteristics and seasonality, links to the El Niño-Southern Oscillation, triggering processes and impacts on ocean productivity. The most intense events preferentially occur in summer, when climatological oceanic mixed layers are shallow and winds are weak, but at a time preceding climatological maximum sea surface temperatures. Most subtropical extreme marine heatwaves were triggered by persistent atmospheric high-pressure systems and anomalously weak wind speeds, associated with increased insolation, and reduced ocean heat losses. Furthermore, the most extreme events tended to coincide with reduced chlorophyll-a concentration at ",https://doi.org/10.1038/s41598-020-75445-3,"(priming OR conditioning OR ""transgenerational plasticity"" OR ""carryover effect"" OR ""developmental programming"" OR hardening OR acclimatization OR ""parental effect"" OR ""epigenetic memory"" OR preconditioning OR ""transgenerational immune priming"") AND (marine OR ocean OR estuarine OR oyster OR mussel OR clam OR scallop OR coral OR abalone OR ""sea urchin"" OR bivalve OR mollusc)"
openalex,davis1958,10.2307/1538986,Davis,1958,SURVIVAL AND GROWTH OF CLAM AND OYSTER LARVAE AT DIFFERENT SALINITIES,"1. The optimum salinity for the development of straight-hinge larvae from eggs of clams from Long Island Sound is about 27.5 p.p.t. 2. The salinity range for development of eggs of these clams is from 20.0 p.p.t., at which salinity only 16 per cent to 21 per cent of the eggs develop, to 35.0 p.p.t., at which salinity only 1 per cent or less of the eggs develops normally. 3. The optimum salinity for growth of clam larvae after they reach the straight-hinge stage is 27.5 p.p.t. or higher, while 15.0 p.p.t. is the lowest salinity at which appreciable growth occurs, and 17.5 p.p.t. is the lowest at which we were successful in rearing clam larvae to metamorphosis. 4. Both the optimum salinity and the salinity range for the development of straight-hinge larvae from eggs of the American oyster appear to be governed by the salinity at which the parent oysters develop gonads. 5. The optimum salinity for the development of eggs of oysters from Long Island Sound, Peconic Bay, and Hodges Bar, Maryland was about 22.5 p.p.t. when these oysters developed gonads at a salinity of 26.0-27.0 p.p.t. 6. When Hodges Bar oysters developed gonads at a salinity of approximately 8.74 p.p.t. the optimum sali",https://doi.org/10.2307/1538986,"(priming OR conditioning OR ""transgenerational plasticity"" OR ""carryover effect"" OR ""developmental programming"" OR hardening OR acclimatization OR ""parental effect"" OR ""epigenetic memory"" OR preconditioning OR ""transgenerational immune priming"") AND (marine OR ocean OR estuarine OR oyster OR mussel OR clam OR scallop OR coral OR abalone OR ""sea urchin"" OR bivalve OR mollusc)"
openalex,kamenos2004,10.3354/meps274183,Kamenos,2004,Nursery-area function of maerl grounds for juvenile queen scallops Aequipecten opercularis and other invertebrates,"The services provided by coastal ecosystems such as mangrove forests and sea-grass beds are becoming increasingly recognised, yet the functional role of maerl beds has not been addressed. Maerl forms highly biodiverse habitats composed of loose-lying coralline red algae which build up over thousands of years. These carbonate-rich deposits occur in photic areas with strong water movement; they have a widespread global distribution yet remain one of the most overlooked shallow-water marine habitats, with little known about the ecosystem services maerl may provide. Our diving research in Scotland has shown that pristine live maerl (PLM) grounds fulfil nursery area prerequisites for commercial populations of queen scallops Aequipecten opercularis and other invertebrates, such as the soft clam Mya arenaria, the sea urchins Psammechinus miliaris and Echinus esculentus, and the starfish Asterias rubens, more effectively than impacted dead maerl and other common substrata. The complex architecture of maerl beds attracts high densities of these juvenile invertebrates, which use PLM grounds as nursery areas in preference to adjacent substrata. Considering its global distribution, it is highl",https://doi.org/10.3354/meps274183,"(priming OR conditioning OR ""transgenerational plasticity"" OR ""carryover effect"" OR ""developmental programming"" OR hardening OR acclimatization OR ""parental effect"" OR ""epigenetic memory"" OR preconditioning OR ""transgenerational immune priming"") AND (marine OR ocean OR estuarine OR oyster OR mussel OR clam OR scallop OR coral OR abalone OR ""sea urchin"" OR bivalve OR mollusc)"
openalex,borja2010,10.1007/s12237-010-9347-5,Borja,2010,"Medium- and Long-term Recovery of Estuarine and Coastal Ecosystems: Patterns, Rates and Restoration Effectiveness",,https://doi.org/10.1007/s12237-010-9347-5,"(priming OR conditioning OR ""transgenerational plasticity"" OR ""carryover effect"" OR ""developmental programming"" OR hardening OR acclimatization OR ""parental effect"" OR ""epigenetic memory"" OR preconditioning OR ""transgenerational immune priming"") AND (marine OR ocean OR estuarine OR oyster OR mussel OR clam OR scallop OR coral OR abalone OR ""sea urchin"" OR bivalve OR mollusc)"
openalex,cornwall2021,10.1073/pnas.2015265118,Cornwall,2021,Global declines in coral reef calcium carbonate production under ocean acidification and warming,"Significance The growth of coral reefs is threatened by the dual stressors of ocean warming and acidification. Despite a wealth of studies assessing the impacts of climate change on individual taxa, projections of their impacts on coral reef net carbonate production are limited. By projecting impacts across 233 different locations, we demonstrate that the majority of coral reefs will be unable to maintain positive net carbonate production globally by the year 2100 under representative concentration pathways RCP4.5 and 8.5, while even under RCP2.6, coral reefs will suffer reduced accretion rates. Our results provide quantitative projections of how different climate change stressors will influence whole ecosystem carbonate production across coral reefs in all major ocean basins.",https://doi.org/10.1073/pnas.2015265118,"(priming OR conditioning OR ""transgenerational plasticity"" OR ""carryover effect"" OR ""developmental programming"" OR hardening OR acclimatization OR ""parental effect"" OR ""epigenetic memory"" OR preconditioning OR ""transgenerational immune priming"") AND (marine OR ocean OR estuarine OR oyster OR mussel OR clam OR scallop OR coral OR abalone OR ""sea urchin"" OR bivalve OR mollusc)"
openalex,bianchi2017,10.1016/j.orggeochem.2017.09.008,Bianchi,2017,Centers of organic carbon burial and oxidation at the land-ocean interface,,https://doi.org/10.1016/j.orggeochem.2017.09.008,"(priming OR conditioning OR ""transgenerational plasticity"" OR ""carryover effect"" OR ""developmental programming"" OR hardening OR acclimatization OR ""parental effect"" OR ""epigenetic memory"" OR preconditioning OR ""transgenerational immune priming"") AND (marine OR ocean OR estuarine OR oyster OR mussel OR clam OR scallop OR coral OR abalone OR ""sea urchin"" OR bivalve OR mollusc)"
openalex,hughes1999,10.4319/lo.1999.44.3_part_2.0932,Hughes,1999,Multiple stressors on coral reefs: A long ‐term perspective,"Coral reefs are subject to a high frequency of recurrent biological and physical disturbances. The temporal and spatial scales of these are often large and difficult to study, so that most of our knowledge of disturbances on coral reefs comes from investigations conducted at one or a few sites, over short periods of time. We argue that studying single events in isolation can be misleading and that a longer term approach is necessary for understanding the responses of coral reef assemblages to multiple stressors. We present first a brief review of the impacts of physical disturbance (e.g., cyclones, hurricanes) on the community dynamics of coral reefs, with special attention to the effects of recurrent events. We then examine two unusually detailed, long ‐term data sets from Heron Island, Australia, and Jamaica which demonstrate some of the complexities of multiple stressors (broadly defined as natural or man‐made disturbances).",https://doi.org/10.4319/lo.1999.44.3_part_2.0932,"(priming OR conditioning OR ""transgenerational plasticity"" OR ""carryover effect"" OR ""developmental programming"" OR hardening OR acclimatization OR ""parental effect"" OR ""epigenetic memory"" OR preconditioning OR ""transgenerational immune priming"") AND (marine OR ocean OR estuarine OR oyster OR mussel OR clam OR scallop OR coral OR abalone OR ""sea urchin"" OR bivalve OR mollusc)"
openalex,chapman1985,10.1175/1520-0485(1985)015<1060:ntocso>2.0.co;2,Chapman,1985,Numerical Treatment of Cross-Shelf Open Boundaries in a Barotropic Coastal Ocean Model,"Using a barotropic coastal ocean model with a straight coastline and uniform cross-shelf bottom slope, seven different cross-shelf open boundary conditions (four of which are applied in either implicit or explicit form) are compared in three numerical experiments. 1) A mound of water is allowed to collapse and radiate waves toward the open boundaries. 2) A uniform alongshelf wind stress is applied at zero time over the entire shelf and held constant for the duration of the experiment. 3) A uniform cross-shelf wind stress is applied at zero time over the entire shelf and held constant for the duration of the experiment. The boundary condition which is most transparent to waves consists of a sponge at the outer edge of the model domain with an Orlanski radiation condition at the outer edge of the sponge. Several open boundary conditions perform adequately in the wind stress experiments, but the Orlanski radiation condition alone (without a sponge) appears to give the best total performance (of these tested) through all of the experiments. It is adequate at transmitting wave energy, and its response is entirely acceptable in the wind stress experiments. The results suggest that a clam",https://doi.org/10.1175/1520-0485(1985)015<1060:ntocso>2.0.co;2,"(priming OR conditioning OR ""transgenerational plasticity"" OR ""carryover effect"" OR ""developmental programming"" OR hardening OR acclimatization OR ""parental effect"" OR ""epigenetic memory"" OR preconditioning OR ""transgenerational immune priming"") AND (marine OR ocean OR estuarine OR oyster OR mussel OR clam OR scallop OR coral OR abalone OR ""sea urchin"" OR bivalve OR mollusc)"
openalex,mollica2018,10.1073/pnas.1712806115,Mollica,2018,Ocean acidification affects coral growth by reducing skeletal density,"Significance Ocean acidification (OA) threatens coral reef futures by reducing the concentration of carbonate ions that corals need to construct their skeletons. However, quantitative predictions of reef futures under OA are confounded by mixed responses of corals to OA in experiments and field observations. We modeled the skeletal growth of a dominant reef-building coral, Porites , as a function of seawater chemistry and validated the model against observational data. We show that OA directly and negatively affects one component of the two-step growth process (density) but not the other (linear extension). Combining our growth model with Global Climate Model output, we show that skeletal density of Porites corals could decline by up to 20.3% over the 21st century solely due to OA.",https://doi.org/10.1073/pnas.1712806115,"(priming OR conditioning OR ""transgenerational plasticity"" OR ""carryover effect"" OR ""developmental programming"" OR hardening OR acclimatization OR ""parental effect"" OR ""epigenetic memory"" OR preconditioning OR ""transgenerational immune priming"") AND (marine OR ocean OR estuarine OR oyster OR mussel OR clam OR scallop OR coral OR abalone OR ""sea urchin"" OR bivalve OR mollusc)"
openalex,wisshak2012,10.1371/journal.pone.0045124,Wisshak,2012,Ocean Acidification Accelerates Reef Bioerosion,"In the recent discussion how biotic systems may react to ocean acidification caused by the rapid rise in carbon dioxide partial pressure (pCO(2)) in the marine realm, substantial research is devoted to calcifiers such as stony corals. The antagonistic process - biologically induced carbonate dissolution via bioerosion - has largely been neglected. Unlike skeletal growth, we expect bioerosion by chemical means to be facilitated in a high-CO(2) world. This study focuses on one of the most detrimental bioeroders, the sponge Cliona orientalis, which attacks and kills live corals on Australia's Great Barrier Reef. Experimental exposure to lowered and elevated levels of pCO(2) confirms a significant enforcement of the sponges' bioerosion capacity with increasing pCO(2) under more acidic conditions. Considering the substantial contribution of sponges to carbonate bioerosion, this finding implies that tropical reef ecosystems are facing the combined effects of weakened coral calcification and accelerated bioerosion, resulting in critical pressure on the dynamic balance between biogenic carbonate build-up and degradation.",https://doi.org/10.1371/journal.pone.0045124,"(priming OR conditioning OR ""transgenerational plasticity"" OR ""carryover effect"" OR ""developmental programming"" OR hardening OR acclimatization OR ""parental effect"" OR ""epigenetic memory"" OR preconditioning OR ""transgenerational immune priming"") AND (marine OR ocean OR estuarine OR oyster OR mussel OR clam OR scallop OR coral OR abalone OR ""sea urchin"" OR bivalve OR mollusc)"
openalex,dafforn2009,10.1111/j.1472-4642.2009.00587.x,Dafforn,2009,Links between estuarine condition and spatial distributions of marine invaders,"Abstract Aim Non‐indigenous species pose a significant threat to the environment and to global economies. Predictive and preventative measures are widely considered more effective in curtailing invasions than are eradication or control measures. Of key importance in the prediction of regional invasion risk are the environmental conditions that enable successful establishment. Location We surveyed native and non‐indigenous sessile invertebrate diversity in each of two commercial (600–1500 vessels per year) and two recreational estuaries (seven to nine marinas) in New South Wales, Australia. Methods A nested hierarchical design was employed to investigate variation in sessile invertebrate diversity at the scales of site (1–3 km apart) and estuary (40–180 km apart). Settlement plates (15 × 15 cm) were used to sample invertebrates and background heavy metal loads were assessed using bioaccumulation in experimentally deployed oysters. Other physico‐chemical variables were monitored monthly. Manipulative experiments were used to test the direct effects of exposure to copper and tributyltin (TBT) antifouling paints on sessile invertebrates. Results Native and non‐indigenous species richne",https://doi.org/10.1111/j.1472-4642.2009.00587.x,"(priming OR conditioning OR ""transgenerational plasticity"" OR ""carryover effect"" OR ""developmental programming"" OR hardening OR acclimatization OR ""parental effect"" OR ""epigenetic memory"" OR preconditioning OR ""transgenerational immune priming"") AND (marine OR ocean OR estuarine OR oyster OR mussel OR clam OR scallop OR coral OR abalone OR ""sea urchin"" OR bivalve OR mollusc)"
openalex,decarlo2019,10.1098/rspb.2019.0235,DeCarlo,2019,Acclimatization of massive reef-building corals to consecutive heatwaves,"Reef-building corals typically live close to the upper limits of their thermal tolerance and even small increases in summer water temperatures can lead to bleaching and mortality. Projections of coral reef futures based on forecasts of ocean temperatures indicate that by the end of this century, corals will experience their current thermal thresholds annually, which would lead to the widespread devastation of coral reef ecosystems. Here, we use skeletal cores of long-lived Porites corals collected from 14 reefs across the northern Great Barrier Reef, the Coral Sea, and New Caledonia to evaluate changes in their sensitivity to heat stress since 1815. High-density 'stress bands'-indicative of past bleaching-first appear during a strong pre-industrial El Niño event in 1877 but become significantly more frequent in the late twentieth and early twenty-first centuries in accordance with rising temperatures from anthropogenic global warming. However, the proportion of cores with stress bands declines following successive bleaching events in the twenty-first century despite increasing exposure to heat stress. Our findings demonstrate an increase in the thermal tolerance of reef-building co",https://doi.org/10.1098/rspb.2019.0235,"(priming OR conditioning OR ""transgenerational plasticity"" OR ""carryover effect"" OR ""developmental programming"" OR hardening OR acclimatization OR ""parental effect"" OR ""epigenetic memory"" OR preconditioning OR ""transgenerational immune priming"") AND (marine OR ocean OR estuarine OR oyster OR mussel OR clam OR scallop OR coral OR abalone OR ""sea urchin"" OR bivalve OR mollusc)"
openalex,sanders2018,10.3389/fmars.2018.00352,Sanders,2018,High Calcification Costs Limit Mussel Growth at Low Salinity,"In coastal temperate regions such as the Baltic Sea, calcifying bivalves dominate benthic communities playing a vital ecological role in maintaining biodiversity and nutrient recycling. At low salinities, bivalves exhibit reduced growth and calcification rates which is thought to result from physiological constraints associated with osmotic stress. Calcification demands a considerable amount of energy in calcifying molluscs and estuarine habitats provide sub-optimal conditions for calcification due to low concentrations of calcification substrate and large variations in carbonate chemistry. Therefore, we hypothesise that slow growth rates in estuarine bivalves result from increased costs of calcification, rather than costs associated with osmotic stress. To investigate this, we estimated the cost of calcification for the first time in benthic bivalve life stages and the relative energy allocation to calcification in three Mytilus populations along the Baltic salinity gradient. Our results indicate that calcification rates are significantly reduced only in 6 psu populations compared to 11 and 16 psu populations, coinciding with ca. 2 – 3-fold higher calcification costs at low salini",https://doi.org/10.3389/fmars.2018.00352,"(priming OR conditioning OR ""transgenerational plasticity"" OR ""carryover effect"" OR ""developmental programming"" OR hardening OR acclimatization OR ""parental effect"" OR ""epigenetic memory"" OR preconditioning OR ""transgenerational immune priming"") AND (marine OR ocean OR estuarine OR oyster OR mussel OR clam OR scallop OR coral OR abalone OR ""sea urchin"" OR bivalve OR mollusc)"
openalex,cai2009,10.1029/2009gl039902,Cai,2009,Positive Indian Ocean Dipole events precondition southeast Australia bushfires,"The devastating “Black Saturday” bushfire inferno in the southeast Australian state of Victoria in early February 2009 and the “Ash Wednesday” bushfires in February 1983 were both preceded by a positive Indian Ocean Dipole (pIOD) event. Is there a systematic pIOD linkage beyond these two natural disasters? We show that out of 21 significant bushfires seasons since 1950, 11 were preceded by a pIOD. During Victoria's wet season, particularly spring, a pIOD contributes to lower rainfall and higher temperatures exacerbating the dry conditions and increasing the fuel load leading into summer. Consequently, pIODs are effective in preconditioning Victoria for bushfires, more so than El Niño events, as seen in the impact on soil moisture on interannual time scales and in multi‐decadal changes since the 1950s. Given that the recent increase in pIOD occurrences is consistent with what is expected from global warming, an increased bushfire risk in the future is likely across southeast Australia.",https://doi.org/10.1029/2009gl039902,"(priming OR conditioning OR ""transgenerational plasticity"" OR ""carryover effect"" OR ""developmental programming"" OR hardening OR acclimatization OR ""parental effect"" OR ""epigenetic memory"" OR preconditioning OR ""transgenerational immune priming"") AND (marine OR ocean OR estuarine OR oyster OR mussel OR clam OR scallop OR coral OR abalone OR ""sea urchin"" OR bivalve OR mollusc)"
openalex,serreze2006,10.1007/s10584-005-9017-y,Serreze,2006,The Arctic Amplification Debate,,https://doi.org/10.1007/s10584-005-9017-y,"(priming OR conditioning OR ""transgenerational plasticity"" OR ""carryover effect"" OR ""developmental programming"" OR hardening OR acclimatization OR ""parental effect"" OR ""epigenetic memory"" OR preconditioning OR ""transgenerational immune priming"") AND (marine OR ocean OR estuarine OR oyster OR mussel OR clam OR scallop OR coral OR abalone OR ""sea urchin"" OR bivalve OR mollusc)"
openalex,kelly2012,10.1111/j.1365-2435.2012.02061.x,Kelly,2012,Adaptation and the physiology of ocean acidification,"Summary Ocean acidification, caused by the uptake of atmospheric CO 2 , is a threat to marine biodiversity, potentially rivalling the threat imposed by rising temperatures in some marine ecosystems. Although a growing body of literature documents negative effects of acidification on marine organisms, the majority of this work has focused on the effects of future conditions on modern populations, ignoring the potential effects of adaptation and physiological acclimatization. We review current literature on the potential for adaptation to elevated p CO 2 in marine organisms. Although this body of work is currently quite small, we argue that data on the physiological effects of acidification, natural variation in p H and lessons learned from previous work on thermal adaptation can all inform predictions and priorities for future research. Spatially varying selection is one of the most important forces maintaining intraspecific genetic variation. Unlike temperature, p H lacks a strong and persistent global gradient, and so selection may maintain less adaptive variation for p H than for temperature. On the other hand, we are only beginning to amass long‐term data sets for p H variation ",https://doi.org/10.1111/j.1365-2435.2012.02061.x,"(priming OR conditioning OR ""transgenerational plasticity"" OR ""carryover effect"" OR ""developmental programming"" OR hardening OR acclimatization OR ""parental effect"" OR ""epigenetic memory"" OR preconditioning OR ""transgenerational immune priming"") AND (marine OR ocean OR estuarine OR oyster OR mussel OR clam OR scallop OR coral OR abalone OR ""sea urchin"" OR bivalve OR mollusc)"
openalex,barthelat2006,10.1016/j.jmps.2006.07.007,Barthelat,2006,On the mechanics of mother-of-pearl: A key feature in the material hierarchical structure,,https://doi.org/10.1016/j.jmps.2006.07.007,"(priming OR conditioning OR ""transgenerational plasticity"" OR ""carryover effect"" OR ""developmental programming"" OR hardening OR acclimatization OR ""parental effect"" OR ""epigenetic memory"" OR preconditioning OR ""transgenerational immune priming"") AND (marine OR ocean OR estuarine OR oyster OR mussel OR clam OR scallop OR coral OR abalone OR ""sea urchin"" OR bivalve OR mollusc)"
openalex,canesi2013,10.1016/j.aquatox.2013.11.002,Canesi,2013,"Interactive effects of n-TiO2 and 2,3,7,8-TCDD on the marine bivalve Mytilus galloprovincialis",,https://doi.org/10.1016/j.aquatox.2013.11.002,"(priming OR conditioning OR ""transgenerational plasticity"" OR ""carryover effect"" OR ""developmental programming"" OR hardening OR acclimatization OR ""parental effect"" OR ""epigenetic memory"" OR preconditioning OR ""transgenerational immune priming"") AND (marine OR ocean OR estuarine OR oyster OR mussel OR clam OR scallop OR coral OR abalone OR ""sea urchin"" OR bivalve OR mollusc)"
openalex,downs2015,10.1007/s00244-015-0227-7,Downs,2015,"Toxicopathological Effects of the Sunscreen UV Filter, Oxybenzone (Benzophenone-3), on Coral Planulae and Cultured Primary Cells and Its Environmental Contamination in Hawaii and the U.S. Virgin Islands",,https://doi.org/10.1007/s00244-015-0227-7,"(priming OR conditioning OR ""transgenerational plasticity"" OR ""carryover effect"" OR ""developmental programming"" OR hardening OR acclimatization OR ""parental effect"" OR ""epigenetic memory"" OR preconditioning OR ""transgenerational immune priming"") AND (marine OR ocean OR estuarine OR oyster OR mussel OR clam OR scallop OR coral OR abalone OR ""sea urchin"" OR bivalve OR mollusc)"
openalex,munday2012,10.1242/jeb.074765,Munday,2012,Impact of global warming and rising CO2 levels on coral reef fishes: what hope for the future?,"Average sea-surface temperature and the amount of CO(2) dissolved in the ocean are rising as a result of increasing concentrations of atmospheric CO(2). Many coral reef fishes appear to be living close to their thermal optimum, and for some of them, even relatively moderate increases in temperature (2-4°C) lead to significant reductions in aerobic scope. Reduced aerobic capacity could affect population sustainability because less energy can be devoted to feeding and reproduction. Coral reef fishes seem to have limited capacity to acclimate to elevated temperature as adults, but recent research shows that developmental and transgenerational plasticity occur, which might enable some species to adjust to rising ocean temperatures. Predicted increases in P(CO(2)), and associated ocean acidification, can also influence the aerobic scope of coral reef fishes, although there is considerable interspecific variation, with some species exhibiting a decline and others an increase in aerobic scope at near-future CO(2) levels. As with thermal effects, there are transgenerational changes in response to elevated CO(2) that could mitigate impacts of high CO(2) on the growth and survival of reef fi",https://doi.org/10.1242/jeb.074765,"(priming OR conditioning OR ""transgenerational plasticity"" OR ""carryover effect"" OR ""developmental programming"" OR hardening OR acclimatization OR ""parental effect"" OR ""epigenetic memory"" OR preconditioning OR ""transgenerational immune priming"") AND (marine OR ocean OR estuarine OR oyster OR mussel OR clam OR scallop OR coral OR abalone OR ""sea urchin"" OR bivalve OR mollusc)"
openalex,xie2008,10.1175/2008jcli2544.1,Xie,2008,Indian Ocean Capacitor Effect on Indo–Western Pacific Climate during the Summer following El Niño,"Abstract Significant climate anomalies persist through the summer (June–August) after El Niño dissipates in spring over the equatorial Pacific. They include the tropical Indian Ocean (TIO) sea surface temperature (SST) warming, increased tropical tropospheric temperature, an anomalous anticyclone over the subtropical northwest Pacific, and increased mei-yu–baiu rainfall over East Asia. The cause of these lingering El Niño effects during summer is investigated using observations and an atmospheric general circulation model (GCM). The results herein indicate that the TIO warming acts like a capacitor anchoring atmospheric anomalies over the Indo–western Pacific Oceans. It causes tropospheric temperature to increase by a moist-adiabatic adjustment in deep convection, emanating a baroclinic Kelvin wave into the Pacific. In the northwest Pacific, this equatorial Kelvin wave induces northeasterly surface wind anomalies, and the resultant divergence in the subtropics triggers suppressed convection and the anomalous anticyclone. The GCM results support this Kelvin wave–induced Ekman divergence mechanism. In response to a prescribed SST increase over the TIO, the model simulates the Kelvin ",https://doi.org/10.1175/2008jcli2544.1,"(priming OR conditioning OR ""transgenerational plasticity"" OR ""carryover effect"" OR ""developmental programming"" OR hardening OR acclimatization OR ""parental effect"" OR ""epigenetic memory"" OR preconditioning OR ""transgenerational immune priming"") AND (marine OR ocean OR estuarine OR oyster OR mussel OR clam OR scallop OR coral OR abalone OR ""sea urchin"" OR bivalve OR mollusc)"
openalex,tierney2015,10.1002/2014pa002717,Tierney,2015,Tropical sea surface temperatures for the past four centuries reconstructed from coral archives,"Abstract Most annually resolved climate reconstructions of the Common Era are based on terrestrial data, making it a challenge to independently assess how recent climate changes have affected the oceans. Here as part of the Past Global Changes Ocean2K project, we present four regionally calibrated and validated reconstructions of sea surface temperatures in the tropics, based on 57 published and publicly archived marine paleoclimate data sets derived exclusively from tropical coral archives. Validation exercises suggest that our reconstructions are interpretable for much of the past 400 years, depending on the availability of paleoclimate data within, and the reconstruction validation statistics for, each target region. Analysis of the trends in the data suggests that the Indian, western Pacific, and western Atlantic Ocean regions were cooling until modern warming began around the 1830s. The early 1800s were an exceptionally cool period in the Indo‐Pacific region, likely due to multiple large tropical volcanic eruptions occurring in the early nineteenth century. Decadal‐scale variability is a quasi‐persistent feature of all basins. Twentieth century warming associated with greenhou",https://doi.org/10.1002/2014pa002717,"(priming OR conditioning OR ""transgenerational plasticity"" OR ""carryover effect"" OR ""developmental programming"" OR hardening OR acclimatization OR ""parental effect"" OR ""epigenetic memory"" OR preconditioning OR ""transgenerational immune priming"") AND (marine OR ocean OR estuarine OR oyster OR mussel OR clam OR scallop OR coral OR abalone OR ""sea urchin"" OR bivalve OR mollusc)"
openalex,carr2003,10.1890/1051-0761(2003)013[0090:cmatei]2.0.co;2,Carr,2003,COMPARING MARINE AND TERRESTRIAL ECOSYSTEMS: IMPLICATIONS FOR THE DESIGN OF COASTAL MARINE RESERVES,"Concepts and theory for the design and application of terrestrial reserves is based on our understanding of environmental, ecological, and evolutionary processes responsible for biological diversity and sustainability of terrestrial ecosystems and how humans have influenced these processes. How well this terrestrial-based theory can be applied toward the design and application of reserves in the coastal marine environment depends, in part, on the degree of similarity between these systems. Several marked differences in ecological and evolutionary processes exist between marine and terrestrial ecosystems as ramifications of fundamental differences in their physical environments (i.e., the relative prevalence of air and water) and contemporary patterns of human impacts. Most notably, the great extent and rate of dispersal of nutrients, materials, holoplanktonic organisms, and reproductive propagules of benthic organisms expand scales of connectivity among nearshore communities and ecosystems. Consequently, the “openness” of marine populations, communities, and ecosystems probably has marked influences on their spatial, genetic, and trophic structures and dynamics in ways experienced ",https://doi.org/10.1890/1051-0761(2003)013[0090:cmatei]2.0.co;2,"(priming OR conditioning OR ""transgenerational plasticity"" OR ""carryover effect"" OR ""developmental programming"" OR hardening OR acclimatization OR ""parental effect"" OR ""epigenetic memory"" OR preconditioning OR ""transgenerational immune priming"") AND (marine OR ocean OR estuarine OR oyster OR mussel OR clam OR scallop OR coral OR abalone OR ""sea urchin"" OR bivalve OR mollusc)"
openalex,smith1992,10.1016/0167-2789(92)90225-c,Smith,1992,Parallel ocean general circulation modeling,,https://doi.org/10.1016/0167-2789(92)90225-c,"(priming OR conditioning OR ""transgenerational plasticity"" OR ""carryover effect"" OR ""developmental programming"" OR hardening OR acclimatization OR ""parental effect"" OR ""epigenetic memory"" OR preconditioning OR ""transgenerational immune priming"") AND (marine OR ocean OR estuarine OR oyster OR mussel OR clam OR scallop OR coral OR abalone OR ""sea urchin"" OR bivalve OR mollusc)"
openalex,willis2017,10.1038/srep44479,Willis,2017,"Differentiating littering, urban runoff and marine transport as sources of marine debris in coastal and estuarine environments","Marine debris is a burgeoning global issue with economic, ecological and aesthetic impacts. While there are many studies now addressing this topic, the influence of urbanisation factors such as local population density, stormwater drains and roads on the distribution of coastal litter remains poorly understood. To address this knowledge gap, we carried out standardized surveys at 224 transect surveys at 67 sites in two estuaries and along the open coast in Tasmania, Australia. We explored the relative support for three hypotheses regarding the sources of the debris; direct deposition by beachgoers, transport from surrounding areas via storm water drains and coastal runoff, and onshore transport from the marine system. We found strong support for all three mechanisms, however, onshore transport from the marine reservoir was the most important mechanism. Overall, the three models together explained 45.8 percent of the variation in our observations. Our results also suggest that most debris released into the marine environment is deposited locally, which may be the answer to where all the missing plastic is in the ocean. Furthermore, local interventions are likely to be most effective",https://doi.org/10.1038/srep44479,"(priming OR conditioning OR ""transgenerational plasticity"" OR ""carryover effect"" OR ""developmental programming"" OR hardening OR acclimatization OR ""parental effect"" OR ""epigenetic memory"" OR preconditioning OR ""transgenerational immune priming"") AND (marine OR ocean OR estuarine OR oyster OR mussel OR clam OR scallop OR coral OR abalone OR ""sea urchin"" OR bivalve OR mollusc)"
openalex,contam2017,10.2903/j.efsa.2017.4752,(CONTAM),2017,Risks for public health related to the presence of tetrodotoxin (TTX) and TTX analogues in marine bivalves and gastropods,"Tetrodotoxin (TTX) and its analogues are produced by marine bacteria and have been detected in marine bivalves and gastropods from European waters. The European Commission asked EFSA for a scientific opinion on the risks to public health related to the presence of TTX and TTX analogues in marine bivalves and gastropods. The Panel on Contaminants in the Food Chain reviewed the available literature but did not find support for the minimum lethal dose for humans of 2 mg, mentioned in various reviews. Some human case reports describe serious effects at a dose of 0.2 mg, corresponding to 4 μg/kg body weight (bw). However, the uncertainties on the actual exposure in the studies preclude their use for derivation of an acute reference dose (ARfD). Instead, a group ARfD of 0.25 μg/kg bw, applying to TTX and its analogues, was derived based on a TTX dose of 25 μg/kg bw at which no apathy was observed in an acute oral study with mice, applying a standard uncertainty factor of 100. Estimated relative potencies for analogues are lower than that of TTX but are associated with a high degree of uncertainty. Based on the occurrence data submitted to EFSA and reported consumption days only, average ",https://doi.org/10.2903/j.efsa.2017.4752,"(priming OR conditioning OR ""transgenerational plasticity"" OR ""carryover effect"" OR ""developmental programming"" OR hardening OR acclimatization OR ""parental effect"" OR ""epigenetic memory"" OR preconditioning OR ""transgenerational immune priming"") AND (marine OR ocean OR estuarine OR oyster OR mussel OR clam OR scallop OR coral OR abalone OR ""sea urchin"" OR bivalve OR mollusc)"
openalex,mccook2010,10.1073/pnas.0909335107,McCook,2010,Adaptive management of the Great Barrier Reef: A globally significant demonstration of the benefits of networks of marine reserves,"The Great Barrier Reef (GBR) provides a globally significant demonstration of the effectiveness of large-scale networks of marine reserves in contributing to integrated, adaptive management. Comprehensive review of available evidence shows major, rapid benefits of no-take areas for targeted fish and sharks, in both reef and nonreef habitats, with potential benefits for fisheries as well as biodiversity conservation. Large, mobile species like sharks benefit less than smaller, site-attached fish. Critically, reserves also appear to benefit overall ecosystem health and resilience: outbreaks of coral-eating, crown-of-thorns starfish appear less frequent on no-take reefs, which consequently have higher abundance of coral, the very foundation of reef ecosystems. Effective marine reserves require regular review of compliance: fish abundances in no-entry zones suggest that even no-take zones may be significantly depleted due to poaching. Spatial analyses comparing zoning with seabed biodiversity or dugong distributions illustrate significant benefits from application of best-practice conservation principles in data-poor situations. Increases in the marine reserve network in 2004 affected ",https://doi.org/10.1073/pnas.0909335107,"(priming OR conditioning OR ""transgenerational plasticity"" OR ""carryover effect"" OR ""developmental programming"" OR hardening OR acclimatization OR ""parental effect"" OR ""epigenetic memory"" OR preconditioning OR ""transgenerational immune priming"") AND (marine OR ocean OR estuarine OR oyster OR mussel OR clam OR scallop OR coral OR abalone OR ""sea urchin"" OR bivalve OR mollusc)"
openalex,timminsschiffman2014,10.1186/1471-2164-15-951,Timmins‐Schiffman,2014,Shotgun proteomics reveals physiological response to ocean acidification in Crassostrea gigas,"BACKGROUND: Ocean acidification as a result of increased anthropogenic CO2 emissions is occurring in marine and estuarine environments worldwide. The coastal ocean experiences additional daily and seasonal fluctuations in pH that can be lower than projected end-of-century open ocean pH reductions. In order to assess the impact of ocean acidification on marine invertebrates, Pacific oysters (Crassostrea gigas) were exposed to one of four different p CO2 levels for four weeks: 400 μatm (pH 8.0), 800 μatm (pH 7.7), 1000 μatm (pH 7.6), or 2800 μatm (pH 7.3). RESULTS: At the end of the four week exposure period, oysters in all four p CO2 environments deposited new shell, but growth rate was not different among the treatments. However, micromechanical properties of the new shell were compromised by elevated p CO2. Elevated p CO2 affected neither whole body fatty acid composition, nor glycogen content, nor mortality rate associated with acute heat shock. Shotgun proteomics revealed that several physiological pathways were significantly affected by ocean acidification, including antioxidant response, carbohydrate metabolism, and transcription and translation. Additionally, the proteomic re",https://doi.org/10.1186/1471-2164-15-951,"(priming OR conditioning OR ""transgenerational plasticity"" OR ""carryover effect"" OR ""developmental programming"" OR hardening OR acclimatization OR ""parental effect"" OR ""epigenetic memory"" OR preconditioning OR ""transgenerational immune priming"") AND (marine OR ocean OR estuarine OR oyster OR mussel OR clam OR scallop OR coral OR abalone OR ""sea urchin"" OR bivalve OR mollusc)"
openalex,bindoff2007,NR,Bindoff,2007,Observations: Oceanic Climate Change and Sea Level,"Estimates of the climatological mean oceanic meridional heat transport derived from atmospheric observations (e.g., Trenberth and Caron, 2001) and from oceanographic cross sections (e.g., Ganachaud and Wunsch, 2003) are in fair agreement, despite considerable uncertainties (see Appendix 5.A.2).The ocean heat transport estimate derived from integration of climatological air-sea heat fl ux fi elds (e.g",https://eprints.soton.ac.uk/50391/,"(priming OR conditioning OR ""transgenerational plasticity"" OR ""carryover effect"" OR ""developmental programming"" OR hardening OR acclimatization OR ""parental effect"" OR ""epigenetic memory"" OR preconditioning OR ""transgenerational immune priming"") AND (marine OR ocean OR estuarine OR oyster OR mussel OR clam OR scallop OR coral OR abalone OR ""sea urchin"" OR bivalve OR mollusc)"
openalex,howard2017,10.1002/fee.1451,Howard,2017,Clarifying the role of coastal and marine systems in climate mitigation,"The international scientific community is increasingly recognizing the role of natural systems in climate‐change mitigation. While forests have historically been the primary focus of such efforts, coastal wetlands – particularly seagrasses, tidal marshes, and mangroves – are now considered important and effective long‐term carbon sinks. However, some members of the coastal and marine policy and management community have been interested in expanding climate mitigation strategies to include other components within coastal and marine systems, such as coral reefs, phytoplankton, kelp forests, and marine fauna. We analyze the scientific evidence regarding whether these marine ecosystems and ecosystem components are viable long‐term carbon sinks and whether they can be managed for climate mitigation. Our findings could assist decision makers and conservation practitioners in identifying which components of coastal and marine ecosystems should be prioritized in current climate mitigation strategies and policies.",https://doi.org/10.1002/fee.1451,"(priming OR conditioning OR ""transgenerational plasticity"" OR ""carryover effect"" OR ""developmental programming"" OR hardening OR acclimatization OR ""parental effect"" OR ""epigenetic memory"" OR preconditioning OR ""transgenerational immune priming"") AND (marine OR ocean OR estuarine OR oyster OR mussel OR clam OR scallop OR coral OR abalone OR ""sea urchin"" OR bivalve OR mollusc)"
openalex,andrew1993,10.2307/1939293,Andrew,1993,"Spatial Heterogeneity, Sea Urchin Grazing, and Habitat Structure on Reefs in Temperate Australia","The sea urchin Centrostephanus rodgersii is important in determining biogenic habitat structure on rocky reefs in New South Wales. Individual C. rodgersii, in common with other diadematids, are found in shelters during the day, from which they emerge to forage at night and maintain patches of barrens habitat. The effect of availability of shelter on the foraging behavior of C. rodgersii, and on the abundance of benthic invertebrates and algae, was investigated by a field experiment. Physical heterogeneity in the form of large boulders were translocated between the barrens and Ecklonia forest habitats and arranged so as to either maximize or minimize shelter. The fauna and flora on translocated boulders became progressively similar to that found in the surrounding habitat. Most obvious of these changes were reductions in the density of foliose algae on boulders moved from Ecklonia forest to barrens and reductions in the density of limpets in the reverse translocation. C. rodgersii recruited to all treatments irrespective of where the boulders came from, where they were moved to, and the amount of shelter provided. The availability of shelter was clearly a sufficient condition for th",https://doi.org/10.2307/1939293,"(priming OR conditioning OR ""transgenerational plasticity"" OR ""carryover effect"" OR ""developmental programming"" OR hardening OR acclimatization OR ""parental effect"" OR ""epigenetic memory"" OR preconditioning OR ""transgenerational immune priming"") AND (marine OR ocean OR estuarine OR oyster OR mussel OR clam OR scallop OR coral OR abalone OR ""sea urchin"" OR bivalve OR mollusc)"
openalex,griffith2019,10.1016/j.hal.2019.03.008,Griffith,2019,Harmful algal blooms: A climate change co-stressor in marine and freshwater ecosystems,"Marine and freshwater ecosystems are warming, acidifying, and deoxygenating as a consequence of climate change. In parallel, the impacts of harmful algal blooms (HABs) on these ecosystems are intensifying. Many eutrophic habitats that host recurring HABs already experience thermal extremes, low dissolved oxygen, and low pH, making these locations potential sentinel sites for conditions that will become more common in larger-scale systems as climate change accelerates. While studies of the effects of HABs or individual climate change stressors on aquatic organisms have been relatively common, studies assessing their combined impacts have been rare. Those doing so have reported strong species- and strain-specific interactions between HAB species and climate change co-stressors yielding outcomes for aquatic organisms that could not have been predicted based on investigations of these factors individually. This review provides an ecological and physiological framework for considering HABs as a climate change co-stressor and considers the consequences of their combined occurrence for coastal ecosystems. This review also highlights critical gaps in our understanding of HABs as a climate ",https://doi.org/10.1016/j.hal.2019.03.008,"(priming OR conditioning OR ""transgenerational plasticity"" OR ""carryover effect"" OR ""developmental programming"" OR hardening OR acclimatization OR ""parental effect"" OR ""epigenetic memory"" OR preconditioning OR ""transgenerational immune priming"") AND (marine OR ocean OR estuarine OR oyster OR mussel OR clam OR scallop OR coral OR abalone OR ""sea urchin"" OR bivalve OR mollusc)"
openalex,pineda2007,10.5670/oceanog.2007.27,Pineda,2007,Larval Transport and Dispersal in the Coastal Ocean and Consequences for Population Connectivity,"Author Posting. © Oceanography Society, 2007. This article is posted here by permission of Oceanography Society for personal use, not for redistribution. The definitive version was published in Oceanography 20, 3 (2007): 22-39.",https://doi.org/10.5670/oceanog.2007.27,"(priming OR conditioning OR ""transgenerational plasticity"" OR ""carryover effect"" OR ""developmental programming"" OR hardening OR acclimatization OR ""parental effect"" OR ""epigenetic memory"" OR preconditioning OR ""transgenerational immune priming"") AND (marine OR ocean OR estuarine OR oyster OR mussel OR clam OR scallop OR coral OR abalone OR ""sea urchin"" OR bivalve OR mollusc)"
openalex,comeau2009,10.5194/bg-6-1877-2009,Comeau,2009,Impact of ocean acidification on a key Arctic pelagic mollusc ( <i>Limacina helicina</i> ),"Abstract. Thecosome pteropods (shelled pelagic molluscs) can play an important role in the food web of various ecosystems and play a key role in the cycling of carbon and carbonate. Since they harbor an aragonitic shell, they could be very sensitive to ocean acidification driven by the increase of anthropogenic CO2 emissions. The impact of changes in the carbonate chemistry was investigated on Limacina helicina, a key species of Arctic ecosystems. Pteropods were kept in culture under controlled pH conditions corresponding to pCO2 levels of 350 and 760 μatm. Calcification was estimated using a fluorochrome and the radioisotope 45Ca. It exhibits a 28% decrease at the pH value expected for 2100 compared to the present pH value. This result supports the concern for the future of pteropods in a high-CO2 world, as well as of those species dependent upon them as a food resource. A decline of their populations would likely cause dramatic changes to the structure, function and services of polar ecosystems.",https://doi.org/10.5194/bg-6-1877-2009,"(priming OR conditioning OR ""transgenerational plasticity"" OR ""carryover effect"" OR ""developmental programming"" OR hardening OR acclimatization OR ""parental effect"" OR ""epigenetic memory"" OR preconditioning OR ""transgenerational immune priming"") AND (marine OR ocean OR estuarine OR oyster OR mussel OR clam OR scallop OR coral OR abalone OR ""sea urchin"" OR bivalve OR mollusc)"
openalex,biuw2007,10.1073/pnas.0701121104,Biuw,2007,Variations in behavior and condition of a Southern Ocean top predator in relation to <i>in situ</i> oceanographic conditions,"Responses by marine top predators to environmental variability have previously been almost impossible to observe directly. By using animal-mounted instruments simultaneously recording movements, diving behavior, and in situ oceanographic properties, we studied the behavioral and physiological responses of southern elephant seals to spatial environmental variability throughout their circumpolar range. Improved body condition of seals in the Atlantic sector was associated with Circumpolar Deep Water upwelling regions within the Antarctic Circumpolar Current, whereas High-Salinity Shelf Waters or temperature/salinity gradients under winter pack ice were important in the Indian and Pacific sectors. Energetic consequences of these variations could help explain recently observed population trends, showing the usefulness of this approach in examining the sensitivity of top predators to global and regional-scale climate variability.",https://doi.org/10.1073/pnas.0701121104,"(priming OR conditioning OR ""transgenerational plasticity"" OR ""carryover effect"" OR ""developmental programming"" OR hardening OR acclimatization OR ""parental effect"" OR ""epigenetic memory"" OR preconditioning OR ""transgenerational immune priming"") AND (marine OR ocean OR estuarine OR oyster OR mussel OR clam OR scallop OR coral OR abalone OR ""sea urchin"" OR bivalve OR mollusc)"
openalex,nicolas1996,10.3354/dao027067,Nicolas,1996,Bacterial problems associated with scallop Pecten maximus larval culture,"Scallop Pecten maximus larvae have been cultured at the Argenton and Tinduff (Brittany, France) hatcheries with antibiotic treatment (chloramphenicol at 8 ppm) for 15 yr. Without treatment, outbreak of disease has normally occurred between Day 12 and Day 19 or sometimes earlier. A bacteriological study of larvae reared with and without antih~ot~c was performed over a 4 yr period. Among the collected strains, 2 clusters (C and F) of vibrios were present at high densities only in larvae cultured without treatment. One cluster (C) was routinely ~solated over the 4 yr of study, while the other (F) was collected only in the third year. Their virulence with respect to scallop larvae and their lack of infectivity with respect to oyster larvae were demonstrated in an exposure experiment. The vibrio F strain tended to lose its virulence after 5 subcultures, whereas the vibrio C strain retained the ability to kill scallop larvae in experimental infections. Three other vibrios isolated in moribund oyster larvae caused mortality in oyster larvae but not in scallop larvae. Different methods were used to determine the taxonomic position of these virulent bacteria. The phenotypic traits of bacter",https://doi.org/10.3354/dao027067,"(priming OR conditioning OR ""transgenerational plasticity"" OR ""carryover effect"" OR ""developmental programming"" OR hardening OR acclimatization OR ""parental effect"" OR ""epigenetic memory"" OR preconditioning OR ""transgenerational immune priming"") AND (marine OR ocean OR estuarine OR oyster OR mussel OR clam OR scallop OR coral OR abalone OR ""sea urchin"" OR bivalve OR mollusc)"
openalex,ford2021,10.1016/j.scitotenv.2021.150392,Ford,2021,The fundamental links between climate change and marine plastic pollution,"Plastic pollution and climate change have commonly been treated as two separate issues and sometimes are even seen as competing. Here we present an alternative view that these two issues are fundamentally linked. Primarily, we explore how plastic contributes to greenhouse gas (GHG) emissions from the beginning to the end of its life cycle. Secondly, we show that more extreme weather and floods associated with climate change, will exacerbate the spread of plastic in the natural environment. Finally, both issues occur throughout the marine environment, and we show that ecosystems and species can be particularly vulnerable to both, such as coral reefs that face disease spread through plastic pollution and climate-driven increased global bleaching events. A Web of Science search showed climate change and plastic pollution studies in the ocean are often siloed, with only 0.4% of the articles examining both stressors simultaneously. We also identified a lack of regional and industry-specific life cycle analysis data for comparisons in relative GHG contributions by materials and products. Overall, we suggest that rather than debate over the relative importance of climate change or marine ",https://doi.org/10.1016/j.scitotenv.2021.150392,"(priming OR conditioning OR ""transgenerational plasticity"" OR ""carryover effect"" OR ""developmental programming"" OR hardening OR acclimatization OR ""parental effect"" OR ""epigenetic memory"" OR preconditioning OR ""transgenerational immune priming"") AND (marine OR ocean OR estuarine OR oyster OR mussel OR clam OR scallop OR coral OR abalone OR ""sea urchin"" OR bivalve OR mollusc)"
openalex,talmage2011,10.1371/journal.pone.0026941,Talmage,2011,Effects of Elevated Temperature and Carbon Dioxide on the Growth and Survival of Larvae and Juveniles of Three Species of Northwest Atlantic Bivalves,"Rising CO(2) concentrations and water temperatures this century are likely to have transformative effects on many coastal marine organisms. Here, we compared the responses of two life history stages (larval, juvenile) of three species of calcifying bivalves (Mercenaria mercenaria, Crassostrea virginica, and Argopecten irradians) to temperatures (24 and 28°C) and CO(2) concentrations (∼250, 390, and 750 ppm) representative of past, present, and future summer conditions in temperate estuaries. Results demonstrated that increases in temperature and CO(2) each significantly depressed survival, development, growth, and lipid synthesis of M. mercenaria and A. irradians larvae and that the effects were additive. Juvenile M. mercenaria and A. irradians were negatively impacted by higher temperatures while C. virginica juveniles were not. C. virginica and A. irradians juveniles were negatively affected by higher CO(2) concentrations, while M. mercenaria was not. Larvae were substantially more vulnerable to elevated CO(2) than juvenile stages. These findings suggest that current and future increases in temperature and CO(2) are likely to have negative consequences for coastal bivalve populat",https://doi.org/10.1371/journal.pone.0026941,"(priming OR conditioning OR ""transgenerational plasticity"" OR ""carryover effect"" OR ""developmental programming"" OR hardening OR acclimatization OR ""parental effect"" OR ""epigenetic memory"" OR preconditioning OR ""transgenerational immune priming"") AND (marine OR ocean OR estuarine OR oyster OR mussel OR clam OR scallop OR coral OR abalone OR ""sea urchin"" OR bivalve OR mollusc)"
openalex,sampaio2021,10.1038/s41559-020-01370-3,Sampaio,2021,Impacts of hypoxic events surpass those of future ocean warming and acidification,,https://doi.org/10.1038/s41559-020-01370-3,"(priming OR conditioning OR ""transgenerational plasticity"" OR ""carryover effect"" OR ""developmental programming"" OR hardening OR acclimatization OR ""parental effect"" OR ""epigenetic memory"" OR preconditioning OR ""transgenerational immune priming"") AND (marine OR ocean OR estuarine OR oyster OR mussel OR clam OR scallop OR coral OR abalone OR ""sea urchin"" OR bivalve OR mollusc)"
openalex,phillips1981,10.3354/meps006285,Phillips,1981,"A Comparative Evaluation of Oysters, Mussels and Sediments as Indicators of Trace Metals in Hong Kong Waters","Oysters (Saccostrea glornerata = Crassostrea glornerata Gould) taken from 20 locations revealed considerable contamination of the heavily urbanised Victoria Harbour area by copper and zinc. Data for copper and zinc in sediments, based on samples from 210 sites, confirmed this finding. In addition, mussels (Septifer bilocularis [L.]) were collected twice from 23 locations. Copper concentrations in the mussels were in qualitative agreement with the profiles derived from oyster and sediment investigations. However, the relative enrichment of samples from Victoria Harbour and those from elsewhere was less in mussels than in oysters and sediments, suggesting partial regulation of copper by mussels. Zinc was regulated by the nlussels to a much greater extent, differences in zinc concentration between groups of samples or individual samples belng minimal. No parallelisnl existed between oyster, sediment and mussel results with respect to iron levels in the coastal environment of Hong Kong; presumably, the kinetics of iron differ considerably in the 2 bivalve species. We propose that S. bilocularis is unsuitable as a n indicator organism of trace metals due to partial or complete metabolic",https://doi.org/10.3354/meps006285,"(priming OR conditioning OR ""transgenerational plasticity"" OR ""carryover effect"" OR ""developmental programming"" OR hardening OR acclimatization OR ""parental effect"" OR ""epigenetic memory"" OR preconditioning OR ""transgenerational immune priming"") AND (marine OR ocean OR estuarine OR oyster OR mussel OR clam OR scallop OR coral OR abalone OR ""sea urchin"" OR bivalve OR mollusc)"
openalex,sewell2005,10.3354/meps304133,Sewell,2005,Utilization of lipids during early development of the sea urchin Evechinus chloroticus,"Detailed studies of lipid utilization during bivalve development have shown that lipids are important at 2 critical periods: embryogenesis and metamorphosis. Using the Iatroscan TLC/FID system I examined lipid class utilization during development of Evechinus chloroticus to determine whether lipids were also important for an echinoderm at these times. Eggs of E. chloroticus contained 34.41 ng of lipid, primarily polar lipids (52.0%) and triglyceride (29.4%). To determine whether there was a different pattern of lipid utilization between larvae reared in the presence or absence of particulate food, larvae were either fed 6000 cells ml -1 Dunaliella every 2 d or starved. While there was no change in the amount of total, structural or energy storage lipids over time, there was a significant difference in the amount of structural lipids between Fed and Starved treatments. This was related to the continuing development of Fed larvae and cessation of development of Starved larvae at the 4-arm pluteus stage. In both treatments, triglycerides were rapidly utilized from the early 4-arm echinopluteus to the late 4-arm larva with fully developed arms and gut. Another neutral lipid, free fatty",https://doi.org/10.3354/meps304133,"(priming OR conditioning OR ""transgenerational plasticity"" OR ""carryover effect"" OR ""developmental programming"" OR hardening OR acclimatization OR ""parental effect"" OR ""epigenetic memory"" OR preconditioning OR ""transgenerational immune priming"") AND (marine OR ocean OR estuarine OR oyster OR mussel OR clam OR scallop OR coral OR abalone OR ""sea urchin"" OR bivalve OR mollusc)"
openalex,legendre1990,10.1093/plankt/12.4.681,Legendre,1990,The significance of microalgal blooms for fisheries and for the export of particulate organic carbon in oceans,"Microalgal blooms are rapid increases in biomass, caused by locally enhanced primary production and resulting in abnormally high cell concentrations. Hydrodynamical processes may control blooms through the agency of irradiance and/or nutrients. In the oceans, phytoplankton blooms primarily governed by irradiance include the spring outburst, as well as the ice-edge, under-ice, winter, upwelling and estuarine blooms. Those primarily governed by nutrients comprise the tidal, summer, episodic and exceptional blooms. In addition, there are blooms of ice microalgae. Blooms reflect low recycling, and a large degree of uncoupling between increased primary production and grazing by zooplankton. As a consequence, they often result in high sedimentation of intact cells and faecal pellets. Microalgal blooms provide unique information on the potential fate (and not on the rate) of primary production in marine ecosystems. They have major effects on benthic and pelagic food webs, and are an essential condition for the great fisheries of temperate seas (Cushing, 1989). On the other hand, blooming systems have a high potential for exporting particulate organic matter from the euphotic layer, and th",https://doi.org/10.1093/plankt/12.4.681,"(priming OR conditioning OR ""transgenerational plasticity"" OR ""carryover effect"" OR ""developmental programming"" OR hardening OR acclimatization OR ""parental effect"" OR ""epigenetic memory"" OR preconditioning OR ""transgenerational immune priming"") AND (marine OR ocean OR estuarine OR oyster OR mussel OR clam OR scallop OR coral OR abalone OR ""sea urchin"" OR bivalve OR mollusc)"
openalex,lumpkin2007,10.1175/jpo3130.1,Lumpkin,2007,Global Ocean Meridional Overturning,"Abstract A decade-mean global ocean circulation is estimated using inverse techniques, incorporating air–sea fluxes of heat and freshwater, recent hydrographic sections, and direct current measurements. This information is used to determine mass, heat, freshwater, and other chemical transports, and to constrain boundary currents and dense overflows. The 18 boxes defined by these sections are divided into 45 isopycnal (neutral density) layers. Diapycnal transfers within the boxes are allowed, representing advective fluxes and mixing processes. Air–sea fluxes at the surface produce transfers between outcropping layers. The model obtains a global overturning circulation consistent with the various observations, revealing two global-scale meridional circulation cells: an upper cell, with sinking in the Arctic and subarctic regions and upwelling in the Southern Ocean, and a lower cell, with sinking around the Antarctic continent and abyssal upwelling mainly below the crests of the major bathymetric ridges.",https://doi.org/10.1175/jpo3130.1,"(priming OR conditioning OR ""transgenerational plasticity"" OR ""carryover effect"" OR ""developmental programming"" OR hardening OR acclimatization OR ""parental effect"" OR ""epigenetic memory"" OR preconditioning OR ""transgenerational immune priming"") AND (marine OR ocean OR estuarine OR oyster OR mussel OR clam OR scallop OR coral OR abalone OR ""sea urchin"" OR bivalve OR mollusc)"
openalex,clark2009,10.3354/meps08402,Clark,2009,"Acoustic masking in marine ecosystems: intuitions, analysis, and implication","Acoustic masking from anthropogenic noise is increasingly being considered as a threat to marine mammals, particularly low-frequency specialists such as baleen whales. Low-frequency ocean noise has increased in recent decades, often in habitats with seasonally resident populations of marine mammals, raising concerns that noise chronically influences life histories of individuals and populations. In contrast to physical harm from intense anthropogenic sources, which can have acute impacts on individuals, masking from chronic noise sources has been difficult to quantify at individual or population levels, and resulting effects have been even more difficult to assess. This paper presents an analytical paradigm to quantify changes in an animal's acoustic communication space as a result of spatial, spectral, and temporal changes in background noise, providing a functional definition of communication masking for free-ranging animals and a metric to quantify the potential for communication masking. We use the sonar equation, a combination of modeling and analytical techniques, and measurements from empirical data to calculate time-varying spatial maps of potential communication space for ",https://doi.org/10.3354/meps08402,"(priming OR conditioning OR ""transgenerational plasticity"" OR ""carryover effect"" OR ""developmental programming"" OR hardening OR acclimatization OR ""parental effect"" OR ""epigenetic memory"" OR preconditioning OR ""transgenerational immune priming"") AND (marine OR ocean OR estuarine OR oyster OR mussel OR clam OR scallop OR coral OR abalone OR ""sea urchin"" OR bivalve OR mollusc)"
openalex,theuerkauf2021,10.1111/raq.12584,Theuerkauf,2021,"Habitat value of bivalve shellfish and seaweed aquaculture for fish and invertebrates: Pathways, synthesis and next steps","Abstract Aquaculture can have negative environmental impacts, adding to the suite of anthropogenic stressors that challenge coastal ecosystems. However, a growing body of scientific evidence indicates that the commercial cultivation of bivalve shellfish and seaweed can deliver valuable ecosystem goods and services, including provision of new habitats for fish and mobile invertebrate species. We completed a systematic literature review of studies focused on understanding habitat‐related interactions associated with bivalve and seaweed aquaculture, and a brief meta‐analysis of 65 studies to evaluate fish and mobile macroinvertebrate populations at farms and reference sites. Bivalve and seaweed aquaculture were associated with higher abundance ( n = 59, range: 0.05× to 473×, median lnRR = 0.67) and species richness ( n = 29, range: 0.68× to 4.3×, median lnRR = 0.13) of wild, mobile macrofauna. Suspended or elevated mussel and oyster culture yielded the largest increases in wild macrofaunal abundance and species richness. We describe the major mechanisms and pathways by which bivalve and seaweed aquaculture may positively influence the structure and function of faunal communities—inclu",https://doi.org/10.1111/raq.12584,"(priming OR conditioning OR ""transgenerational plasticity"" OR ""carryover effect"" OR ""developmental programming"" OR hardening OR acclimatization OR ""parental effect"" OR ""epigenetic memory"" OR preconditioning OR ""transgenerational immune priming"") AND (marine OR ocean OR estuarine OR oyster OR mussel OR clam OR scallop OR coral OR abalone OR ""sea urchin"" OR bivalve OR mollusc)"
openalex,stevens2018,10.3354/meps12725,Stevens,2018,"Interactive effects of acidification, hypoxia, and thermal stress on growth, respiration, and survival of four North Atlantic bivalves","We investigated the individual and interactive effects of coastal and climate change stressors (elevated temperatures, acidification, and hypoxia) on the growth, survival, and respiration rates of 4 commercially and ecologically important North Atlantic bivalves: bay scallops Argopecten irradians, Eastern oysters Crassostrea virginica, blue mussels Mytilus edulis, and hard clams Mercenaria mercenaria. Month-long experiments were performed on multiple cohorts of post-set juveniles using conditions commonly found during summer months within eutrophied, shallow, temperate, coastal environments (24-31C; 2-7 mg O 2 l -1 ; pH T , total scale, 7.2-8.0). Elevated temperatures most consistently altered the performance of the bivalves, with both positive and negative physiological consequences. Low levels of dissolved oxygen (DO) and pH individually reduced the survival, shell growth, and/or tissue weight of each bivalve, with A. irradians being the most vulnerable species. Low DO also significantly increased respiration rates of A. irradians and M. mercenaria, evidencing a compensatory physiological response to hypoxia. M. edulis and M. mercenaria both displayed size-dependent vulnerability",https://doi.org/10.3354/meps12725,"(priming OR conditioning OR ""transgenerational plasticity"" OR ""carryover effect"" OR ""developmental programming"" OR hardening OR acclimatization OR ""parental effect"" OR ""epigenetic memory"" OR preconditioning OR ""transgenerational immune priming"") AND (marine OR ocean OR estuarine OR oyster OR mussel OR clam OR scallop OR coral OR abalone OR ""sea urchin"" OR bivalve OR mollusc)"
openalex,sutherland2004,10.3354/meps266273,Sutherland,2004,Disease and immunity in Caribbean and Indo-Pacific zooxanthellate corals,"Since the mid-1990s, coral diseases have increased in number, species affected, and geographic extent. To date, 18 coral diseases, affecting at least 150 scleractinian, gorgonian, and hydrozoan zooxanthellate species, have been described from the Caribbean and the Indo-Pacific. These diseases are associated with pathogens including bacteria, cyanobacteria, fungi, and protists and with abiotic stressors including elevated seawater temperature, sedimentation, eutrophication, and pollution. Etiologies of only 5 of the 18 coral diseases have been determined through fulfillment of Koch's postulates. Corals and other invertebrates utilize innate immune mechanisms including physiochemical barriers and cellular and humoral defenses against pathogens. Here we review the described coral diseases, known etiologies, and efforts to determine unknown etiologies. We define disease terms, discuss the limitations of Koch's postulates, describe alternative techniques for identifying disease-causing organisms, and review coral immunology.",https://doi.org/10.3354/meps266273,"(priming OR conditioning OR ""transgenerational plasticity"" OR ""carryover effect"" OR ""developmental programming"" OR hardening OR acclimatization OR ""parental effect"" OR ""epigenetic memory"" OR preconditioning OR ""transgenerational immune priming"") AND (marine OR ocean OR estuarine OR oyster OR mussel OR clam OR scallop OR coral OR abalone OR ""sea urchin"" OR bivalve OR mollusc)"
openalex,oberbeckmann2019,10.1146/annurev-marine-010419-010633,Oberbeckmann,2019,"Marine Microbial Assemblages on Microplastics: Diversity, Adaptation, and Role in Degradation","We have known for more than 45 years that microplastics in the ocean are carriers of microbially dominated assemblages. However, only recently has the role of microbial interactions with microplastics in marine ecosystems been investigated in detail. Research in this field has focused on three main areas: ( a) the establishment of plastic-specific biofilms (the so-called plastisphere); ( b) enrichment of pathogenic bacteria, particularly members of the genus Vibrio, coupled to a vector function of microplastics; and ( c) the microbial degradation of microplastics in the marine environment. Nevertheless, the relationships between marine microorganisms and microplastics remain unclear. In this review, we deduce from the current literature, new comparative analyses, and considerations of microbial adaptation concerning plastic degradation that interactions between microorganisms and microplastic particles should have rather limited effects on the ocean ecosystems. The majority of microorganisms growing on microplastics seem to belong to opportunistic colonists that do not distinguish between natural and artificial surfaces. Thus, microplastics do not pose a higher risk than natural pa",https://doi.org/10.1146/annurev-marine-010419-010633,"(priming OR conditioning OR ""transgenerational plasticity"" OR ""carryover effect"" OR ""developmental programming"" OR hardening OR acclimatization OR ""parental effect"" OR ""epigenetic memory"" OR preconditioning OR ""transgenerational immune priming"") AND (marine OR ocean OR estuarine OR oyster OR mussel OR clam OR scallop OR coral OR abalone OR ""sea urchin"" OR bivalve OR mollusc)"
openalex,wilt2002,10.2108/zsj.19.253,Wilt,2002,Biomineralization of the Spicules of Sea Urchin Embryos,"The formation of calcareous skeletal elements by various echinoderms, especially sea urchins, offers a splendid opportunity to learn more about some processes involved in the formation of biominerals. The spicules of larvae of euechinoids have been the focus of considerable work, including their developmental origins. The spicules are composed of a single optical crystal of high magnesium calcite and variable amounts of amorphous calcium carbonate. Occluded within the spicule is a proteinaceous matrix, most of which is soluble; this matrix constitutes about 0.1% of the mass. The spicules are also enclosed by an extracellular matrix and are almost completely surrounded by cytoplasmic cords. The spicules are deposited by primary mesenchyme cells (PMCs), which accumulate calcium and secrete calcium carbonate. A number of proteins specific, or highly enriched, in PMCs, have been cloned and studied. Recent work supports the hypothesis that proteins found in the extracellular matrix of the spicule are important for biomineralization.",https://doi.org/10.2108/zsj.19.253,"(priming OR conditioning OR ""transgenerational plasticity"" OR ""carryover effect"" OR ""developmental programming"" OR hardening OR acclimatization OR ""parental effect"" OR ""epigenetic memory"" OR preconditioning OR ""transgenerational immune priming"") AND (marine OR ocean OR estuarine OR oyster OR mussel OR clam OR scallop OR coral OR abalone OR ""sea urchin"" OR bivalve OR mollusc)"
openalex,romero2013,10.3354/dao02701,Romero,2013,"Occurrence, seasonality and infectivity of Vibrio strains in natural populations of mussels Mytilus galloprovincialis","Widespread and large-scale mortalities of bivalve molluscs significantly affect their production. A number of pathogens have been identified as the primary causes of death in oysters or clams, especially bacteria of the genus Vibrio. We evaluated the occurrence, seasonality and infectivity of Vibrio strains associated with natural mussel (Mytilus galloprovincialis) populations. In particular, different isolates of V. splendidus and V. aestuarianus were analysed because they were associated with major oyster mortalities in areas where mussels are cultured without presenting mortalities. The presence of both Vibrio spp. was analysed bimonthly in mussels, water, sediment, plankton and other associated fauna from 2 sites in Galicia (NW Spain), the region with the highest mussel production in Europe. Environmental factors were also considered. The pathogenicity of different Vibrio isolates was analysed by performing experimental infections in mussels with strains isolated from the field. Results showed that Vibrio populations were mainly influenced by changes in water temperature and salinity. V. splendidus was dominant during the warm months and V. aestuarianus was predominant througho",https://doi.org/10.3354/dao02701,"(priming OR conditioning OR ""transgenerational plasticity"" OR ""carryover effect"" OR ""developmental programming"" OR hardening OR acclimatization OR ""parental effect"" OR ""epigenetic memory"" OR preconditioning OR ""transgenerational immune priming"") AND (marine OR ocean OR estuarine OR oyster OR mussel OR clam OR scallop OR coral OR abalone OR ""sea urchin"" OR bivalve OR mollusc)"
openalex,cinner2009,10.1016/j.cub.2008.11.055,Cinner,2009,Linking Social and Ecological Systems to Sustain Coral Reef Fisheries,,https://doi.org/10.1016/j.cub.2008.11.055,"(priming OR conditioning OR ""transgenerational plasticity"" OR ""carryover effect"" OR ""developmental programming"" OR hardening OR acclimatization OR ""parental effect"" OR ""epigenetic memory"" OR preconditioning OR ""transgenerational immune priming"") AND (marine OR ocean OR estuarine OR oyster OR mussel OR clam OR scallop OR coral OR abalone OR ""sea urchin"" OR bivalve OR mollusc)"
openalex,jacquin2019,10.3389/fmicb.2019.00865,Jacquin,2019,Microbial Ecotoxicology of Marine Plastic Debris: A Review on Colonization and Biodegradation by the “Plastisphere”,"Over the last decades, it has become clear that plastic pollution presents a global societal and environmental challenge given its increasing presence in the oceans. A growing literature has focused on the microbial life growing on the surfaces of these pollutants called the ""plastisphere,"" but the general concepts of microbial ecotoxicology have only rarely been integrated. Microbial ecotoxicology deals with (i) the impact of pollutants on microbial communities and inversely (ii) how much microbes can influence their biodegradation. The goal of this review is to enlighten the growing literature of the last 15 years on microbial ecotoxicology related to plastic pollution in the oceans. First, we focus on the impact of plastic on marine microbial life and on the various functions it ensures in the ecosystems. In this part, we also discuss the driving factors influencing biofilm development on plastic surfaces and the potential role of plastic debris as vector for dispersal of harmful pathogen species. Second, we give a critical view of the extent to which marine microorganisms can participate in the decomposition of plastic in the oceans and of the relevance of current standard test",https://doi.org/10.3389/fmicb.2019.00865,"(priming OR conditioning OR ""transgenerational plasticity"" OR ""carryover effect"" OR ""developmental programming"" OR hardening OR acclimatization OR ""parental effect"" OR ""epigenetic memory"" OR preconditioning OR ""transgenerational immune priming"") AND (marine OR ocean OR estuarine OR oyster OR mussel OR clam OR scallop OR coral OR abalone OR ""sea urchin"" OR bivalve OR mollusc)"
openalex,zhao2012,10.1371/journal.pone.0046244,Zhao,2012,Transcriptomic Responses to Salinity Stress in the Pacific Oyster Crassostrea gigas,"BACKGROUND: Low salinity is one of the main factors limiting the distribution and survival of marine species. As a euryhaline species, the Pacific oyster Crassostrea gigas is considered to be tolerant to relative low salinity. The genes that regulate C. gigas responses to osmotic stress were monitored using the next-generation sequencing of whole transcriptome with samples taken from gills. By RNAseq technology, transcript catalogs of up- and down-regulated genes were generated from the oysters exposed to low and optimal salinity seawater. METHODOLOGY/PRINCIPAL FINDINGS: Through Illumina sequencing, we reported 1665 up-regulated transcripts and 1815 down-regulated transcripts. A total of 45771 protein-coding contigs were identified from two groups based on sequence similarities with known proteins. As determined by GO annotation and KEGG pathway mapping, functional annotation of the genes recovered diverse biological functions and processes. The genes that changed expression significantly were highly represented in cellular process and regulation of biological process, intracellular and cell, binding and protein binding according to GO annotation. The results highlighted genes rela",https://doi.org/10.1371/journal.pone.0046244,"(priming OR conditioning OR ""transgenerational plasticity"" OR ""carryover effect"" OR ""developmental programming"" OR hardening OR acclimatization OR ""parental effect"" OR ""epigenetic memory"" OR preconditioning OR ""transgenerational immune priming"") AND (marine OR ocean OR estuarine OR oyster OR mussel OR clam OR scallop OR coral OR abalone OR ""sea urchin"" OR bivalve OR mollusc)"
openalex,ardyna2020,10.1038/s41558-020-0905-y,Ardyna,2020,Phytoplankton dynamics in a changing Arctic Ocean,"Changes in the Arctic atmosphere, cryosphere and Ocean are drastically altering the dynamics of phytoplankton, the base of marine ecosystems. This Review addresses four major complementary questions of ongoing Arctic Ocean changes and associated impacts on phytoplankton productivity, phenology and assemblage composition. We highlight trends in primary production over the last two decades while considering how multiple environmental drivers shape Arctic biogeography. Further, we consider changes to Arctic phenology by borealization and hidden under-ice blooms, and how the diversity of phytoplankton assemblages might evolve in a novel Arctic ‘biogeochemical landscape’. It is critical to understand these aspects of changing Arctic phytoplankton dynamics as they exert pressure on marine Arctic ecosystems in addition to direct effects from rapid environmental changes. Ongoing Arctic changes are impacting phytoplankton. This Review considers recent primary productivity trends and the environmental drivers, as well as how these are changing, that drive phytoplankton diversity in the region.",https://doi.org/10.1038/s41558-020-0905-y,"(priming OR conditioning OR ""transgenerational plasticity"" OR ""carryover effect"" OR ""developmental programming"" OR hardening OR acclimatization OR ""parental effect"" OR ""epigenetic memory"" OR preconditioning OR ""transgenerational immune priming"") AND (marine OR ocean OR estuarine OR oyster OR mussel OR clam OR scallop OR coral OR abalone OR ""sea urchin"" OR bivalve OR mollusc)"
openalex,blondeaupatissier2014,10.1016/j.pocean.2013.12.008,Blondeau‐Patissier,2014,"A review of ocean color remote sensing methods and statistical techniques for the detection, mapping and analysis of phytoplankton blooms in coastal and open oceans","The need for more effective environmental monitoring of the open and coastal ocean has recently led to notable advances in satellite ocean color technology and algorithm research. Satellite ocean color sensors’ data are widely used for the detection, mapping and monitoring of phytoplankton blooms because earth observation provides a synoptic view of the ocean, both spatially and temporally. Algal blooms are indicators of marine ecosystem health; thus, their monitoring is a key component of effective management of coastal and oceanic resources. Since the late 1970s, a wide variety of operational ocean color satellite sensors and algorithms have been developed. The comprehensive review presented in this article captures the details of the progress and discusses the advantages and limitations of the algorithms used with the multi-spectral ocean color sensors CZCS, SeaWiFS, MODIS and MERIS. Present challenges include overcoming the severe limitation of these algorithms in coastal waters and refining detection limits in various oceanic and coastal environments. To understand the spatio-temporal patterns of algal blooms and their triggering factors, it is essential to consider the possib",https://doi.org/10.1016/j.pocean.2013.12.008,"(priming OR conditioning OR ""transgenerational plasticity"" OR ""carryover effect"" OR ""developmental programming"" OR hardening OR acclimatization OR ""parental effect"" OR ""epigenetic memory"" OR preconditioning OR ""transgenerational immune priming"") AND (marine OR ocean OR estuarine OR oyster OR mussel OR clam OR scallop OR coral OR abalone OR ""sea urchin"" OR bivalve OR mollusc)"
openalex,buehler1968,10.1016/0029-8018(68)90019-x,Buehler,1968,A summary of recent research on the nitinol alloys and their potential application in ocean engineering,,https://doi.org/10.1016/0029-8018(68)90019-x,"(priming OR conditioning OR ""transgenerational plasticity"" OR ""carryover effect"" OR ""developmental programming"" OR hardening OR acclimatization OR ""parental effect"" OR ""epigenetic memory"" OR preconditioning OR ""transgenerational immune priming"") AND (marine OR ocean OR estuarine OR oyster OR mussel OR clam OR scallop OR coral OR abalone OR ""sea urchin"" OR bivalve OR mollusc)"
openalex,blanco2018,10.3390/toxins10110453,Blanco,2018,Accumulation of Dinophysis Toxins in Bivalve Molluscs,"produce toxins that accumulate in bivalves when they feed on populations of these organisms. The accumulated toxins can lead to intoxication in consumers of the affected bivalves. The risk of intoxication depends on the amount and toxic power of accumulated toxins. In this review, current knowledge on the main processes involved in toxin accumulation were compiled, including the mechanisms and regulation of toxin acquisition, digestion, biotransformation, compartmentalization, and toxin depuration. Finally, accumulation kinetics, some models to describe it, and some implications were also considered.",https://doi.org/10.3390/toxins10110453,"(priming OR conditioning OR ""transgenerational plasticity"" OR ""carryover effect"" OR ""developmental programming"" OR hardening OR acclimatization OR ""parental effect"" OR ""epigenetic memory"" OR preconditioning OR ""transgenerational immune priming"") AND (marine OR ocean OR estuarine OR oyster OR mussel OR clam OR scallop OR coral OR abalone OR ""sea urchin"" OR bivalve OR mollusc)"
openalex,pik1967,10.2307/1539879,Pikó,1967,"AMOUNT, LOCATION, PRIMING CAPACITY, CIRCULARITY AND OTHER PROPERTIES OF CYTOPLASMIC DNA IN SEA URCHIN EGGS","1. Values of 8.26 ± 0.30 pg. (9.5 χ haploid amount) for Lytechinus pictus and 3.30 ± 0.25 pg. (4.3 χ haploid amount) for Strongylocentrotus purpuratus have been obtained for the DNA content per egg of these sea urchins. The methods involved repeated CsCl-buoyant density centrifugations, digestion of interfering polysaccharide, and monitoring of the procedures with added radioactively labeled DNA. The final determinations were made on material characterized by several criteria as highly purified. 2. Mitochondrial (M) and yolk (Y) fractions of differentially centrifuged homogenates of L. pictus eggs contain the bulk of the cytoplasmic DNA. It is uncertain to what extent the smaller variable amount (11.5 to 26.5%) found in the supernatant may be derived from breakdown of M- and Y-particles. 3. For distribution between M- and Y-fractions the best present value is considered to be about 3:1. Since yolk spherules are approximately one-third as numerous as mitochondria, the amount of DNA is estimated to be the same per particle, namely, 2.3 χ 10-17 grams. 4. Evidence is presented that the cytoplasmic DNA of eggs of L. pictus and S. purpuratus can serve as primer in a DNA-dependent RNA-syn",https://doi.org/10.2307/1539879,"(priming OR conditioning OR ""transgenerational plasticity"" OR ""carryover effect"" OR ""developmental programming"" OR hardening OR acclimatization OR ""parental effect"" OR ""epigenetic memory"" OR preconditioning OR ""transgenerational immune priming"") AND (marine OR ocean OR estuarine OR oyster OR mussel OR clam OR scallop OR coral OR abalone OR ""sea urchin"" OR bivalve OR mollusc)"
openalex,griffiths2017,10.1111/gcb.13642,Griffiths,2017,The importance of benthic–pelagic coupling for marine ecosystem functioning in a changing world,"Benthic-pelagic coupling is manifested as the exchange of energy, mass, or nutrients between benthic and pelagic habitats. It plays a prominent role in aquatic ecosystems, and it is crucial to functions from nutrient cycling to energy transfer in food webs. Coastal and estuarine ecosystem structure and function are strongly affected by anthropogenic pressures; however, there are large gaps in our understanding of the responses of inorganic nutrient and organic matter fluxes between benthic habitats and the water column. We illustrate the varied nature of physical and biological benthic-pelagic coupling processes and their potential sensitivity to three anthropogenic pressures - climate change, nutrient loading, and fishing - using the Baltic Sea as a case study and summarize current knowledge on the exchange of inorganic nutrients and organic material between habitats. Traditionally measured benthic-pelagic coupling processes (e.g., nutrient exchange and sedimentation of organic material) are to some extent quantifiable, but the magnitude and variability of biological processes are rarely assessed, preventing quantitative comparisons. Changing oxygen conditions will continue to hav",https://doi.org/10.1111/gcb.13642,"(priming OR conditioning OR ""transgenerational plasticity"" OR ""carryover effect"" OR ""developmental programming"" OR hardening OR acclimatization OR ""parental effect"" OR ""epigenetic memory"" OR preconditioning OR ""transgenerational immune priming"") AND (marine OR ocean OR estuarine OR oyster OR mussel OR clam OR scallop OR coral OR abalone OR ""sea urchin"" OR bivalve OR mollusc)"
openalex,pederson2006,10.1016/j.jembe.2006.04.010,Pederson,2006,Predation of the sea urchin Heliocidaris erythrogramma by rock lobsters (Jasus edwardsii) in no-take marine reserves,,https://doi.org/10.1016/j.jembe.2006.04.010,"(priming OR conditioning OR ""transgenerational plasticity"" OR ""carryover effect"" OR ""developmental programming"" OR hardening OR acclimatization OR ""parental effect"" OR ""epigenetic memory"" OR preconditioning OR ""transgenerational immune priming"") AND (marine OR ocean OR estuarine OR oyster OR mussel OR clam OR scallop OR coral OR abalone OR ""sea urchin"" OR bivalve OR mollusc)"
openalex,wilson2006,10.1111/j.1365-2486.2006.01252.x,Wilson,2006,Multiple disturbances and the global degradation of coral reefs: are reef fishes at risk or resilient?,"Abstract Increased frequency of disturbances and anthropogenic activities are predicted to have a devastating impact on coral reefs that will ultimately change the composition of reef associated fish communities. We reviewed and analysed studies that document the effects of disturbance‐mediated coral loss on coral reef fishes. Meta‐analysis of 17 independent studies revealed that 62% of fish species declined in abundance within 3 years of disturbances that resulted in &gt;10% decline in coral cover. Abundances of species reliant on live coral for food and shelter consistently declined during this time frame, while abundance of some species that feed on invertebrates, algae and/or detritus increased. The response of species, particularly those expected to benefit from the immediate loss of coral, is, however, variable and is attributed to erratic replenishment of stocks, ecological versatility of species and sublethal responses, such as changes in growth, body condition and feeding rates. The diversity of fish communities was found to be negatively and linearly correlated to disturbance‐mediated coral loss. Coral loss &gt;20% typically resulted in a decline in species richness of fi",https://doi.org/10.1111/j.1365-2486.2006.01252.x,"(priming OR conditioning OR ""transgenerational plasticity"" OR ""carryover effect"" OR ""developmental programming"" OR hardening OR acclimatization OR ""parental effect"" OR ""epigenetic memory"" OR preconditioning OR ""transgenerational immune priming"") AND (marine OR ocean OR estuarine OR oyster OR mussel OR clam OR scallop OR coral OR abalone OR ""sea urchin"" OR bivalve OR mollusc)"
openalex,boyd2018,10.1111/gcb.14102,Boyd,2018,Experimental strategies to assess the biological ramifications of multiple drivers of global ocean change—A review,"Marine life is controlled by multiple physical and chemical drivers and by diverse ecological processes. Many of these oceanic properties are being altered by climate change and other anthropogenic pressures. Hence, identifying the influences of multifaceted ocean change, from local to global scales, is a complex task. To guide policy-making and make projections of the future of the marine biosphere, it is essential to understand biological responses at physiological, evolutionary and ecological levels. Here, we contrast and compare different approaches to multiple driver experiments that aim to elucidate biological responses to a complex matrix of ocean global change. We present the benefits and the challenges of each approach with a focus on marine research, and guidelines to navigate through these different categories to help identify strategies that might best address research questions in fundamental physiology, experimental evolutionary biology and community ecology. Our review reveals that the field of multiple driver research is being pulled in complementary directions: the need for reductionist approaches to obtain process-oriented, mechanistic understanding and a requirem",https://doi.org/10.1111/gcb.14102,"(priming OR conditioning OR ""transgenerational plasticity"" OR ""carryover effect"" OR ""developmental programming"" OR hardening OR acclimatization OR ""parental effect"" OR ""epigenetic memory"" OR preconditioning OR ""transgenerational immune priming"") AND (marine OR ocean OR estuarine OR oyster OR mussel OR clam OR scallop OR coral OR abalone OR ""sea urchin"" OR bivalve OR mollusc)"
openalex,killworth1983,10.1029/rg021i001p00001,Killworth,1983,Deep convection in the World Ocean,"A brief discussion of, and a little speculation about, the relevance of the polar regions on climate is given. The main body of the paper gives a survey of the known deep convection areas of the world ocean. There are two distinct types of convection. The first is the classic sinking occurring on continental shelf slope systems, as typified by various locations around the Antarctic coast. The freezing of sea ice, and resulting brine ejection, creates dense salty water on the shelf which descends the slope under a balance of Coriolis, gravity, and frictional forces, entraining the surrounding warm deep water as it goes. The second process is the more recently observed open‐ocean convection, occurring in locations such as the Mediterranean, the Labrador Sea, and two locations in the Weddell gyre, and is hypothesized to occur in the Greenland Sea. Open‐ocean convection has many overall similarities in all these areas: it occurs in narrow (20–50 km) areas; it forms about 10 m³ s −l of deep water; it occurs only in regions of cyclonic mean circulation; more than one water mass in the mean circulation is involved; a preconditioning seems to be required; some surface forcing (cooling or s",https://doi.org/10.1029/rg021i001p00001,"(priming OR conditioning OR ""transgenerational plasticity"" OR ""carryover effect"" OR ""developmental programming"" OR hardening OR acclimatization OR ""parental effect"" OR ""epigenetic memory"" OR preconditioning OR ""transgenerational immune priming"") AND (marine OR ocean OR estuarine OR oyster OR mussel OR clam OR scallop OR coral OR abalone OR ""sea urchin"" OR bivalve OR mollusc)"
openalex,vereycken2022,10.1007/s10750-022-05057-7,Vereycken,2022,Bivalve molluscs as biosensors of water quality: state of the art and future directions,"Abstract Biological early warning systems (BEWSs) monitor the behaviour or physiology of living organisms as an indirect mechanism to sense local environmental changes, and have become a widely established tool for monitoring water pollution. Complementary to conventional chemical and physical techniques, their strength lies in the ability to continuously monitor water quality, providing direct and rapid warning of toxic discharges. Bivalve molluscs (mussels and clams) are ideal sensing organisms for BEWSs, owing to their: high water filtration capacity; sensitivity to numerous, diverse pollutants; considerable longevity; high abundance; and wide range of physical responses to environmental change. Two behavioural metrics of bivalves have dominated in ecotoxicological studies, and consequently spawned development into BEWSs: valve movements, typically measured using electromagnetic techniques; and bivalve cardiac activity, typically measured using infrared photoplethysmography. However, other, less studied bivalve behaviours may exhibit pollutant impacts, including shell growth and dissolution, premature egg/larval release, horizontal movement, and burial. Such metrics may, with fu",https://doi.org/10.1007/s10750-022-05057-7,"(priming OR conditioning OR ""transgenerational plasticity"" OR ""carryover effect"" OR ""developmental programming"" OR hardening OR acclimatization OR ""parental effect"" OR ""epigenetic memory"" OR preconditioning OR ""transgenerational immune priming"") AND (marine OR ocean OR estuarine OR oyster OR mussel OR clam OR scallop OR coral OR abalone OR ""sea urchin"" OR bivalve OR mollusc)"
openalex,venier2011,10.1186/1471-2164-12-69,Venier,2011,Insights into the innate immunity of the Mediterranean mussel Mytilus galloprovincialis,"BACKGROUND: Sessile bivalves of the genus Mytilus are suspension feeders relatively tolerant to a wide range of environmental changes, used as sentinels in ecotoxicological investigations and marketed worldwide as seafood. Mortality events caused by infective agents and parasites apparently occur less in mussels than in other bivalves but the molecular basis of such evidence is unknown. The arrangement of Mytibase, interactive catalogue of 7,112 transcripts of M. galloprovincialis, offered us the opportunity to look for gene sequences relevant to the host defences, in particular the innate immunity related genes. RESULTS: We have explored and described the Mytibase sequence clusters and singletons having a putative role in recognition, intracellular signalling, and neutralization of potential pathogens in M. galloprovincialis. Automatically assisted searches of protein signatures and manually cured sequence analysis confirmed the molecular diversity of recognition/effector molecules such as the antimicrobial peptides and many carbohydrate binding proteins. Molecular motifs identifying complement C1q, C-type lectins and fibrinogen-like transcripts emerged as the most abundant in the",https://doi.org/10.1186/1471-2164-12-69,"(priming OR conditioning OR ""transgenerational plasticity"" OR ""carryover effect"" OR ""developmental programming"" OR hardening OR acclimatization OR ""parental effect"" OR ""epigenetic memory"" OR preconditioning OR ""transgenerational immune priming"") AND (marine OR ocean OR estuarine OR oyster OR mussel OR clam OR scallop OR coral OR abalone OR ""sea urchin"" OR bivalve OR mollusc)"
openalex,donelson2016,10.1111/eva.12386,Donelson,2016,Transgenerational plasticity of reproduction depends on rate of warming across generations,"Abstract Predicting the impacts of climate change to biological systems requires an understanding of the ability for species to acclimate to the projected environmental change through phenotypic plasticity. Determining the effects of higher temperatures on individual performance is made more complex by the potential for environmental conditions experienced in previous and current generations to independently affect phenotypic responses to high temperatures. We used a model coral reef fish ( Acanthochromis polyacanthus ) to investigate the influence of thermal conditions experienced by two generations on reproductive output and the quality of offspring produced by adults. We found that more gradual warming over two generations, +1.5°C in the first generation and then +3.0°C in the second generation, resulted in greater plasticity of reproductive attributes, compared to fish that experienced the same increase in one generation. Reproduction ceased at the projected future summer temperature (31.5°C) when fish experienced +3.0°C for two generations. Additionally, we found that transgenerational plasticity to +1.5°C induced full restoration of thermally affected reproductive and offspri",https://doi.org/10.1111/eva.12386,"(priming OR conditioning OR ""transgenerational plasticity"" OR ""carryover effect"" OR ""developmental programming"" OR hardening OR acclimatization OR ""parental effect"" OR ""epigenetic memory"" OR preconditioning OR ""transgenerational immune priming"") AND (marine OR ocean OR estuarine OR oyster OR mussel OR clam OR scallop OR coral OR abalone OR ""sea urchin"" OR bivalve OR mollusc)"
openalex,lewison2014,10.1073/pnas.1318960111,Lewison,2014,"Global patterns of marine mammal, seabird, and sea turtle bycatch reveal taxa-specific and cumulative megafauna hotspots","Recent research on ocean health has found large predator abundance to be a key element of ocean condition. Fisheries can impact large predator abundance directly through targeted capture and indirectly through incidental capture of nontarget species or bycatch. However, measures of the global nature of bycatch are lacking for air-breathing megafauna. We fill this knowledge gap and present a synoptic global assessment of the distribution and intensity of bycatch of seabirds, marine mammals, and sea turtles based on empirical data from the three most commonly used types of fishing gears worldwide. We identify taxa-specific hotspots of bycatch intensity and find evidence of cumulative impacts across fishing fleets and gears. This global map of bycatch illustrates where data are particularly scarce--in coastal and small-scale fisheries and ocean regions that support developed industrial fisheries and millions of small-scale fishers--and identifies fishing areas where, given the evidence of cumulative hotspots across gear and taxa, traditional species or gear-specific bycatch management and mitigation efforts may be necessary but not sufficient. Given the global distribution of bycatch ",https://doi.org/10.1073/pnas.1318960111,"(priming OR conditioning OR ""transgenerational plasticity"" OR ""carryover effect"" OR ""developmental programming"" OR hardening OR acclimatization OR ""parental effect"" OR ""epigenetic memory"" OR preconditioning OR ""transgenerational immune priming"") AND (marine OR ocean OR estuarine OR oyster OR mussel OR clam OR scallop OR coral OR abalone OR ""sea urchin"" OR bivalve OR mollusc)"
openalex,reynaud2003,10.1046/j.1365-2486.2003.00678.x,Reynaud,2003,Interacting effects of CO<sub>2</sub> partial pressure and temperature on photosynthesis and calcification in a scleractinian coral,"Abstract We show here that CO 2 partial pressure ( p CO 2 ) and temperature significantly interact on coral physiology. The effects of increased p CO 2 and temperature on photosynthesis, respiration and calcification rates were investigated in the scleractinian coral Stylophora pistillata . Cuttings were exposed to temperatures of 25°C or 28°C and to p CO 2 values of ca. 460 or 760 μatm for 5 weeks. The contents of chlorophyll c 2 and protein remained constant throughout the experiment, while the chlorophyll a content was significantly affected by temperature, and was higher under the ‘high‐temperature–high‐ p CO 2 ’ condition. The cell‐specific density was higher at ‘high p CO 2 ’ than at ‘normal p CO 2 ’ (1.7 vs. 1.4). The net photosynthesis normalized per unit protein was affected by both temperature and p CO 2 , whereas respiration was not affected by the treatments. Calcification decreased by 50% when temperature and p CO 2 were both elevated. Calcification under normal temperature did not change in response to an increased p CO 2 . This is not in agreement with numerous published papers that describe a negative relationship between marine calcification and CO 2 . The confound",https://doi.org/10.1046/j.1365-2486.2003.00678.x,"(priming OR conditioning OR ""transgenerational plasticity"" OR ""carryover effect"" OR ""developmental programming"" OR hardening OR acclimatization OR ""parental effect"" OR ""epigenetic memory"" OR preconditioning OR ""transgenerational immune priming"") AND (marine OR ocean OR estuarine OR oyster OR mussel OR clam OR scallop OR coral OR abalone OR ""sea urchin"" OR bivalve OR mollusc)"
openalex,barber1983,10.1126/science.222.4629.1203,Barber,1983,Biological Consequences of El Niño,"Observations of the 1982-1983 El Niño make it possible to relate the anomalous ocean conditions to specific biological responses. In October 1982 upwelling ecosystems in the eastern equatorial Pacific began a series of transitions from the normal highly productive condition to greatly reduced productivity. The highly productive condition had returned by July 1983. Nutrients, phytoplankton biomass, and primary productivity are clearly regulated by the physical changes of El Niño. Evidence from 1982 and 1983 also suggests effects on higher organisms such as fish, seabirds, and marine mammals, but several more years of observation are required to accurately determine the magnitude of the consequences on these higher trophic levels.",https://doi.org/10.1126/science.222.4629.1203,"(priming OR conditioning OR ""transgenerational plasticity"" OR ""carryover effect"" OR ""developmental programming"" OR hardening OR acclimatization OR ""parental effect"" OR ""epigenetic memory"" OR preconditioning OR ""transgenerational immune priming"") AND (marine OR ocean OR estuarine OR oyster OR mussel OR clam OR scallop OR coral OR abalone OR ""sea urchin"" OR bivalve OR mollusc)"
openalex,botsford2009,10.1007/s00338-009-0466-z,Botsford,2009,Connectivity and resilience of coral reef metapopulations in marine protected areas: matching empirical efforts to predictive needs,"Design and decision-making for marine protected areas (MPAs) on coral reefs require prediction of MPA effects with population models. Modeling of MPAs has shown how the persistence of metapopulations in systems of MPAs depends on the size and spacing of MPAs, and levels of fishing outside the MPAs. However, the pattern of demographic connectivity produced by larval dispersal is a key uncertainty in those modeling studies. The information required to assess population persistence is a dispersal matrix containing the fraction of larvae traveling to each location from each location, not just the current number of larvae exchanged among locations. Recent metapopulation modeling research with hypothetical dispersal matrices has shown how the spatial scale of dispersal, degree of advection versus diffusion, total larval output, and temporal and spatial variability in dispersal influence population persistence. Recent empirical studies using population genetics, parentage analysis, and geochemical and artificial marks in calcified structures have improved the understanding of dispersal. However, many such studies report current self-recruitment (locally produced settlement/settlement from",https://doi.org/10.1007/s00338-009-0466-z,"(priming OR conditioning OR ""transgenerational plasticity"" OR ""carryover effect"" OR ""developmental programming"" OR hardening OR acclimatization OR ""parental effect"" OR ""epigenetic memory"" OR preconditioning OR ""transgenerational immune priming"") AND (marine OR ocean OR estuarine OR oyster OR mussel OR clam OR scallop OR coral OR abalone OR ""sea urchin"" OR bivalve OR mollusc)"
openalex,griffith2018,10.1007/s12237-018-0445-0,Griffith,2018,"Differential Mortality of North Atlantic Bivalve Molluscs During Harmful Algal Blooms Caused by the Dinoflagellate, Cochlodinium (a.k.a. Margalefidinium) polykrikoides","Blooms of the dinoflagellate, Cochlodinium ( a.k.a. Margalefidinium ) polykrikoides , have had deleterious effects on marine life across the Northern Hemisphere and, since the early 1990s, have become more frequent and widespread. While the toxic effects of C . polykrikoides have been well-described for finfish, the effects on bivalve molluscs are poorly understood, particularly in ecosystem and aquaculture settings. The purpose of this study was to characterize the comparative effects of C . polykrikoides blooms on North Atlantic bivalves and to identify the environmental factors that influence its toxic effects. The growth and survival of two age-classes (first- and second-year) of the northern quahog ( Mercenaria mercenaria ), the bay scallop ( Argopecten irradians ), and the eastern oyster ( Crassostrea virginica ) were quantified in surface deployments and at depth during annual bloom events in multiple locations across eastern Long Island (NY, USA), capturing a natural gradient in C . polykrikoides . In two consecutive years, scallops deployed within surface locations experienced significant mortality (75–100%) during short-term (1–2 weeks) but intense (> 1.5 × 10 4 cells mL ",https://doi.org/10.1007/s12237-018-0445-0,"(priming OR conditioning OR ""transgenerational plasticity"" OR ""carryover effect"" OR ""developmental programming"" OR hardening OR acclimatization OR ""parental effect"" OR ""epigenetic memory"" OR preconditioning OR ""transgenerational immune priming"") AND (marine OR ocean OR estuarine OR oyster OR mussel OR clam OR scallop OR coral OR abalone OR ""sea urchin"" OR bivalve OR mollusc)"
openalex,dame2002,10.1201/9781003040880,Dame,2002,Ecology of Marine Bivalves,"Bivalves, such as clams and oysters, are species having two-valved shells. In the marine ecosystem these species play a unique and essential role. This book examines the ecology of bivalves from an ecosystem or holistic view, taking into consideration their processes, interactions, and components. Studies of bivalves at the physical, organismic, and population levels are presented as foundations for understanding ecosystem processes. Ecology of Marine Bivalves: An Ecosystem Approach explores the potential use of bivalves as indicators and monitors of ecosystem health and describes experiments from the perspective of computer simulations, mesocosm studies, and field manipulation experiments. The theories of many areas of science support the various approaches. Concise reviews and more than 70 tables and figures give you rapid access to synthesized data about these keystone species.",https://doi.org/10.1201/9781003040880,"(priming OR conditioning OR ""transgenerational plasticity"" OR ""carryover effect"" OR ""developmental programming"" OR hardening OR acclimatization OR ""parental effect"" OR ""epigenetic memory"" OR preconditioning OR ""transgenerational immune priming"") AND (marine OR ocean OR estuarine OR oyster OR mussel OR clam OR scallop OR coral OR abalone OR ""sea urchin"" OR bivalve OR mollusc)"
openalex,ricciardi1998,10.3354/meps163245,Ricciardi,1998,Weight-to-weight conversion factors for marine benthic macroinvertebrates,"The measurement of macroinvertebrate biomass involves time-consuming procedures and the destruction of specimens. However, from simple wet weight (WW) measurements, conversion factors provide rapid estimates of ash-free dry weight (AFDW) that facilitate large-scale comparisons of secondary production and energy flow. From a compilation of published and unpublished data, we have calculated general conversion factors for 28 taxonomic groups of benthic marine macroinvertebrates, as well as for several species of commercial importance. Despite methodological and regional &fferences among studies, narrow confidence limits surrounded mean values for converting from WW to AFDW for polychaetes (16%), prosobranch gastropods (7.5%). bivalves (5.8%), amphipods (16%), and decapods (16.5 %).",https://doi.org/10.3354/meps163245,"(priming OR conditioning OR ""transgenerational plasticity"" OR ""carryover effect"" OR ""developmental programming"" OR hardening OR acclimatization OR ""parental effect"" OR ""epigenetic memory"" OR preconditioning OR ""transgenerational immune priming"") AND (marine OR ocean OR estuarine OR oyster OR mussel OR clam OR scallop OR coral OR abalone OR ""sea urchin"" OR bivalve OR mollusc)"
openalex,courrat2008,10.1016/j.ecss.2008.10.017,Courrat,2008,Anthropogenic disturbance on nursery function of estuarine areas for marine species,,https://doi.org/10.1016/j.ecss.2008.10.017,"(priming OR conditioning OR ""transgenerational plasticity"" OR ""carryover effect"" OR ""developmental programming"" OR hardening OR acclimatization OR ""parental effect"" OR ""epigenetic memory"" OR preconditioning OR ""transgenerational immune priming"") AND (marine OR ocean OR estuarine OR oyster OR mussel OR clam OR scallop OR coral OR abalone OR ""sea urchin"" OR bivalve OR mollusc)"
openalex,dinsdale2008,10.1371/journal.pone.0001584,Dinsdale,2008,Microbial Ecology of Four Coral Atolls in the Northern Line Islands,"Microbes are key players in both healthy and degraded coral reefs. A combination of metagenomics, microscopy, culturing, and water chemistry were used to characterize microbial communities on four coral atolls in the Northern Line Islands, central Pacific. Kingman, a small uninhabited atoll which lies most northerly in the chain, had microbial and water chemistry characteristic of an open ocean ecosystem. On this atoll the microbial community was equally divided between autotrophs (mostly Prochlorococcus spp.) and heterotrophs. In contrast, Kiritimati, a large and populated ( approximately 5500 people) atoll, which is most southerly in the chain, had microbial and water chemistry characteristic of a near-shore environment. On Kiritimati, there were 10 times more microbial cells and virus-like particles in the water column and these microbes were dominated by heterotrophs, including a large percentage of potential pathogens. Culturable Vibrios were common only on Kiritimati. The benthic community on Kiritimati had the highest prevalence of coral disease and lowest coral cover. The middle atolls, Palmyra and Tabuaeran, had intermediate densities of microbes and viruses and higher per",https://doi.org/10.1371/journal.pone.0001584,"(priming OR conditioning OR ""transgenerational plasticity"" OR ""carryover effect"" OR ""developmental programming"" OR hardening OR acclimatization OR ""parental effect"" OR ""epigenetic memory"" OR preconditioning OR ""transgenerational immune priming"") AND (marine OR ocean OR estuarine OR oyster OR mussel OR clam OR scallop OR coral OR abalone OR ""sea urchin"" OR bivalve OR mollusc)"
openalex,cole2008,10.1111/j.1467-2979.2008.00290.x,Cole,2008,Diversity and functional importance of coral‐feeding fishes on tropical coral reefs,"Abstract Fishes that feed from live corals (corallivores) are a conspicuous component of healthy coral reef environments. However, knowledge of the occurrence and ecological significance of this feeding mode is fragmentary. Historically, very few fish were considered capable of feeding from live coral, and those few that did were considered ecologically insignificant. More recently, the role of corallivores has been re‐evaluated; published records document 128 corallivorous fish species from 11 different families, with 69 of these belonging to the family Chaetodontidae. Other families, including the Labridae, Tetraodontidae, Balistidae, Monacanthidae, Pomacentridae and Scaridae, all have between seven and ten coral‐feeding species. One‐third of coral‐feeding fishes feed almost exclusively on corals, with more than 80% of their diet based on coral. Corallivorous fish show distinct prey preferences and consume only a small subset of available corals, usually the genera Acropora , Pocillopora and Porites . This selective predation by corallivores can limit abundance and distribution of preferred corals. Chronic predation by corallivores may also exacerbate effects of coral disturbance",https://doi.org/10.1111/j.1467-2979.2008.00290.x,"(priming OR conditioning OR ""transgenerational plasticity"" OR ""carryover effect"" OR ""developmental programming"" OR hardening OR acclimatization OR ""parental effect"" OR ""epigenetic memory"" OR preconditioning OR ""transgenerational immune priming"") AND (marine OR ocean OR estuarine OR oyster OR mussel OR clam OR scallop OR coral OR abalone OR ""sea urchin"" OR bivalve OR mollusc)"
openalex,yarra2016,10.1016/j.margen.2016.04.003,Yarra,2016,"Characterization of the mantle transcriptome in bivalves: Pecten maximus, Mytilus edulis and Crassostrea gigas",,https://doi.org/10.1016/j.margen.2016.04.003,"(priming OR conditioning OR ""transgenerational plasticity"" OR ""carryover effect"" OR ""developmental programming"" OR hardening OR acclimatization OR ""parental effect"" OR ""epigenetic memory"" OR preconditioning OR ""transgenerational immune priming"") AND (marine OR ocean OR estuarine OR oyster OR mussel OR clam OR scallop OR coral OR abalone OR ""sea urchin"" OR bivalve OR mollusc)"
openalex,sully2019,10.1038/s41467-019-09238-2,Sully,2019,A global analysis of coral bleaching over the past two decades,"Thermal-stress events associated with climate change cause coral bleaching and mortality that threatens coral reefs globally. Yet coral bleaching patterns vary spatially and temporally. Here we synthesize field observations of coral bleaching at 3351 sites in 81 countries from 1998 to 2017 and use a suite of environmental covariates and temperature metrics to analyze bleaching patterns. Coral bleaching was most common in localities experiencing high intensity and high frequency thermal-stress anomalies. However, coral bleaching was significantly less common in localities with a high variance in sea-surface temperature (SST) anomalies. Geographically, the highest probability of coral bleaching occurred at tropical mid-latitude sites (15-20 degrees north and south of the Equator), despite similar thermal stress levels at equatorial sites. In the last decade, the onset of coral bleaching has occurred at significantly higher SSTs (∼0.5 °C) than in the previous decade, suggesting that thermally susceptible genotypes may have declined and/or adapted such that the remaining coral populations now have a higher thermal threshold for bleaching.",https://doi.org/10.1038/s41467-019-09238-2,"(priming OR conditioning OR ""transgenerational plasticity"" OR ""carryover effect"" OR ""developmental programming"" OR hardening OR acclimatization OR ""parental effect"" OR ""epigenetic memory"" OR preconditioning OR ""transgenerational immune priming"") AND (marine OR ocean OR estuarine OR oyster OR mussel OR clam OR scallop OR coral OR abalone OR ""sea urchin"" OR bivalve OR mollusc)"
openalex,parker2021,10.1242/jeb.239269,Parker,2021,Transgenerational plasticity responses of oysters to ocean acidification differ with habitat,"Transgenerational plasticity (TGP) has been identified as a critical mechanism of acclimation that may buffer marine organisms against climate change, yet whether the TGP response of marine organisms is altered depending on their habitat is unknown. Many marine organisms are found in intertidal zones where they experience episodes of emersion (air exposure) daily as the tide rises and recedes. During episodes of emersion, the accumulation of metabolic carbon dioxide (CO2) leads to hypercapnia for many species. How this metabolic hypercapnia impacts the TGP response of marine organisms to climate change is unknown as all previous transgenerational studies have been done under subtidal conditions, where parents are constantly immersed. Here, we assess the capacity of the ecologically and economically important oyster, Saccostrea glomerata, to acclimate to elevated CO2 dependent on habitat, across its vertical distribution, from the subtidal to intertidal zone. Tidal habitat altered both the existing tolerance and transgenerational response of S. glomerata to elevated CO2. Overall, larvae from parents conditioned in an intertidal habitat had a greater existing tolerance to elevated CO",https://doi.org/10.1242/jeb.239269,"(priming OR conditioning OR ""transgenerational plasticity"" OR ""carryover effect"" OR ""developmental programming"" OR hardening OR acclimatization OR ""parental effect"" OR ""epigenetic memory"" OR preconditioning OR ""transgenerational immune priming"") AND (marine OR ocean OR estuarine OR oyster OR mussel OR clam OR scallop OR coral OR abalone OR ""sea urchin"" OR bivalve OR mollusc)"
openalex,reusch1999,10.2307/3546420,Reusch,1999,Macrophyte Canopy Structure and the Success of an Invasive Marine Bivalve,"In both terrestrial and aquatic environments introductions of non-indigenous species are continuing and represent one important component of global change. Negative biotic interactions by resident species may prevent successful invaders from becoming pests. Few experimental data are available on the presence and significance of such biotic resistance other than predation or competition. This study addresses the role of habitat structure provided by a native eelgrass (Zostera marina) canopy on growth and survival of the non-indigenous mussel Musculista senhousia, a habitat-modifying gregarious suspension feeder with strong effects on native infauna and eelgrass. In 2 southern California bays, a series of transplantation experiments using tagged mussels revealed that inside an eelgrass canopy, Musculista growth rates were reduced by more than half in 3 of 4 experiments compared to adjacent unvegetated areas. Musculista survival also decreased inside the vegetation in a 4-mo experiment. As one element of habitat structure, we tested the effects of eelgrass parch size, using natural (1 site) and planted (1 site) eelgrass patches of defined sizes. Growth rates of Musculista were highest",https://doi.org/10.2307/3546420,"(priming OR conditioning OR ""transgenerational plasticity"" OR ""carryover effect"" OR ""developmental programming"" OR hardening OR acclimatization OR ""parental effect"" OR ""epigenetic memory"" OR preconditioning OR ""transgenerational immune priming"") AND (marine OR ocean OR estuarine OR oyster OR mussel OR clam OR scallop OR coral OR abalone OR ""sea urchin"" OR bivalve OR mollusc)"
