study_id	doi	pmid	year	species	taxon	stressor	stressor_category	conditioning_stage	dose_treatment	duration	generations	transmission	challenge	persistence_days	multiple_timepoints	decay	readouts	direction	effect_magnitude	molecular_layers	concordance	applied_framing	replication	evidence_source	editorial_notice	notes	cluster
Parker_2012	10.1111/j.1365-2486.2011.02520.x	not reported	2012	Saccostrea glomerata	Bivalve	reduced pH (elevated pCO2)	pH/OA	Broodstock/adult	856 uatm pCO2 (pH_NBS 7.89-7.90) vs ambient 380-385 uatm (pH_NBS 8.19-8.20)	reproductive conditioning from gametogenesis to gravid stage; exact length not obtainable from accessible text (paywalled)	F0-F1	Both parents	elevated pCO2 856 uatm through larval development	~0	Yes	Not tested	larval shell growth; rate of development; larval survival; adult standard metabolic rate	Improved	larvae from pCO2-exposed adults were larger (~10% larger per Venkataraman et al. 2019 re-quote) and developed faster at elevated pCO2, with similar survival; selectively bred larvae more resilient than wild; adult SMR increased under elevated pCO2	None	Not evaluated	Aquaculture	wild and selectively bred (industry fast-growth) lines; tank replication not obtainable from accessible text	Abstract + citations	None found	Foundational S. glomerata transgenerational OA study that all later Parker/Ross work builds on; both a wild and a selectively bred line were used and the bred line was more OA-tolerant, confounding non-genetic priming with standing genetic variation; paywalled so duration and replication could not be extracted	Bivalve: temperature & pH
Parker_2015	10.1371/journal.pone.0132276	26147612	2015	Saccostrea glomerata	Bivalve	reduced pH (elevated pCO2)	pH/OA	Multiple	856 uatm pCO2 (pH_T 7.90, Omega_arag 1.95) vs ambient 385 uatm (pH_T 8.20, Omega_arag 3.43); TA 2329-2334 umol/kg, 24 C, salinity 34.5	F0 adults 5 weeks to gravid stage; F1 larvae 19-21 d to eyed stage; F1 adults re-exposed 5 weeks; F2 larvae 19 d; F2 spat 6 d	F0-F1-F2	Both parents	elevated pCO2 856 uatm re-applied to F1 adults (5 w) and to F2 larvae (19 d) and F2 spat (6 d)	~426	Yes	Persisted	F1 adult extracellular pH (pHe) and standard metabolic rate; F2 larval survival, % eyed, % abnormality, shell length; F2 spat shell growth and heart rate	Improved	F1 pCO2-history adults dropped only -0.30 pHe units at 856 uatm vs -0.43 in controls (MS=0.02, F=25.26, df=1, p<0.01); 73% of F2 pCO2-history larvae reached eyed stage at 856 uatm vs 50% of controls (MS=1408.33, F=10.56, p<0.05); F2 abnormality lower at elevated pCO2 (F=6.00, p<0.05); F2 spat grew faster and had higher heart rate at both pCO2 levels; whole-organism SMR increase did NOT differ between lines (F=132.96 for CO2, no line effect)	None	Not evaluated	Aquaculture	3 replicate 40 L tubs per treatment fed from 3 x 750 L header tanks; 50 adults per tub; gametes pooled from >=10 males and >=10 females per line; 3 replicate 200 L larval tanks per line; spat 3 x 30 individuals per line; 6 adults per line x treatment for pHe/SMR	Full text	None found	The single most important persistence result in bivalve conditioning: benefit survived 14 months of common-garden ambient CO2 in the field between F1 settlement and F1 adult re-exposure. Trade-off flagged by the authors: F2 pCO2-line larvae were SMALLER at 1 d post-fertilization (reduced maternal provisioning) yet outperformed controls by day 19, and the faster growth/heart rate may reflect selection for high metabolic rate, which narrows thermal windows and raises food demand. Group spawning (10x10 pooled) means natural selection on ~46% larval mortality cannot be separated from non-genetic inheritance	Bivalve: temperature & pH
Parker_2017	10.1098/rsbl.2016.0798	28202683	2017	Saccostrea glomerata	Bivalve	reduced pH (elevated pCO2) parental priming; larvae then challenged with pCO2 crossed with temperature, salinity and food	pH/OA	Broodstock/adult	parents 856 uatm vs 392 uatm pCO2; larval challenge factorially with 28 C vs 24 C, salinity 25 vs 35, half vs full algal diet	8 weeks, from the beginning of gametogenesis until gravid stage	F0-F1	Both parents	elevated pCO2 856 uatm alone and factorially combined with 28 C, salinity 25 and half food ration; 15 d larval rearing	~0	Yes	Not tested	larval shell length (15 d); % development to umbonate stage (9 d); % survival (through 15 d); larval standard metabolic rate (15 d)	Mixed	under elevated pCO2 alone larvae from pCO2-exposed parents were 8% larger (143.5 +/- s.e. 1.5 um vs 132.5 +/- s.e. 3.0 um) and developed faster; BUT total survival was lower (0.24 vs 0.30; F(1,28)=5.73, p<0.05) and there was 0% survival of pCO2-parent larvae by day 13 in the pCO2+temperature treatment and by day 15 in pCO2+temperature+salinity+food; larvae from pCO2-exposed parents had higher SMR	None	Not evaluated	Aquaculture	3 replicate parental tanks per exposure (6 experimental units); 3 replicate 20 L fertilization buckets per treatment per parental exposure; unbalanced ANOVA because all replicates died in some cells	Full text	None found	The canonical MALADAPTIVE case: the same parental OA priming that helps under OA alone is lethal under co-stressors, because the mechanism (elevated larval SMR) accelerates energy depletion. Egg size and total lipid did not differ between parental treatments, so the effect is not maternal provisioning. Authors note parents were primed with pCO2 only, not with the full stressor suite the larvae met, and that a longer parental exposure might have given a different result	Bivalve: temperature & pH
Parker_2021	10.1242/jeb.239269	not reported	2021	Saccostrea glomerata	Bivalve	reduced pH (elevated pCO2) crossed with tidal habitat (intertidal emersion vs subtidal immersion)	pH/OA	Broodstock/adult	elevated 1000 uatm vs ambient 400 uatm pCO2, crossed with intertidal (simulated daily emersion, metabolic hypercapnia) vs subtidal (constant immersion)	5 weeks of combined tidal x pCO2 reproductive conditioning to gravid stage	F0-F1	Both parents	larvae reared at ambient or elevated pCO2 for 48 h	~2	No	Not tested	larval shell size; % abnormality; % development; larval metabolic rate	Mixed	elevated pCO2 reduced larval size by 9% in offspring of subtidal parents but only 4% in offspring of intertidal parents (habitat x CO2 interaction), so intertidal-conditioned larvae at elevated pCO2 matched subtidal-conditioned larvae at ambient pCO2; however subtidal parents exposed to elevated pCO2 transmitted a beneficial carryover effect while intertidal parents exposed to elevated pCO2 transmitted NO improvement; parent habitat had no effect on % abnormality	None	Not evaluated	Aquaculture	n = 3 replicates per tidal x pCO2 treatment	Full text	None found	Natural conditioning contrast (tidal habitat) crossed with experimental OA in the laboratory. Key pattern: intertidal provenance buys higher baseline tolerance but COSTS the capacity for beneficial transgenerational plasticity, i.e. existing tolerance and inducible tolerance trade off. Implies TGP measured on subtidal broodstock will overestimate the benefit available across a species range. Only a 48 h post-fertilization assessment, so no persistence window	Bivalve: temperature & pH
Parker_2025	10.1016/j.marenvres.2025.107540	41015001	2025	Saccostrea glomerata	Bivalve	reduced pH (elevated pCO2)	pH/OA	Broodstock/adult	elevated 1000 uatm vs ambient 410 uatm pCO2	9 weeks of reproductive conditioning	F0-F1	Both parents	D-veliger larvae reared 48 h at ambient (410 uatm) or elevated (1000 uatm) pCO2	~2	No	Not tested	% development; % abnormality; shell length; larval respiration rate	Mixed	quoted: significant variability in TGP responses among families to elevated pCO2, with positive, negative, and neutral responses in larval offspring across the four families; per-family magnitudes not given in the abstract	None	Not evaluated	Aquaculture	4 genetically distinct families, within-family crosses	Abstract only	None found	Directly tests the assumption behind every other TGP row here: the species-average response hides families whose offspring are HARMED by parental priming. Any hatchery application therefore needs family-level screening. Paywalled, so doses beyond the two pCO2 levels, exact replication and effect sizes are unavailable	Bivalve: temperature & pH
Filippini_2025	10.1016/j.marpolbul.2025.118896	41202725	2025	Saccostrea glomerata	Bivalve	elevated temperature (ocean warming)	Temperature	Broodstock/adult	28 C (warm) vs 24 C (control)	~8 weeks during reproductive conditioning	F0-F1	Both parents	48 h larval exposure across a thermal gradient of 24.3-36.0 C; LT50 determined	~2	No	Not tested	% development; % abnormality; shell size; larval LT50	Mixed	larvae from warm (28 C) parents had greater development and lower abnormality but were SMALLER at higher temperatures than larvae from 24 C parents; parental warming raised larval LT50 by approximately 2.0 C in one of the two families	None	Not evaluated	Aquaculture	2 genetically distinct families, within-family crosses	Abstract only	None found	One of very few bivalve TGP studies using warming rather than OA as the conditioning stressor, and one of the only ones reporting a thermal-tolerance effect size (LT50 +2.0 C). Benefit is family-specific and traded off against larval size. Journal DOI is not yet in the Scite index (only the SSRN preprint 10.2139/ssrn.5269282 resolves there); DOI confirmed via PubMed and no editorial notices found on either record	Bivalve: temperature & pH
Goncalves_2016	10.1111/mec.13808	not reported	2016	Saccostrea glomerata	Bivalve	reduced pH (elevated pCO2)	pH/OA	Multiple	F2 challenge 625 uatm pCO2 (pH 7.87) vs ambient 387 uatm (pH 8.03); transgenerational acclimation applied over three consecutive generations	elevated pCO2 across three consecutive generations, then a 1 week F2 juvenile exposure before transcriptional analysis	F0-F1-F2	Both parents	elevated pCO2 625 uatm for 1 week (F2 juveniles)	~0	No	Not tested	targeted stress-response gene expression (ecSOD, catalase, peroxiredoxin 6, metabolism and cytoskeleton genes); no organismal performance endpoint	Not assessable	transgenerationally acclimated B2-line oysters had HIGHER expression of all differentially expressed genes (fold change >=1.4) than non-acclimated B2 under pCO2 stress, whereas pCO2-acclimated wild-type oysters showed widespread DOWNregulation under the same stress; transgenerational exposure altered both basal and inducible expression	Targeted qPCR	Discordant	Aquaculture	2 genetically distinct breeding lines (B2 disease-resistant fast-growing selected line vs wild type)	Full text	None found	The molecular counterpart to Parker's phenotypic TGP in the same species, and it shows the direction of transcriptional acclimation FLIPS with genetic background (up in the selected line, down in wild type). There is therefore no single molecular signature of successful priming in this species. No performance readout, so molecular-phenotypic concordance cannot be tested within the paper	Bivalve: temperature & pH
Gibbs_2021	10.1093/icesjms/fsab071	not reported	2021	Saccostrea glomerata; Magallana gigas (Crassostrea gigas)	Bivalve	reduced pH (elevated pCO2) and elevated temperature, orthogonal	Multiple	Broodstock/adult	orthogonal ambient vs elevated pCO2 and ambient vs elevated temperature; numeric levels not stated in the abstract	8 weeks of adult exposure, then 9 d larval rearing	F0-F1	Both parents	larvae reared 9 days under ambient or elevated pCO2	~0	No	Not tested	egg lipidome; larval morphology; larval lipidome	Mixed	quoted: parental exposure to warming and elevated pCO2 led to limited beneficial transgenerational responses for eggs and larvae of both species; S. glomerata larvae were more sensitive than C. gigas; both species had some capacity for TGP; authors conclude TGP may not be a panacea and does not act equally across species	None	Not evaluated	Aquaculture	not reported	Abstract only	None found	Important as an explicit negative/limited result from the same group that produced the strongest positive TGP findings, and one of the few designs conditioning parents with warming AND OA together. Doses, durations beyond the 8 w exposure, replication and effect sizes are behind a paywall; lipidomics is the only mechanistic layer and it is not paired with a molecular-epigenetic readout	Bivalve: temperature & pH
Pereira_2020	10.1371/journal.pone.0228527	32275675	2020	Ostrea angasi; Saccostrea glomerata	Bivalve	acute sublethal heat shock (stress inoculation) followed by chronic habitat warming	Temperature	Broodstock/adult	heat shock 26 C for 18 h then 28 C for 6 h (24 h total, +6 C then +2 C from 20 C) vs 20 C control; challenge = power-station thermal outfall, mean 24.56 +/- 4.59 C, daily max 32.81 +/- 0.39 C vs ambient site mean 20.06 +/- 3.85 C	24 h heat shock; 12 h ramp-down; ~1 week at ambient 20 C in the estuary; then ~7 months (May-Dec) field deployment	F0	Within-generation only	~7 months of continuous elevated field temperature at two power-station thermal outfalls	~220	No	Not tested	shell growth (mm/d); condition index; standard metabolic rate; total lipid and lipid class profile (TAG, phospholipids); survival	Mixed	O. angasi survival at elevated temperature was 80% in heat-shocked vs 53% in non-shocked oysters (and 100% vs 90% at ambient); PERMANOVA heat shock x temperature F=16.61, p<=0.04. BUT heat-shocked O. angasi grew LESS at ambient temperature (0.08 +/- 0.01 vs 0.10 +/- 0.01 mm/d), and shell growth at elevated temperature was ~10-fold lower than at ambient regardless of priming. S. glomerata shell growth was unaffected by temperature or heat shock; condition index fell with temperature in both species irrespective of priming. Elevated temperature lowered O. angasi TAG	None	Not evaluated	Both	5 baskets recovered (2 ambient, 3 elevated); 10 oysters per species per treatment per basket; 120 oysters at elevated and 80 at ambient temperature; SMR n=9-11 per species/treatment/basket; lipids n=5 (n=3 and n=2 for two heat-shock groups at one site)	Full text	None found	One of the few studies that quantifies the COST of priming: heat shock reduced ambient-temperature growth in O. angasi while raising survival under warming. Authors' own conclusion is that early stress inoculation does not enhance resilience and may not be a useful strategy for O. angasi restoration. They flag the 24 h shock as possibly too short for HSP accumulation or epigenetic shifts. Uses a thermal outfall as a real-world warming proxy, which also means the challenge was uncontrolled and multi-stressor	Bivalve: temperature & pH
Gurr_2020	10.1093/conphys/coaa024	32274068	2020	Panopea generosa	Bivalve	reduced pH (elevated pCO2, aragonite undersaturation)	pH/OA	Juvenile	initial exposure 2345 +/- 20 uatm pCO2, pH_T 7.31, Omega_arag 0.41 vs ambient 608 +/- 11 uatm, pH_T 7.8, Omega_arag 1.35; secondary exposure 2551 +/- 42 uatm, pH_T 7.27, Omega_arag 0.39 vs 506 +/- 5 uatm, pH_T 7.93, Omega_arag 1.60; ambient common garden 557 +/- 17 uatm, pH 7.9, Omega 1.46	initial 10 d exposure; 14 d ambient common garden; secondary 6 d reciprocal exposure; then 157 d ambient common garden	F0	Within-generation only	reciprocal 6 d elevated pCO2 (2551 uatm) at days 24-30, then 157 d ambient common garden	157	Yes	Strengthened	respiration rate (ug O2/h/mm shell length); shell length; survival	Improved	initial 10 d elevated pCO2 depressed respiration 25% (CO2 F=7.512, p=0.007) with no effect on shell length; respiration difference from initial treatment was still detectable after 14 d in ambient common garden (Welch t=2.673, p=0.015); shell length was reduced ~4% by initial and ~3.2% by secondary elevated pCO2 during the second encounter (F=15.821, p<0.001 and F=9.917, p=0.002); after 157 d in ambient common garden, initially-primed clams were 5.8% LARGER (F=5.228, p=0.023) and secondarily-exposed clams had 52.4% HIGHER respiration (F=13.008, p=0.001); all animals survived the 30 d exposure, 1-4 deaths per tray over grow-out	None	Not evaluated	Aquaculture	4 conical header tanks and 4 heath trays per treatment; 80 clams per tray (n=640 total); 2 trays per initial x secondary treatment combination in the reciprocal phase; respirometry 3 vials of 10 individuals per tray during exposures, 1 individual per vial at 157 d; 3 blank vials per tray	Full text	None found	Best-quantified persistence window in the bivalve literature (157 d common garden) and a rare STRENGTHENING rather than decay: the effect on shell length was absent at 14 d, negative at 30 d, and positive at 187 d. Authors are candid that a 5.8% size gain is unlikely to repay the feed needed to sustain 52% higher respiration, and that the shell response may partly reflect the second exposure being 0.04 pH units more severe than the first plus seasonal warming. Metabolic depression (not elevation) was the primed phenotype, opposite to Parker's S. glomerata	Bivalve: temperature & pH
Gurr_2022	10.1111/mec.16644	35947503	2022	Panopea generosa	Bivalve	reduced pH (elevated pCO2)	pH/OA	Juvenile	priming 2870 uatm pCO2 (pre-exposed) vs 921 uatm (naive); second exposure 754 (ambient) / 2750 (moderate) / 4940 uatm (severe); third exposure 967 vs 3030 uatm	110 d priming acclimation; 7 d second exposure; 7 d ambient recovery; 7 d third exposure	F0	Within-generation only	7 d at moderately (2750 uatm) and severely (4940 uatm) elevated pCO2, a 7 d ambient recovery, then a third 7 d exposure at 3030 uatm	0	Yes	Persisted	TagSeq whole-transcriptome gene expression, interpreted against companion phenotypes (shell growth, tissue biomass, total antioxidant capacity) from the same animals	Improved	pre-exposed geoducks frontloaded gene sets for stress and apoptosis/innate immune response, homeostasis, protein degradation and transcriptional modifiers, and remained responsive to later encounters (mitochondrial recycling and immune defence under elevated pCO2; energy metabolism and biosynthesis during ambient recovery); naive clams were enriched for fatty-acid degradation and glutathione components, interpreted as depletion of endogenous fuel; companion phenotype was reduced total antioxidant capacity plus increased shell growth and tissue biomass in primed clams	Transcriptome (RNA-seq)	Concordant	Aquaculture	N=8 per treatment at day 0 (end of priming); N=6 at day 7 and day 14 (one cell N=5); N=3-6 at day 21	Abstract + citations	None found	Longest conditioning dose in this table (110 d) and the only bivalve study that samples the transcriptome at the same timepoints as the phenotype, giving a genuine concordance test. Mechanism proposed is gene frontloading plus sustained histone-methyltransferase expression as the memory substrate. The 4940 uatm arm is important because it tests whether priming still helps at doses beyond the priming intensity	Bivalve: temperature & pH
Wang_2023	10.1016/j.scitotenv.2023.162112	36764539	2023	Crassostrea gigas	Bivalve	natural intertidal environment (daily emersion, thermal and desiccation fluctuation) plus a laboratory heat-shock challenge	Temperature	Broodstock/adult	wild intertidal vs subtidal provenance, then two generations of breeding in a common subtidal area; laboratory heat-shock dose not stated in the abstract	lifetime natural intertidal exposure of F0, then two generations of common-garden subtidal breeding; durations not stated in the abstract	F0-F1-F2	Both parents	laboratory heat shock applied to F1 and F2; non-stressed subtidal condition also assessed as a baseline	not reported	Yes	Persisted	oxidative-status and energy-related physiological phenotypes; thermal plasticity of those phenotypes within and across generations	Improved	intertidal-origin TGP influenced oxidation and energy phenotypes in non-stressed subtidal offspring for at least two generations; 1655 differentially methylated genes (42.83%) identified in F1 were retained in F2; 320 (14.74%) intertidal-F0 thermal-response DMGs were recovered in both F1 and F2, enriched for carbohydrate, lipid and energy metabolism, signal transduction and immune pathways	Methylation (WGBS)	Partial (42.83% of F1 DMGs retained to F2; 14.74% of F0 thermal-response DMGs shared across F0/F1/F2)	Aquaculture	not reported	Abstract only	None found	Natural conditioning contrast and the most explicit quantification anywhere in the bivalve literature of how much of a methylation signal survives into a second generation. Because the two-generation breeding was done in a common subtidal area, the retained signal cannot be re-induced by the environment. Heat-shock dose, exposure durations, persistence intervals and replication are all behind a paywall, which is why persistence_days is unreported for a study whose whole point is persistence	Bivalve: temperature & pH
Wang_2021	10.1016/j.envres.2021.111058	33757824	2021	Crassostrea gigas	Bivalve	natural intertidal vs subtidal tidal environment	Temperature	Broodstock/adult	wild intertidal vs subtidal provenance; offspring produced from each and reared in a common environment; no numeric dose (natural contrast)	lifetime natural residence of F0 adults; common-environment rearing of F1; durations not stated in the abstract	F0-F1	Both parents	none (baseline only) - divergence assessed in a common environment; phenotypes interpreted as heat-stress-resistance related	not reported	No	Persisted	phenotypic divergence between intertidal- and subtidal-origin lines; traits related to heat stress resistance; genome-wide DNA methylation	Not assessable	approximately 41% of genes differentially modified by DNA methylation between intertidal and subtidal adults were transmitted to the next generation with largely consistent direction of regulation; cross-generational genes enriched for GTPase activity, primary metabolic activity, autophagosomes and apoptosis; genetic structure between groups was undifferentiated, so divergence is environmentally rather than genetically induced	Methylation (WGBS)	Partial (~41% of environmentally induced DMGs inherited to F1 with consistent direction)	Aquaculture	not reported	Abstract only	None found	Natural conditioning contrast and the first quantification of inherited environmentally induced methylation in oysters; the companion/precursor to Wang et al. 2023. Strength is that genetic differentiation was explicitly ruled out. Weakness is that no explicit thermal-challenge assay, dose or persistence interval is given in the accessible text, so the phenotypic side of the concordance claim rests on trait descriptions rather than a challenge outcome	Bivalve: temperature & pH
Dang_2022	10.1111/mec.16751	36314404	2022	Crassostrea hongkongensis	Bivalve	reduced pH (ocean acidification) applied during larval development	pH/OA	Larva	low pH 7.4 vs control pH 8.0 (near-future OA scenario for the species habitat)	larval exposure to pH 7.4 or 8.0 (length not stated in the abstract), then 9 months field outplanting as post-metamorphic juveniles	F0	Within-generation only	outplanting for 9 months at two mariculture field sites with contrasting environmental stressors	~270	No	Persisted	growth and survival trade-off traits of outplanted juveniles; DNA methylome; transcriptome	Mixed	quoted: the larval carry-over OA effect had persistent impacts on the growth and survival trade-off traits of the outplanted juveniles, although the beneficial or adverse effect depended on the environmental conditions at the outplanted sites; site-specific plasticity with diverse DNA methylation-associated gene expression, signal transduction and endocrine system most enriched; highly methylated exons prevailed in metabolic and endocytic genes conserved across marine invertebrates	Methylation (WGBS); Transcriptome (RNA-seq)	Partial (site-specific methylation-associated expression tracks the site-specific direction of the phenotypic carryover)	Aquaculture	2 mariculture field sites; per-site replication not stated in the abstract	Abstract only	None found	The sign of the larval OA carryover FLIPS with the outplant environment, so priming is neither intrinsically beneficial nor harmful - it is a match/mismatch problem. 9 months in the field is one of the longest persistence windows in this table and the only one that couples methylome and transcriptome to a field outcome. Larval exposure duration and replication are not in the accessible text	Bivalve: temperature & pH
Lugue_2026	10.1002/ece3.73139	42017008	2026	Pinctada margaritifera	Bivalve	elevated temperature applied as embryonic developmental thermal priming	Temperature	Embryo	32 C (warm, described by the authors as an ecological extreme) vs 28 C control, applied to embryos 3-24 h post-fertilization until hatching	~21 h embryonic incubation at 32 C or 28 C, then 4 months rearing under common conditions at 28 C	F0	Within-generation only	sublethal thermal challenge at 34 C applied to spat after 4 months of common-garden rearing; thermal tolerance and performance assays	~120	No	Persisted	spat thermal tolerance; post-hatching survival; performance/growth; gene expression network structure	Mixed	early-life priming significantly ENHANCED spat thermal tolerance in one bi-parental family and REDUCED it in the other; in family A post-hatching survival declined from 17% in naive to 2-5% in primed cohorts; main molecular pathways of the 34 C heat-stress response were conserved across families and independent of priming treatment, with the priming memory detectable only as network reorganization in Unfolded Protein Response gene-regulatory modules	Transcriptome (RNA-seq)	Discordant (heat-stress transcriptional response at 34 C was conserved across families and independent of priming, while the organismal thermal-tolerance outcome reversed sign between families; only a network-preservation analysis recovered any molecular trace of priming)	Both	2 bi-parental progenies (families A and B) in a 2 x 2 factorial (priming x later challenge)	Abstract + citations	None found	Best example in this table of molecular and phenotypic signals disagreeing outright: standard differential-expression analysis found no priming signature, yet the phenotype flipped from benefit to harm between two families of the same species. Also a large survival cost (17% to 2-5% post-hatching survival in family A). Authors themselves caution that a 2 x 2 design over-simplifies the early-environment/later-phenotype relationship. Only pearl-oyster entry and only embryo-stage priming here	Bivalve: temperature & pH
Mackenzie_2022	10.1128/aem.01654-22	36342150	2022	Crassostrea gigas	Bivalve	seawater pH buffering with soda ash during the first 24 h of development (relief from ambient low pH rather than imposition of stress)	pH/OA	Embryo	soda ash pH-buffered vs ambient (unbuffered, naturally low aragonite saturation) seawater; numeric pH/Omega values not in the accessible text	24 h post-fertilization; both groups then reared under ambient pH for the remainder of larval development (to ~19 d post-fertilization)	F0	Within-generation only	laboratory disease challenge (Vibrio inoculation) and a simulated marine heatwave, applied separately to juveniles and to adults arising from the same larval run	not reported	Yes	Persisted	larval 16S microbiome; larval and juvenile immune and shell-development gene expression; larval growth and survival; juvenile and adult survival under Vibrio plus heatwave challenge	Worsened	larvae reared under buffered conditions showed an altered microbiome that was still evident in juveniles; REDUCED survival of both juveniles and adults from the buffered group under a simulated marine heatwave and Vibrio exposure relative to ambient-reared animals; no benefit of buffering for larval survival or size; authors conclude even minimal buffering results in a changed microbiome paralleled by increased later-life mortality	Targeted qPCR	Partial (the buffering-induced microbiome shift persisted into juveniles and paralleled the increased later-life mortality, but host immune gene expression did not give a clean matching signal)	Aquaculture	n=3 per treatment group per timepoint for microbiome and transcriptomics; larval sampling at 1,3,5,7,9,11,13,15,17,19 d post-fertilization; juvenile qPCR at 1,3,5 d post-inoculation; single larval run	Abstract + citations	None found	Reverse-polarity conditioning: REMOVING a stressor for 24 h made animals measurably worse months later, via the microbiome rather than the host epigenome. Directly challenges soda-ash buffering, a standard commercial hatchery mitigation for OA upwelling events. The number of days from the 24 h buffering window to the juvenile and adult challenges is not stated in the accessible text, which is why persistence_days is unreported despite this being a carryover study	Bivalve: temperature & pH
Donelan_2023	10.1111/gcb.16571	36541067	2023	Crassostrea virginica	Bivalve	diel-cycling hypoxia combined with elevated temperature	Multiple	Juvenile	factorial combination of two temperature treatments and two diel-cycling dissolved-oxygen treatments; numeric levels not stated in the abstract	exposure at 3 months of age, then re-exposure to the same factorial treatments 1 year later	F0	Within-generation only	re-exposure to the same factorial elevated temperature x diel-cycling hypoxia treatments 1 year after the first exposure	~365	Yes	Persisted	shell and tissue growth; nitrogen bioassimilation (reef-scale ecosystem service); relative investment in tissue vs shell	Mixed	carryover effects of SINGLE stressors generally reduced nitrogen bioassimilation and relative tissue investment, particularly in warm environments, with modelled reef-scale reductions in stored nitrogen as large as 41%; early-life exposure to MULTIPLE stressors generally allowed oysters to perform as well as unexposed controls; in some scenarios carryover effects increased modelled reef nitrogen storage	None	Not evaluated	Restoration	not reported	Abstract only	None found	Only study here that scales an individual carryover effect to an ecosystem service, with a headline 41% reduction in modelled reef nitrogen storage. The stressor ordering is the OPPOSITE of Parker 2017: single-stressor priming was harmful and multi-stressor priming was neutral. Because hypoxia is co-manipulated with temperature the thermal contribution cannot be isolated, and the numeric doses are behind a paywall	Bivalve: temperature & pH
Georgoulis_2021	10.1038/s41598-021-96617-9	34429490	2021	Mytilus galloprovincialis	Bivalve	sublethal heat hardening (repeated brief heat-shock bouts)	Temperature	Broodstock/adult	4 repeated bouts of 2.5 h at 27 C, each followed by 24 h recovery at 18 C, vs non-hardened controls held at 18 C; challenge temperatures 24, 26 and 28 C (1 C/h ramp) vs 18 C control	4 x (2.5 h at 27 C + 24 h recovery at 18 C), i.e. ~4 d of hardening, then 4 d recovery at 18 C before the challenge	F0	Within-generation only	chronic exposure to 24, 26 or 28 C for up to 10-15 d	4	Yes	Persisted	cumulative mortality; electron transport system (ETS) activity; phosphorylated AMPK; SOD, CAT and GR activities; mt-10/mt-20, hsp70, nd2, cox1, sod1/sod2, cat, gr mRNA; Hsp72/Hsp73 protein	Improved	at 28 C non-hardened mussels reached 85% mortality in the first week and 100% by day 10, whereas hardened mussels reached 30% by day 7 and 60% by day 10; at 26 C non-hardened mussels reached 55% mortality by day 10 vs 40% by day 15 in hardened mussels; no mortality in either group at 24 C; hardened mussels sustained higher ETS activity at 26 and 28 C, showed faster and stronger CAT and GR induction, and did NOT phosphorylate AMPK (indicating maintained ATP homeostasis); main effects of treatment, exposure time and their interaction all p<0.0001	Targeted qPCR	Discordant at 24 C (nd2 and cox1 mRNA were strongly upregulated in both groups yet ETS activity fell below the 18 C baseline, and hardening raised transcripts and antioxidant enzymes without any survival or aerobic-capacity benefit); Concordant at 26-28 C	Aquaculture	~300 mussels split across 3 aquaria per group during hardening; 4 x 500 L challenge tanks run in triplicate, 50-60 individuals per group per tank; n=8 individuals per group per timepoint (12 h, 1, 3, 5, 10 d)	Full text	None found	Clearest dose-threshold result in this table: hardening buys nothing at the pejus temperature (24 C) and roughly halves mortality at the pessimum (28 C), and the benefit only emerges after day 3 of the challenge. The 24 C case is a direct molecular/phenotypic mismatch - full transcriptional and antioxidant activation with no functional payoff. Note that heat hardening is formally defined by the authors as transient (<=32 h), so the 4 d gap used here sits at the hardening/acclimation boundary	Bivalve: temperature & pH
Zhao_2020	10.1016/j.scitotenv.2019.136420	31923699	2020	Ruditapes philippinarum	Bivalve	reduced pH (seawater acidification)	pH/OA	Broodstock/adult	reduced seawater pH 7.7 vs ambient pH 8.1	not reported (transgenerational exposure; exposure lengths not stated in the abstract)	F0-F1	Both parents	reduced seawater pH 7.7 applied to transgenerationally exposed and naive clams	not reported	No	Persisted	carbonic anhydrase, acid phosphatase and alkaline phosphatase activities; Na/K-ATPase and Ca/Mg-ATPase activities; glycogen, lipid and protein reserves	Mixed	clams with a transgenerational history had significantly HIGHER carbonic anhydrase activity than clams from ambient-pH parents, significantly increased Na/K-ATPase activity, and reduced net protein degradation; acid and alkaline phosphatase and Ca/Mg-ATPase showed no transgenerational response; tissue glycogen and lipid were significantly depleted under acidification REGARDLESS of transgenerational history, i.e. no transgenerational recovery of the energy budget	None	Discordant (ionoregulatory and calcification enzyme acclimation with no recovery of the energetic budget)	Aquaculture	not reported	Abstract only	None found	The clearest bivalve case of a biochemical acclimation signal and whole-organism energetics diverging: the ion-transport and calcification machinery acclimates across a generation while glycogen and lipid reserves are depleted just as much as in naive clams. The authors' own caveat is quotable - current understanding of transgenerational responses is limited by the achievable laboratory time window. Enzyme activities are not one of the schema's molecular layers, hence molecular_layers = None	Bivalve: temperature & pH
Zhao_2019	10.1016/j.scitotenv.2019.135501	31846816	2019	Ruditapes philippinarum	Bivalve	reduced pH (elevated pCO2, end-of-21st-century ocean acidification scenario)	pH/OA	Broodstock/adult	elevated CO2 projected for the end of the 21st century vs ambient; numeric pH/pCO2 values not stated in the abstract	not reported (transgenerational exposure; exposure lengths not stated in the abstract)	F0-F1	Both parents	elevated CO2 during shell formation in transgenerationally exposed and naive clams	not reported	No	Persisted	shell trace-element composition (Mg, Sr, Cu, Zn, Ba, Pb) measured against ambient seawater chemistry	Not assessable	neither seawater pH nor transgenerational exposure affected shell Mg or Sr; elevated CO2 significantly increased shell Cu, Zn, Ba and Pb; transgenerational effects were significant specifically for Cu and Zn incorporation, attributed to a metabolic shift toward energetic efficiency improving discrimination against Cu and Zn at the calcification site	None	Not evaluated	Biomonitoring	not reported	Abstract only	None found	Same transgenerational Manila clam system as Zhao et al. 2020 but with a geochemical readout, so it is emitted as a separate row. Practically important and rarely flagged: transgenerational history itself changes shell trace-element chemistry, which undermines the use of bivalve shell trace elements as provenance tracers or environmental proxies under OA. No organismal performance endpoint, so direction is not assessable	Bivalve: temperature & pH
Xu_2024	10.1016/j.marenvres.2024.106561	38788476	2024	Ruditapes philippinarum	Bivalve	ocean acidity extreme (OAX) events, i.e. acidification beyond the end-of-century pH 7.7 scenario	pH/OA	Broodstock/adult	ocean acidity extreme conditions vs the end-of-century scenario pH 7.7 and ambient; OAX pH value not stated in the abstract	not reported (transgenerational exposure; exposure lengths not stated in the abstract)	F0-F1	Both parents	OAX conditions applied to embryos of transgenerationally exposed parents	~0	No	Not tested	embryonic development (progression past the trochophore stage); whole-transcriptome differential expression	Worsened	transgenerational exposure to OAX resulted in CESSATION of embryonic development at the trochophore stage; a large number of differentially expressed genes were significantly enriched and activated in energy metabolism, immunity and apoptosis pathways, indicating severe cellular damage; authors conclude transgenerational acclimation may not be a panacea for marine bivalves under OAX	Transcriptome (RNA-seq)	Concordant (activation of stress, immune and apoptosis pathways matches the developmental arrest)	None	not reported	Abstract only	None found	Defines the ceiling on transgenerational acclimation: the same species that shows biochemical TGP at pH 7.7 (Zhao et al. 2020) fails completely under extreme acidity, with development arresting outright. Strong counterweight to the optimistic Parker/Ross narrative. OAX dose, exposure durations and replication are all behind a paywall	Bivalve: temperature & pH
Venkataraman_2019	10.2983/035.038.0325	not reported	2019	Crassostrea gigas	Bivalve	reduced pH applied to IMMATURE adults, i.e. before reproductive conditioning	pH/OA	Broodstock/adult	low pH 7.31 vs ambient pH 7.82 (ambient pCO2 ~747 uatm); total alkalinity measured on days 5, 33 and 48	7 weeks of pH exposure, then 8 weeks in ambient common garden, then 4 weeks of reproductive conditioning (13 C to 23 C over 3 weeks at 1 C per 2 d, plus 1 week at 23 C) before strip-spawning	F0-F1	Maternal	none (baseline only) - all post-exposure holding, conditioning, spawning and larval rearing were at ambient pH	~120	No	Persisted	adult gonad maturation state and sex (histology, immediately post-exposure); larval abundance (4 months post-exposure)	Worsened	no observable effect of low pH on adult gonad maturation or sex immediately after the 7 week exposure, but larval abundance was significantly REDUCED in the low-pH maternal line 4 months after the exposure ended; authors attribute this to altered maternal provisioning or epigenetic modification acquired during early gametogenesis	None	Not evaluated	Aquaculture	3 experimental tanks x 20 oysters per treatment (60 per treatment); 20 oysters sampled for histology after acclimation; 10 oysters per treatment sampled for histology at the end of the pH exposure (ambient-pH tissues lost tank identity during processing)	Full text	None found	Unusual and important design: the stressor was applied to IMMATURE adults, fully removed for 8 weeks, and the effect still surfaced as reduced offspring number 4 months later - direct evidence for a programming window outside gametogenesis. The carryover is NEGATIVE at pH 7.31, more severe than Parker's 856 uatm (pH 7.90) which was positive, supporting dose-dependent flipping of carryover sign. Authors flag that hatcheries unable to control water chemistry may be inadvertently priming broodstock with negative consequences	Bivalve: temperature & pH
Martino_2026	10.1093/ismeco/ycag059	41987828	2026	Ruditapes philippinarum	Bivalve	sublethal thermal priming of the microbiome (donor clams thermally primed, microbiota isolated and transplanted into non-acclimated recipients)	Temperature	Broodstock/adult	thermal priming of donor clams followed by simulated heatwave conditions in recipients; numeric priming and heatwave temperatures not stated in the abstract	not reported (priming and heatwave durations not stated in the abstract)	F0	Within-generation only	simulated marine heatwave applied to non-acclimated clams that had received a microbiome transplant from thermally primed donors	not reported	No	Persisted	survival under simulated heatwave; antioxidant enzyme activity; host transcriptome; 16S microbial community composition	Improved	transplantation of a microbiome from heat-primed donors was sufficient to enhance host resilience and significantly prolonged survival under subsequent heat stress; mechanism attributed to adaptive microbiome shifts (Alphaproteobacteria and Gammaproteobacteria genera) promoting energy conservation, elevated antioxidant activity and broad DOWNregulation of host transcriptional pathways including suppressed autophagy	Transcriptome (RNA-seq)	Concordant (broad host transcriptional downregulation interpreted as an energy-efficient stress-mitigating state, matching the improved survival)	Aquaculture	not reported	Abstract only	None found	Decouples the conditioning memory from the host entirely: the priming was applied to donors and transferred by microbiota transplant, so the recipients were never themselves primed. This is a testable alternative mechanism for essentially every other row in this table, and a warning that host epigenetic explanations in field-collected or hatchery-reared bivalves may be confounded by microbiome transfer. Doses and durations not in the abstract	Bivalve: temperature & pH
Spencer_2020	10.1002/eap.2060	not reported	2020	Ostrea lurida	Bivalve	elevated winter temperature followed sequentially by elevated pCO2, applied to adults	Multiple	Broodstock/adult	elevated temperature +4 C (at 10 C) then elevated pCO2 +2204 uatm (at 3045 uatm) vs ambient, during winter months	sequential winter exposure to elevated temperature then elevated pCO2 (individual exposure lengths not obtained); offspring then reared 1 year in common conditions and deployed 3 months in the field	F0-F1	Both parents	3 month deployment of offspring in four estuarine bays with distinct environmental conditions	~455	Yes	Persisted	male and female gamete developmental stage; sex ratio; timing and daily magnitude of larval release; offspring survival in the field	Mixed	male gametes were more developed after elevated temperature and less developed after high pCO2, with no effect on female gametes or sex ratio; oysters previously exposed to elevated winter temperature released larvae EARLIER regardless of pCO2, and released more larvae per day when temperature was the sole treatment, but the temperature effect on larval production was NEGATED when pCO2 was also elevated; offspring of pCO2-exposed parents had higher survival in 2 of the 4 bays	None	Not evaluated	Restoration	3 hatchery-reared adult populations plus an additional cohort spawned from one of them; offspring deployed across 4 estuarine bays	Abstract + citations	None found	Two stressors act ANTAGONISTICALLY on the parental phenotype (winter warming accelerates spermatogenesis and advances spawning, elevated pCO2 cancels it) yet the pCO2 arm is the one that produces the beneficial offspring carryover - so parental cost and offspring benefit decouple. Carryover was context dependent (2 of 4 bays), echoing Dang et al. 2022. Also unusual in exposing adults outside the spring gametogenic window, which the authors argue is where most designs are unrealistic	Bivalve: temperature & pH
Waite_2021	10.1002/ecy.3565	34674265	2021	Mytilus californianus	Bivalve	natural thermal gradient across shoreline elevation (intertidal emersion heat stress)	Temperature	Broodstock/adult	warmer high-shore vs cooler low-shore natural thermal environments across a shoreline elevation gradient; numeric temperatures not obtained from the accessible text	lifetime field residence of adults at their natural shoreline elevation	F0-F1	Both parents	acute lethal thermal-limit assay applied to field-collected adults and, separately, to their larvae	not reported	No	Not tested	adult and larval lethal thermal limits; reproductive condition; egg diameter	Worsened	adult mussels from warmer habitats yielded LESS thermally tolerant larvae (negative carryover across one generation), while showing no clear difference in their own thermal tolerance; higher reproductive condition and larger egg diameters were found in low-stress (cooler) environments, indicating an energy-investment trade-off	None	Not evaluated	None	not reported	Abstract only	None found	Natural conditioning contrast, and one of the cleanest demonstrations that parental stress history can be transmitted as a COST rather than a benefit - the direct opposite of the Wang et al. intertidal-oyster results in the same kind of design. Also shows adult phenotype is a poor predictor of the offspring effect: adult tolerance did not vary with habitat while larval tolerance did. Mechanism proposed is reduced per-egg provisioning under thermal stress	Bivalve: temperature & pH
ChandraRajan_2023	10.1098/rspb.2022.1216	36651043	2023	Crassostrea hongkongensis	Bivalve	reduced pH (ocean acidification) with and without parental exposure history	pH/OA	Multiple	OA treatment pH 7.4; control pH not stated in the abstract	not reported (larval and juvenile exposure durations not stated in the abstract)	F0-F1	Both parents	elevated OA (pH 7.4) during larval and juvenile shell formation	~0	Yes	Not tested	shell micro- and nanostructure; directional shell fabrication; directional shell dissolution across larval (aragonite) and juvenile (calcite/aragonite) stages	No effect	under OA both larval and juvenile stages showed directional dissolution, with the earliest-formed shell layers dissolving first owing to longer exposure time; despite dissolution the shell micro- and nanostructure remained unaffected under OA, quoted as irrespective of parental exposure history	None	Not evaluated	Aquaculture	not reported	Abstract only	None found	An explicit NULL result for parental conditioning on a structural trait: parental OA history did not protect offspring shell ultrastructure, in contrast to the growth and development benefits reported for S. glomerata. Useful for calibrating which traits transgenerational plasticity can and cannot reach - biomineralization architecture appears to be outside its reach even when growth rate is not. Doses, durations and replication not in the accessible text	Bivalve: temperature & pH
Middlebrook_2008	10.1242/jeb.013284	18344478	2008	Acropora aspera	Coral/cnidarian	elevated temperature (sublethal pre-stress pulse)	Temperature	Broodstock/adult	pre-stress 31 C for 48 h vs ambient control (~27 C); bleaching challenge 34 C	48 h pre-stress pulse	F0	Within-generation only	6-day simulated bleaching event at 34 C	7; 14	Yes	Persisted	symbiont (Symbiodinium) density; photosynthetic efficiency (Fv/Fm); non-photochemical quenching; xanthophyll cycling	Improved	non-prestressed corals lost >40% of symbionts and had greater reduction in photosynthetic efficiency; prestressed corals showed decreased symbiont loss and more effective photoprotection	None	Not evaluated	None	not reported	Abstract + citations	None found	Classic thermal-history experiment: pre-stress applied either 1 or 2 weeks before the bleaching event, so this is one of the few designs with two explicit persistence windows; protection held at both. Authors caution acclimation cannot offset warming beyond 1-2 C. Full text paywalled; replication and exact control temperature not obtainable.	Coral / cnidarian
Bellantuono_2012	10.1098/rspb.2011.1780	21976690	2012	Acropora millepora	Coral/cnidarian	elevated temperature (sublethal preconditioning 3 C below bleaching threshold)	Temperature	Broodstock/adult	preconditioning 28 C (3 C below experimentally determined bleaching threshold) vs unheated control; challenge 31 C, ramped at 2 C/day	10 d preconditioning at 28 C	F0	Within-generation only	8 days at 31 C (hyperthermal challenge)	0	Yes	Persisted	bleaching (visual); Symbiodinium density; Symbiodinium ITS genotype; bacterial community (DGGE); host transcriptome	Improved	non-preconditioned corals bleached while preconditioned corals maintained Symbiodinium density over 8 d at 31 C; 9 genes separated preconditioned from non-preconditioned, 42 genes control vs preconditioned, 70 genes non-preconditioned vs control	Targeted qPCR; Transcriptome (RNA-seq)	Not evaluated	None	replicate tanks per treatment (n not resolved from accessible text); one nubbin sampled per replicate tank per timepoint	Full text	None found	Row merges the two companion papers reporting the SAME preconditioning experiment per one-row-per-experiment rule: Proc R Soc B 10.1098/rspb.2011.1780 (physiology, symbiont/bacterial genotyping) and Bellantuono et al. 2012 PLoS ONE 10.1371/journal.pone.0050685 / PMID 23226355 (cDNA microarray transcriptome). The PLoS ONE companion carries a published CORRECTION (notice DOI 10.1371/annotation/2b623dcd-9413-47b0-990d-c46c8e662ad4, 2013-10-21). Molecular layer is cDNA microarray, coded here as Transcriptome. Key finding: acquired tolerance was NOT explained by symbiont or bacterial community shifts, implicating host/symbiont physiological plasticity; apoptosis inhibition implicated.	Coral / cnidarian
Barshis_2013	10.1073/pnas.1210224110	23297204	2013	Acropora hyacinthus	Coral/cnidarian	elevated temperature; natural provenance contrast (highly variable vs moderately variable back-reef pool)	Temperature	Broodstock/adult	provenance contrast: highly variable (HV) pool (regularly >35 C, well above 30.2 C regional bleaching threshold) vs moderately variable (MV) pool; experimental challenge 'simulated bleaching stress' vs genetically identical control fragments held at normal temperature	natural lifetime residency in HV vs MV pool (no imposed laboratory preconditioning phase)	F0	Within-generation only	simulated bleaching stress (short-term tank heat stress)	not reported	No	Not tested	transcriptome-wide gene expression (RNA-seq); physiological resilience/bleaching	Improved	60 genes constitutively higher-expressed ('frontloaded') in resilient HV corals under control conditions; these transcripts were less up-regulated during heat stress in HV corals; 21 of 30 down-regulated genes showed lower baseline in HV controls	Transcriptome (RNA-seq)	Not evaluated	None	clonal fragment pairs (heated vs control) per colony; exact n not resolved from accessible text	Full text	None found	natural conditioning contrast (frontloading). NO experimental preconditioning phase - the contrast is purely provenance-based (Ofu, American Samoa HV vs MV pools) with a common heat challenge; authors explicitly state the acquired stress resistance results from natural exposure to pool extremes rather than a single laboratory mild stress. Frontloaded set includes HSPs, antioxidants, apoptosis regulators, tumour suppressors, innate immunity, cell adhesion.	Coral / cnidarian
Palumbi_2014	10.1126/science.1251336	24762535	2014	Acropora hyacinthus	Coral/cnidarian	elevated temperature; reciprocal transplant between thermally distinct reef pools	Temperature	Broodstock/adult	reciprocal transplant between a highly variable (HV) and a moderately variable (MV) back-reef pool at Ofu, American Samoa; set-point temperatures not obtainable (paywalled)	up to <2 years residency in destination pool	F0	Within-generation only	experimental heat stress (tank thermal challenge) after transplantation	not reported	No	Not tested	physiological performance (bleaching/photophysiology); transcriptome-wide gene expression	Improved	acclimatization and fixed (adaptive) effects contributed about equally to heat tolerance; in <2 years acclimatization achieved the same heat tolerance expected from strong natural selection over many generations	Transcriptome (RNA-seq)	Not evaluated	Restoration	not reported	Abstract only	None found	natural conditioning contrast plus an experimental transplant conditioning phase (destination pool = the conditioning treatment). Paywalled: exact transplant durations, challenge temperature, persistence window and replication not obtainable from accessible text. Companion/precursor to Barshis et al. 2013 in the same Ofu system.	Coral / cnidarian
Bay_2015	10.1093/gbe/evv085	25979751	2015	Acropora nana	Coral/cnidarian	elevated temperature, stable and diel-variable regimes	Temperature	Broodstock/adult	acclimation at 31 C (stable elevated) or 29-33 C (daily variable, mimicking local heat stress) vs 29 C ambient control	11 d acclimation; variable treatment cycled 29-33 C daily	F0	Within-generation only	acute heat stress: ramp 29 to 34 C over 3 h, 5 h hold at 34 C, return to 29 C overnight	0	Yes	Strengthened	chlorophyll a retained after heat stress (bleaching proxy); transcriptome-wide gene expression	Improved	corals acclimated to 31 C or 29-33 C retained significantly more chlorophyll a after acute heat stress than 29 C controls; heat resistance increased between days 0 and 2 and physiological change complete within 7-11 d; 893 contigs showed acclimation-dependent heat-stress response; no change in baseline expression during acclimation	Transcriptome (RNA-seq)	Discordant	None	3 colonies per tank, 2 tanks per acclimation treatment, 6 colonies per treatment, 18 colonies total; paired heated/control branches per colony	Full text	None found	Key result for the atlas: a diel-variable regime (29-33 C) produced as much acclimation as a stable +2 C regime. Tolerance increased over days 0-2 and 7-11 (strengthening with exposure length, assessed at multiple acclimation durations). Physiology changed WITHOUT baseline expression change - the effect is transcriptional response modulation (dampening), not frontloading; authors distinguish this short-term mode from a longer-term frontloading mode.	Coral / cnidarian
Putnam_2015	10.1242/jeb.123018	26246609	2015	Pocillopora damicornis	Coral/cnidarian	elevated temperature combined with elevated pCO2 (ocean acidification)	Multiple	Broodstock/adult	high treatment 28.9 C / 805 uatm pCO2 vs ambient 26.5 C / 417 uatm pCO2	exposure spanned the larval brooding period (exact duration not obtainable; paywalled)	F0-F1	Maternal	re-exposure of larvae to high temperature + high pCO2	not reported	No	Not tested	adult performance; larval size; larval metabolic rate (respiration)	Mixed	adults exposed to the high treatment performed worse; their larvae showed size differences and metabolic acclimation on re-exposure, which larvae from ambient parents did not	None	Not evaluated	None	not reported	Abstract + citations	None found	First evidence of cross-generational parental effects to combined warming and OA in a reef coral. Authors explicitly flag the two-sided interpretation: parental effects may either ameliorate stress via preconditioning OR amplify the negative parental response through LATENT effects on later life stages (potentially maladaptive). Paywalled: conditioning duration, persistence window and replication not obtainable.	Coral / cnidarian
Ainsworth_2016	10.1126/science.aac7125	27081069	2016	Acropora aspera	Coral/cnidarian	elevated temperature delivered as alternative temperature trajectories (protective sub-bleaching pre-stress vs single bleaching stress)	Temperature	Broodstock/adult	protective trajectory (sub-bleaching pre-stress pulse followed by relaxation, then bleaching stress) vs single bleaching-stress trajectory vs ambient control; exact set-point temperatures not obtainable (paywalled); field analysis expressed thermal stress in degree heating weeks and as degrees above local climatology	not reported (paywalled)	F0	Within-generation only	experimental bleaching-level thermal stress; plus 30 years of observed GBR thermal stress events	not reported	No	Not tested	coral cell mortality; symbiont loss (bleaching); frequency of protective temperature trajectories across the GBR (satellite SST, 1985-2014)	Improved	protective pre-bleaching stress decreased coral cell mortality and symbiont loss during bleaching by over 50%; 75% of past thermal stress events followed a protective trajectory; a local temperature increase of as little as 0.5 C removes the protective trajectory entirely	None	Not evaluated	None	not reported	Abstract + citations	None found	Flagship 'protective thermal trajectory' paper and the clearest documented LOSS of a protective mechanism: +0.5 C of local warming is enough to eliminate the naturally occurring pre-stress pulse, so the induced protection disappears not by decay within the animal but by disappearance of the priming cue. Paywalled: pre-stress temperature, duration, persistence window and replication all unobtainable - flagged as a priority re-extraction target if the PDF becomes available.	Coral / cnidarian
Hawkins_2017	10.1242/jeb.150391	27980125	2016	Exaiptasia pallida	Coral/cnidarian	elevated temperature (warm preconditioning)	Temperature	Broodstock/adult	preconditioning 30 C vs 26 C control; acute challenge 33 C	more than 7 weeks at 30 C	F0	Within-generation only	acute heating to 33 C	0	Yes	Persisted	holobiont respiration; symbiont photosynthetic activity; citrate synthase and mitochondrial ETC complex I, II and IV activities; symbiont loss (bleaching)	Improved	bleaching (significant symbiont loss) delayed by several days in preconditioned anemones; preconditioning raised symbiont photosynthetic activity, holobiont respiration and biomass-normalised host citrate synthase and mETC complex I/IV activities; acute 33 C heating raised host mETC complex I and symbiont mETC complex II activity ONLY in thermally naive animals	None	Not evaluated	None	not reported	Abstract + citations	None found	Rare mechanistic (bioenergetic) preconditioning study in a cnidarian model; proposes host mitochondrial biogenesis/enlargement as the protective mechanism. Long conditioning phase (>7 weeks) relative to most coral priming studies. Full text paywalled: replication and exact assessment schedule not obtainable.	Coral / cnidarian
Klepac_2020a	10.1098/rspb.2020.1379	32811319	2020	Porites lobata	Coral/cnidarian	elevated temperature; transplant into a naturally highly variable thermal environment	Temperature	Broodstock/adult	transplant into highly variable (HV) back-reef pool (brief frequent excursions >35 C, vs regional bleaching threshold 30.2 C) vs native moderately variable (MV) and low variability (LV) pools; acute challenge maxima set ~1 C above the HV pool's mid-day low-tide average maximum, chosen to bleach >50% of fragments	6 and 12 months residency in the HV pool common garden	F0	Within-generation only	acute thermal stress assay (ramp programme) after 6 and after 12 months	~180; ~365	Yes	Not tested	photosynthetic efficiency (Fv/Fm); chlorophyll loss; growth	Worsened	HV-native P. lobata were the MOST bleaching-susceptible group compared with MV and LV natives; MV natives were unaffected by acute heat stress, with Fv/Fm approximately 1.2-1.8x higher in heated MV than heated HV and LV corals at both timepoints; transplants into the HV pool showed no improvement in growth or photophysiology	None	Not evaluated	None	60 ramets (~30 cm3), 4 per genet, distributed across two control and two heat tanks (n ~10-15 ramets per tank)	Full text	None found	natural conditioning contrast. STRONGEST 'preconditioning made it WORSE' result in this set: a year in the most thermally variable environment did not raise tolerance and HV natives were the most susceptible, directly contradicting Barshis 2013 / Palumbi 2014 in the same Ofu system. Confound flagged by authors: a regional thermal anomaly during the study (8 degree heating weeks in 2015, up to 5 DHW in 2016, vs <=3 DHW over the prior decade) may have exceeded HV natives' upper limits. Two persistence windows (6 and 12 months) make this one of the longest-window datasets available. | PERSISTENCE SEMANTICS: this value is an exposure / tracking window under continuous or repeated conditioning, NOT days elapsed after conditioning ended. Do not rank it against clean-recovery-gap rows such as Drury_2022 or Lafont_2017.	Coral / cnidarian
Klepac_2020b	10.1098/rspb.2020.1379	32811319	2020	Goniastrea retiformis	Coral/cnidarian	elevated temperature; transplant into a naturally highly variable thermal environment	Temperature	Broodstock/adult	transplant into highly variable (HV) back-reef pool vs native moderately variable (MV) and low variability (LV) pools; acute challenge maxima ~1 C above the HV pool's mid-day low-tide average maximum	6 and 12 months residency in the HV pool common garden	F0	Within-generation only	acute thermal stress assay (ramp programme) after 6 and after 12 months	~180; ~365	Yes	Not tested	photosynthetic efficiency (Fv/Fm); chlorophyll loss; growth	Mixed	no differences in Fv/Fm among native and transplanted groups, and no effect of heat treatment in January	None	Not evaluated	None	60 ramets (~30 cm3), 4 per genet, distributed across two control and two heat tanks (n ~10-15 ramets per tank); assayed on a separate day from P. lobata	Full text	None found	natural conditioning contrast. Separate row because the two species were assayed on different days with divergent outcomes. Null result: massive-morphology corals were unresponsive to a year of high thermal variability, so the 'variable environment = higher tolerance' rule appears to be morphology/taxon specific rather than general. | Direction revised from 'No effect' to 'Mixed' on verification: Fv/Fm showed no native-vs-transplant difference, but total chlorophyll fell significantly in MV and LV natives versus transplanted G. retiformis Jan->Jul 2016, and heat did affect G. retiformis in July -- a real transplant cost the original coding hid. | PERSISTENCE SEMANTICS: this value is an exposure / tracking window under continuous or repeated conditioning, NOT days elapsed after conditioning ended. Do not rank it against clean-recovery-gap rows such as Drury_2022 or Lafont_2017.	Coral / cnidarian
Majerova_2021	10.1111/mec.15988	34008873	2021	Pocillopora acuta	Coral/cnidarian	elevated temperature (sublethal thermal preconditioning)	Temperature	Broodstock/adult	three-day sublethal thermal preconditioning vs ambient control (described by Louis et al. 2025 as +3 C above ambient); absolute set points not obtainable (paywalled)	3 d preconditioning	F0	Within-generation only	acute heat stress	not reported	No	Not tested	bleaching; pro-survival vs pro-death gene expression ratio (pa-Bcl-2, pa-BI-1 vs pa-BAK, pa-BAX); acid phosphatase activity; caspase-3 activity	Improved	preconditioned corals bleached significantly less; pro-survival:pro-death expression ratio increased; Bcl-2 inhibitor treatment ABOLISHED the improved thermal tolerance	Targeted qPCR	Not evaluated	Restoration	not reported	Abstract + citations	None found	The only causal/interventional mechanism test in this set: pharmacological Bcl-2 inhibition removed the acquired tolerance, implicating programmed cell death (autophagy/symbiophagy rather than apoptosis, since acid phosphatase rose but caspase-3 did not). Authors also show the same expression shift in corals experiencing natural summer thermal maxima in Kaneohe Bay, Hawaii - a natural conditioning contrast alongside the experiment. Paywalled: temperatures, persistence window and replication not obtainable.	Coral / cnidarian
Rivera_2021	10.1242/jeb.236745	33547184	2021	Nematostella vectensis	Coral/cnidarian	elevated temperature (short-term heat stress regime, STHS)	Temperature	Broodstock/adult	parental short-term heat stress (STHS) ramp regime vs control adults held at 20 C; adult challenge 36 C for 6 h; larval challenge across a temperature gradient	STHS regime applied to adults prior to and during spawning (ramp regime; exact daily hold not obtainable)	F0-F1	Maternal	larval thermal tolerance across a temperature gradient (LT50); adult acute 6 h heat shock at 36 C	not reported	Yes	Decayed	larval LT50; larval mortality across temperature gradient; adult survival after heat shock; fertilized oocyte diameter; gametogenesis histology; targeted larval gene expression	Improved	parental heat exposure raised larval LT50 by a mean of 0.3 C consistently; larvae from heat-exposed Massachusetts parents reached thermal thresholds comparable to larvae from an unexposed, genetically distinct, more tolerant North Carolina population; adult survival after a 6 h 36 C heat shock differed significantly between STHS and control adults (p=0.03, Fisher exact test); no difference in fertilized oocyte diameter (p=0.28)	Targeted qPCR	Not evaluated	None	80 mixed-genotype adults per treatment for the adult hardening assay; paired population comparisons (Massachusetts and North Carolina); multiple larval families per cross	Full text	None found	One of only two studies here that DIRECTLY TESTED DECAY: larvae from subsequent spawns returned to baseline thermal thresholds once parents were returned to normal temperature, i.e. the parental effect is fully reversible/plastic rather than a persistent epigenetic mark. Authors attribute the dynamics to maternal effects acting on non-overlapping gametic cohorts. Same plasticity was inherent in both populations, so it is a species-level trait not a population quirk.	Coral / cnidarian
Weizman_2021	10.3390/ijms22147454	34299075	2021	Nematostella vectensis	Coral/cnidarian	field conditioning (natural variable marsh conditions) followed by heat exposure mimicking extreme summer field temperatures	Temperature	Broodstock/adult	field-conditioned animals (explanted to Great Sippewissett Marsh, Massachusetts) vs animals reared in the laboratory for over a year; heat exposure simulating natural extreme summer conditions at the marsh; absolute temperatures not obtainable from accessible text	1 month of field conditioning	F0	Within-generation only	short-term heat exposure mimicking extreme summertime field conditions	0	No	Not tested	chromatin accessibility (ATAC-seq promoter accessibility); transcriptome-wide gene expression (RNA-seq); enriched pathways	Not assessable	4462 heat-responsive accessible sites in field-conditioned vs 4633 in lab-cultured animals, with only 999 overlapping; field-conditioned animals mounted a narrower response enriched for DNA repair, lab animals a broader response including amino acid metabolism; genes up-regulated by heat in field-conditioned animals were already up-regulated pre-stress and stayed up (frontloading-like)	Chromatin; Transcriptome (RNA-seq)	Partial (999 of ~4500 heat-responsive accessible sites shared between conditioning groups)	None	not reported	Full text	None found	natural conditioning contrast (frontloading). Only study in this set with a CHROMATIN layer (ATAC-seq), which is exactly the mechanism layer the atlas is short on. No organismal performance readout under challenge, so direction is Not assessable - molecular efficiency only. Animals collected at dusk 12 h before sampling, so persistence window is effectively zero.	Coral / cnidarian
Wong_2021	10.1111/gcb.15629	33914388	2021	Porites astreoides	Coral/cnidarian	elevated temperature applied as a 'press-pulse-press' sequence (thermal regime of origin, then heat pulse, then transplant environment)	Temperature	Broodstock/adult	initial press: outer Rim reef (lower thermal variability) vs inner Patch reef (higher thermal variability), Bermuda; pulse: 30.4 C ex situ vs ambient control; final press: year-long reciprocal transplant between the two origin sites	21-day ex situ 30.4 C pulse applied during larval brooding, then a year-long adult reciprocal transplant	F0-F1	Maternal	the reciprocal transplant environment itself (foreign vs native site) for adults, and offspring physiology assays for larvae	~365	Yes	Persisted	photosynthesis; endosymbiont density; chlorophyll a; holobiont protein; respiration; larval size; offspring physiological plasticity	Mixed	the 21-day pulse drove significant declines in photosynthesis, endosymbiont density and chlorophyll a with bleaching-phenotype convergence across both origins; after transplant, photosynthesis was HIGHER in previously heated corals (recovery/overshoot); Rim-origin corals had higher respiration and photosynthesis and released larger larvae post-transplant; parental exposure to the pulse increased OFFSPRING PLASTICITY specifically when parents were transplanted to foreign sites	None	Not evaluated	None	adult colonies from two reefs; not further resolved	Abstract + citations	None found	Best-designed within-and-across-generation factorial here: separates 'press' thermal history of origin from a discrete 'pulse' heat event and from the recovery environment. Central finding for the atlas: the legacy of a heat pulse is CONTEXT-DEPENDENT - it only manifested as increased offspring plasticity when the recovery environment was novel, meaning the environment during recovery, not just the priming dose, determines whether a parental effect appears.	Coral / cnidarian
McRae_2021	10.1007/s00338-021-02123-9	34720373	2021	Pocillopora damicornis	Coral/cnidarian	elevated temperature (thermal conditioning of adult colonies)	Temperature	Broodstock/adult	heated adults 29.7 C +/- 0.3 (ramped from 26 C at +0.5 C/12 h over 3 days; set above any spring temperature but just below the 30.1 C summer mean at the source reef) vs control adults 26.2 C +/- 0.4; recruits reared at 26 C or 29.5 C	three consecutive reproductive cycles (March, April, May 2017)	F0-F1	Maternal	recruitment and recruit rearing at 29.5 C vs 26 C (reciprocal offspring temperature)	0	Yes	Not tested	reproductive timing in the lunar cycle; planula number; planula size; recruitment success; recruit survival; recruit size; recruit maximum quantum yield (Fv/Fm)	Worsened	heated colonies reproduced significantly earlier in the lunar cycle and produced fewer and smaller planulae; planulae from 29.5 C adults were significantly smaller in April (t=-2.77, p=0.013) and May (t=-5.71, p<0.001); recruits from heated parents were significantly smaller (April t=-5.08, p<0.001; May t=-14.14, p<0.001) and had lower Fv/Fm (April t=-4.23, p<0.001; May t=-3.65, p=0.002); recruitment was lower at the heated recruitment temperature regardless of parent treatment; recruit survival did not differ	None	Not evaluated	Restoration	24 adult colonies (12 control, 12 heated), 1 colony per tank; 24 planula containers per treatment set; six 26 C and six 29.5 C recruitment tanks (60 L)	Full text	None found	Clear MALADAPTIVE / no-benefit transgenerational result: no evidence that thermal conditioning of adults improved offspring performance in warmer water, and several offspring traits were significantly worse. Authors' caveat: source colonies already experienced chronic warm-water effluent from a nuclear power plant plus intermittent upwelling, which may have exhausted transgenerational acclimation capacity - a key design warning for anyone attempting assisted acclimatization on already thermally stressed broodstock.	Coral / cnidarian
Barott_2021	10.1073/pnas.2025435118	34050025	2021	Porites compressa; Montipora capitata	Coral/cnidarian	reciprocal transplantation between reefs differing in pH, salinity, dissolved oxygen, sedimentation and flow; followed by acute thermal challenge	Multiple	Broodstock/adult	reciprocal transplant between an Inner Lagoon and an Outer Lagoon patch reef (Kaneohe Bay, Hawaii) with distinct physicochemical regimes vs native controls; acute challenge ramped +1 C/day for 6 d to 32.0 C (local maximum monthly mean + 4 C) held 5 d, vs ambient treatment 26-28.6 C	6 months of acclimatization at the destination reef (transplant performed after 1 year of recovery from the 2015 bleaching event)	F0	Within-generation only	acute heat stress: +1 C/day for 6 d to 32.0 C (MMM + 4 C) held 5 d	~180	Yes	Not tested	light-enhanced dark respiration; Fv/Fm; photosynthesis; skeletal accretion/growth; survival; tissue energetics; reproductive output (egg-sperm bundle volume); composite fitness score	No effect	transplantation had NO influence on acute heat stress response - bleaching-resistant phenotypes were retained across environments, indicating a relatively fixed trait; in contrast growth was highly plastic and site-driven, and corals at the higher-flow, more variable Outer Lagoon reef had significantly higher fitness scores regardless of origin	None	Not evaluated	Restoration	160 fragments for the heat challenge (2 per genet per transplant history); 400 fragments re-measured at 6 months; reproductive output on 40 fragments (1 per parent per history) at 9-11 months; n=10 genets	Full text	None found	Directly relevant to restoration: heat tolerance travelled WITH the coral (fixed), so bleaching-resistant genotypes can be moved without losing the trait - but by the same token 6 months in a more variable environment did NOT confer additional tolerance. Growth/fitness were plastic while heat response was not, so the two traits decouple. Useful counterpoint to variable-environment conditioning claims.	Coral / cnidarian
Drury_2022	10.1038/s41467-022-32452-4	35970904	2022	Montipora capitata	Coral/cnidarian	elevated temperature delivered as four short-term pre-exposure profiles (constant high, pulse, pulse increase, pulse high)	Temperature	Broodstock/adult	four pre-exposure profiles between 28 C and 31.5 C (constant high, pulse, pulse increase, pulse high) accumulating 1.1-2.7 eDHW, with a ~9-fold range in rate of change (C/h), vs 28 C control	5 d pre-exposure (after 2 weeks indoor acclimation), then returned to the collection reef at ~2 m depth for recovery	F0	Within-generation only	tank stress test heated 28 C to 32.5 C over 10 d then held at 32.5 C	124	No	Persisted	photosynthetic efficiency (Fv/Fm) dose-response, ED10; bleaching; transcriptome-wide gene expression	Improved	ED10 significantly higher than unconditioned controls for the constant-high profile (bleached p=0.038; nonbleached p=0.003) and the pulse profile (bleached p=0.033; nonbleached p=0.029), 124 d after pre-exposure ended. NOTE: an earlier draft of this row quoted F=2.498, p=0.042 -- that ANOVA is on INITIAL Fv/Fm before the ramp and the authors explicitly discount it as driven by a single pulse-increase vs pulse-high comparison (Tukey HSD p=0.037).	Transcriptome (RNA-seq)	Partial	Restoration	10 genotypes; ~500 fragments total; 5-7 fragments per colony per treatment (n=299 returned to the reef); 2 replicate tanks per pre-exposure treatment; RNA from 50 designated fragments at 2 timepoints	Full text	None found	Longest persistence for a SHORT pre-exposure followed by full recovery in ambient conditions: 124 days (other rows report longer windows, but under continuous or repeated exposure rather than a clean recovery gap) (~4 months) after a 5-day pre-exposure, described by the authors as 'a striking expansion of the known duration of acclimatization effects in corals'. Two of four profiles worked, so profile shape (rate of change, pulse structure) matters as much as accumulated dose. Substantial cryptic genotype variation in acclimatization potential, and NO relationship to baseline tolerance, implying additive gains are possible. Caveat: no RNA sampled during the 124-day recovery, so the molecular persistence trajectory is unknown.	Coral / cnidarian
Ross_2022	10.7717/peerj.13112	35345587	2022	Montipora capitata; Montipora flabellata	Coral/cnidarian	elevated temperature (annual bleaching-level mesocosm conditioning) then outplanting to an ocean tree nursery	Temperature	Broodstock/adult	mesocosm conditioning at +2 C above the present-day 2-week O'ahu average (approximately 24 degree heating weeks per year of bleaching stress) vs ambient mesocosm control	approximately two years in mesocosms	F0	Within-generation only	natural warming event on the reef nursery reaching a peak of about 20-23 degree heating weeks (comparable to the mesocosm stress level)	not reported	Yes	Not tested	calcification/growth rate (buoyant weight); survival; partial and total mortality; paling/bleaching; predation	No effect	for both species, previous exposure to elevated temperature in the mesocosms provided NO benefit to growth or survival during the natural warming event on the coral trees; M. capitata growth variance was explained primarily by genotype (tank mean 9.43 +/- 0.404 vs tree 12.34 +/- 0.664 mg g-1 d-1); M. flabellata growth was explained by both genotype and culture method (tank 5.95 +/- 0.308 vs tree 3.72 +/- 0.227), i.e. tank performance did not predict tree performance	None	Not evaluated	Restoration	M. capitata 17 genotypes / 50 pooled ramets in tanks and 81 on trees; M. flabellata 13 genotypes / 41 in tanks and 48 on trees	Full text	None found	The key negative result for applied assisted acclimatization: two years of annual-bleaching-level stress hardening in mesocosms conferred no measurable advantage once fragments were outplanted to an in situ tree nursery and hit by a real 20-23 DHW warming event. Individual GENOTYPE, not preconditioning, dominated outcomes. Also shows tank growth performance does not transfer to nursery growth performance in one of the two species - a direct warning about mesocosm-based screening for restoration.	Coral / cnidarian
Galanto_2022	10.1007/s00338-022-02241-y	35368716	2022	Leptastrea purpurea	Coral/cnidarian	elevated temperature applied to parental colonies	Temperature	Broodstock/adult	parental colonies heated from 28 C to 30.5 C over one hour and held (30.5 C = Guam's warmest recorded 2018 temperature and the NOAA bleaching threshold; 1-4 C above site MMM) vs 28 C control; larvae and recruits then held at ambient	Experiment 1: 11 weeks; Experiment 2: 4 weeks (two consecutive years)	F0-F1	Maternal	none (baseline only) - larvae and recruits were assessed at ambient temperature, not re-challenged with heat	0	Yes	Not tested	larval production (number); larval size; settlement rate and substrate choice; post-settlement recruit survival; adult tissue colour (CoralWatch)	Improved	heat-treated colonies released significantly more larvae (Experiment 1: 234 larvae, 3.7/day vs control 115 larvae, 1.8/day over 64 days; p<0.001); larvae were significantly smaller overall (p<0.05; e.g. batch 1 0.55 +/- 0.03 vs control 0.7 +/- 0.05 mm); settlement rate and substrate choice unchanged; recruits from heated parents had significantly higher survival in the 4-week batch (Cox proportional hazards); no adult bleaching in either experiment	None	Not evaluated	None	6 flow-through tanks, 4 colonies per tank (3 heated tanks, 3 control); 3 larval collection batches; survival experiment n=35, 24 and 18 larvae for batches 1-3	Full text	None found	Interpreted by the authors as an anticipatory MATERNAL EFFECT (smaller but more numerous, preconditioned larvae) rather than damage. Important caveat for the atlas: offspring were never challenged with heat, so the supposed benefit under warming was NOT tested - the survival advantage appeared under benign conditions, raising the authors' own question of whether the effect is a warming-specific adaptation or a general fitness gain. Batch 2 and 3 survival comparisons were underpowered (18-24 larvae, 2-3 weeks) because of a COVID-19 laboratory closure.	Coral / cnidarian
Jiang_2022	10.1111/mec.16826	36528869	2022	Pocillopora damicornis	Coral/cnidarian	elevated temperature (parental heat acclimation during brooding)	Temperature	Broodstock/adult	adults ramped from 28.5 C at +0.5 C/day to 32 C (about 2 C above the local community bleaching threshold) and held, vs control at 29 C (mean summer ambient); larvae then reciprocally incubated at 28.9 C or 32.4 C	adult acclimation about 1 month (ramp began 25 September, held at 32 C until 27 October), spanning the development of the October larval cohort	F0-F1	Maternal	5-day larval exposure to 32.4 C vs 28.9 C (reciprocal transplant design)	0	No	Not tested	larval survival; thermal performance curves; symbiont density; Fv/Fm; photosynthesis and autotrophy; light-enhanced dark respiration; larval volume; host and symbiont transcriptomes (RNA-seq)	Improved	symbiont densities of larvae from CONTROL adults declined by 50% after 5 days at 32.4 C, whereas larvae from heat-acclimated adults showed zero change at 32.4 C and doubled symbiont populations at 28.9 C; heat-acclimated adults themselves lost 50% of symbionts; peak larval release occurred 4 days earlier and peak-release larval numbers were twice the control; larval volume and Fv/Fm at release did not differ	Transcriptome (RNA-seq)	Not evaluated	None	3 colonies per treatment released larvae; 8 tanks (4 at 28.9 C, 4 at 32.4 C) for the larval exposure; larvae in beakers/glass vials with daily water exchange	Full text	None found	Strong beneficial transgenerational result with an explicit COST: improved larval heat tolerance was paralleled by reduced light-enhanced dark respiration, i.e. metabolic depression - a documented energetic trade-off. Note the parental dose was severe enough to bleach the adults (50% symbiont loss), so the benefit to larvae was purchased with adult damage. Symbiont molecular coordination (light harvesting, photoprotection, carbon fixation) and shifted nutrient translocation toward the host were detected in larvae from acclimated adults.	Coral / cnidarian
Glass_2023	10.7717/peerj.16574	38077426	2023	Nematostella vectensis	Coral/cnidarian	elevated temperature (acute hormetic heat priming across a dose series)	Temperature	Larva	priming for 1 h at 24 C, 30 C, 35 C or 39 C vs 18 C control (all sublethal at 1 h), applied at 3 days post-fertilization; animals returned to 18 C	1 h priming at 3 DPF	F0	Within-generation only	acute heat stress dose-response assays (1 h at peak temperatures 39-43 C, then 48 h at 18 C before scoring) to derive LT50	1; 4; 8; and to 6 weeks post-fertilization in a second cohort	Yes	Decayed	body column length; juvenile tentacle number; developmental progression (proportion still planula); respiration rate; total protein; LT50; HSP70 protein expression (western blot)	Mixed	priming at 24, 30 or 35 C significantly augmented growth and development and significantly raised LT50 at ALL timepoints (4, 7 and 11 DPF) relative to controls and 39 C-primed animals; priming at 39 C hampered development, leaving about 40% of larvae still in the planula stage at 11 DPF versus 0% in every other group, and produced an HSP70 doublet band indicating persistent disruption of protein homeostasis; total protein and respiration were unaffected; in a second cohort raised to 6 weeks post-fertilization the hormetic GROWTH benefit persisted but the heat-tolerance benefit was LOST, while the negative effects of 39 C priming persisted	None	Not evaluated	None	200 larvae per tube, 3 replicate tubes per priming temperature (n=600 larvae per temperature), 5 priming temperatures; second independent cohort for the 6-week timecourse	Full text	None found	The single most informative study in this set on both HORMESIS and DECAY. Explicit dose-response: intermediate priming helps, the highest sublethal dose (39 C) WORSENS development and protein homeostasis - a genuine inverted-U. And it is the only study that tracked the same induced state to a long timepoint and showed the protective component DECAYED (heat tolerance benefit gone by 6 WPF) while a different component (growth) persisted and the damage from over-priming also persisted. Different traits therefore have different decay constants.	Coral / cnidarian
HazratyKari_2023	10.1016/j.marpolbul.2023.115060	37207392	2023	Acropora tenuis	Coral/cnidarian	elevated temperature (larval thermal conditioning)	Temperature	Larva	larval exposure to thermal stress ~31 C vs ambient ~26 C; juveniles later challenged at thermal stress temperature	larval-stage exposure (duration not stated in accessible text), then settlement on preconditioned tiles	F0	Within-generation only	14 days of thermal stress applied to juveniles	28	No	Decayed	settlement success; juvenile survival under thermal stress	No effect	thermal stress in the larval stage did not alter the thermal tolerance of juveniles and juveniles could not acclimate to heat stress	None	Not evaluated	Restoration	not reported	Abstract only	None found	Valuable NULL result with a clean, explicitly stated persistence window: 28 days at ambient between larval conditioning and the juvenile challenge, and by then no benefit remained. Contrasts with Glass 2023 (larval priming benefit detectable at 1-8 days but gone by 6 weeks) - together the two suggest larval thermal priming in cnidarians has a persistence window measured in days to a few weeks, not months. Larval exposure duration and replication not obtainable (paywalled).	Coral / cnidarian
Guerrero_2024	10.1111/eva.13757	39027686	2024	Acropora nana	Coral/cnidarian	elevated temperature (thermal acclimation) then acute heat stress	Temperature	Broodstock/adult	acclimation at 31 C vs 29 C ambient control (a 2 C difference, sufficient to induce thermal acclimation); acute heat stress assay applied for 24 h	11 d acclimation (Day 0 and Day 11 sampling; Day 0 samples in the 31 C tank never actually experienced 31 C)	F0	Within-generation only	24 h acute heat stress assay	0	Yes	Persisted	chlorophyll concentration (bleaching proxy, from the parent experiment); gene-level DNA methylation; transcriptome-wide gene expression; transcriptional response modulation (amplified vs dampened genes)	Improved	31 C-acclimated corals retained higher chlorophyll after heat stress than 29 C-acclimated corals after 11 days; 446 genes showed a DAMPENED and 206 an AMPLIFIED heat-stress response after acclimation; heat-response gene counts fell from 4714 (29 C Day 0) to 1368 (29 C Day 11) and 2285 (31 C Day 0); 416 of 15,837 genes differentially methylated after acclimation (205 hyper, 211 hypo); 451 of 16,531 genes differentially methylated by heat stress; acclimation caused no global change in CpG methylation (ANOVA p=0.434)	Methylation (WGBS); Transcriptome (RNA-seq)	Discordant (only 14 genes shared between dampened-expression and differentially methylated sets; 40 genes shared between acclimation and heat-stress DMG sets, chi-square p=4.02e-12; no overall correlation between magnitude of differential methylation and change in expression plasticity)	None	3 colonies per tank, 2 tanks per acclimation treatment, 6 colonies per treatment, 18 colonies total; 6 samples per treatment group for WGBS (48 samples); genotype not replicated across acclimation treatments	Full text	None found	The most important methylation result in this set and a NEGATIVE one for the epigenetic-mechanism hypothesis: transcriptional response modulation (the actual mechanism of acquired tolerance) occurs INDEPENDENTLY of the methylation changes induced by thermal acclimation - the two happen in largely separate gene sets with no correlation in magnitude. Uses archived samples from the Bay & Palumbi 2015 experiment (10.1093/gbe/evv085), so this row and Bay_2015 share a single physical experiment; reads were mapped to the A. millepora genome because no A. nana reference exists, and C-to-T substitutions could not be masked (author-acknowledged caveat). Design limitation: genotype not replicated across acclimation treatments.	Coral / cnidarian
Ferrara_2025	10.1021/acs.est.4c08640	40279456	2025	Galaxea fascicularis; Porites rus; Acropora muricata; Montipora digitata; Pocillopora verrucosa; Stylophora pistillata	Coral/cnidarian	elevated temperature: stable-high vs variable-high preconditioning regimes	Temperature	Broodstock/adult	stable-high (ST) 29 C and variable-high (VT) 29 +/- 1.5 C vs stable-ambient control 26 C	24 d preconditioning (after at least 10 weeks at 26 C), then acute heat stress assay, then 30 d recovery monitoring	F0	Within-generation only	short-term acute heat stress assay: 26 to 35 C over 3 h, 3 h hold at 35 C, return to 26 C over 2 h (repeated 2-3 times depending on species)	0 (challenge immediately after preconditioning); recovery assessed to 30 d post-challenge	Yes	Persisted	photosynthetic efficiency; bleaching intensity / tissue colour; survival; recovery trajectory over 30 days	Improved	stress-hardening succeeded in ALL preconditioned corals; preconditioning reduced the heat stress response by up to 90%, with variable-high slightly outperforming stable-high; in the two highest-survival species all ST and VT fragments survived while ambient-group survival was only 50% and 75%; ambient-preconditioned fragments of one species had not recovered photosynthetic efficiency or tissue colour within 30 days (p<0.05) whereas VT fragments fully recovered (p>0.05); BUT both high-temperature regimes significantly lowered baseline photosynthetic efficiency and/or tissue colour in 4 of 6 species	None	Not evaluated	Restoration	432 fragments total; 4-8 colonies per species, each cut into 12 fragments; per run 144 fragments across 12 tanks (6 heat, 6 control), 12 fragments per tank, 3 fragments per colony per tank; sample sizes per species n=8-16; three consecutive runs of two species each	Full text	None found	Most systematic multi-species stress-hardening trial available and the strongest evidence that a VARIABLE regime beats a stable one at equal mean. Critical TRADE-OFF documented: preconditioning itself degraded baseline physiology (tissue paling, lower photosynthetic efficiency) exclusively in the branching species, so the intervention has a cost even when it works. Species differed markedly in receptiveness, and species with high inherent tolerance recovered better - authors conclude low-tolerance, low-receptiveness species are poor candidates for this intervention. Persistence of the acquired tolerance itself (i.e. a gap between preconditioning and challenge) was NOT tested; the 30 days is post-challenge recovery.	Coral / cnidarian
Louis_2025a	10.1038/s41598-025-18617-3	41053335	2025	Pocillopora damicornis	Coral/cnidarian	elevated temperature (sublethal thermal preconditioning)	Temperature	Broodstock/adult	preconditioning 28 C (+3 C above the 25 C control; ramped +1 C/day) vs non-preconditioned and vs control held at 25 C throughout; acute stress 32 C (+8 C, the experimentally determined bleaching threshold)	7 d at 28 C, then -1 C/day back to 25 C and 5 d at 25 C, then +1 C/day to 32 C held 10 d	F0	Within-generation only	acute stress at 32 C (bleaching threshold) held for 10 days	~8 (3 d down-ramp plus 5 d at 25 C between the end of preconditioning and the start of the challenge ramp)	Yes	Decayed	visual bleaching onset; chlorophyll a and c2; Symbiodiniaceae density; antioxidant enzyme activities; lipid peroxidation (LPO); Hsp70 protein; hsp70 gene expression	Improved	non-preconditioned P. damicornis showed bleaching as early as Day 1 of acute stress whereas preconditioned nubbins showed no signs until Day 10; preconditioned corals maintained chlorophyll a and c2 and Symbiodiniaceae density longer, had higher antioxidant enzyme activity and lower LPO damage, and showed slower Hsp70 down-regulation / sustained Hsp70 above basal levels with delayed or reduced hsp70 transcription	Targeted qPCR	Partial	Restoration	8 nubbins per treatment group; duplicate aquaria per treatment (control, preconditioned, non-preconditioned); 4 sampling timepoints	Full text	None found	One of very few coral studies with a real gap (about 8 days at ambient) between the end of preconditioning and the challenge, and protection was still present - so the induced state survived at least a week. Coded as Decayed because protection was ultimately transient: preconditioned nubbins did bleach by Day 10 of sustained challenge, and necrosis appeared at Day 10 in both preconditioned and non-preconditioned corals. Preconditioning temperature (+3 C) was chosen following Majerova et al. 2021. Authors note no gene expression changes were detected during the preconditioning phase itself, consistent with Bay & Palumbi 2015, and suggest their 3-day recovery sampling may have missed the transient induction.	Coral / cnidarian
Louis_2025b	10.1038/s41598-025-18617-3	41053335	2025	Stylophora pistillata	Coral/cnidarian	elevated temperature (sublethal thermal preconditioning)	Temperature	Broodstock/adult	preconditioning 28 C (+3 C above the 25 C control; ramped +1 C/day) vs non-preconditioned and vs control held at 25 C throughout; acute stress 32 C (+8 C, the experimentally determined bleaching threshold)	7 d at 28 C, then -1 C/day back to 25 C and 5 d at 25 C, then +1 C/day to 32 C held 10 d	F0	Within-generation only	acute stress at 32 C (bleaching threshold) held for 10 days	~8 (3 d down-ramp plus 5 d at 25 C between the end of preconditioning and the start of the challenge ramp)	Yes	Decayed	visual bleaching onset; chlorophyll a and c2; Symbiodiniaceae density; antioxidant enzyme activities; lipid peroxidation (LPO); Hsp70 protein; hsp70 gene expression	Improved	non-preconditioned S. pistillata bleached at Day 3 of acute stress whereas preconditioned nubbins did not bleach until Day 10; preconditioned corals maintained chlorophyll and symbiont density longer with higher antioxidant activity and lower LPO; the acquired thermal tolerance lasted a SHORTER time in S. pistillata than in P. damicornis	Targeted qPCR	Partial	Restoration	8 nubbins per treatment group; duplicate aquaria per treatment; 4 sampling timepoints	Full text	None found	Separate row from the congeneric P. damicornis experiment because the paper's headline conclusion is a SPECIES-SPECIFIC difference in how long the acquired tolerance lasts (shorter in S. pistillata), which is exactly the persistence question the atlas targets. Same caveat: only one gap length was tested, so decay of the gap itself was not resolved - what was observed is decay of protection under sustained challenge.	Coral / cnidarian
DeMerlis_2025	10.1002/ece3.72108	41200252	2025	Acropora cervicornis; Pseudodiploria clivosa	Coral/cnidarian	elevated temperature applied as a diel-variable (thermally fluctuating) preconditioning regime	Temperature	Broodstock/adult	variable treatment: temperature raised from 28 C baseline to 31 C over 3 h, held at 31 C for 3 h, then returned to 28 C, TWICE PER DAY, vs stable 28 C control (baseline 28 C chosen as the average in situ temperature; 31 C selected as sublethal based on prior preconditioning studies)	28 d of twice-daily variability (after 30 d acclimation at 24 C and a 0.5 C/day ramp to 28 C)	F0	Within-generation only	rapid heat-stress assay applied immediately after the ex situ treatment	0	No	Not tested	host and Symbiodiniaceae gene expression (RNA-seq); thermal tolerance from the rapid heat-stress assay	Mixed	species-specific responses: A. cervicornis had a much greater transcriptional response than P. clivosa (583 vs 55 differentially expressed genes); in A. cervicornis key stress-response genes were significantly DOWN-regulated (peroxidases, nitric-oxide synthase, tumour necrosis factors) alongside UP-regulation of genes involved in histone modifications	Transcriptome (RNA-seq)	Not evaluated	Restoration	146-149 fragments per species (5 cm fragments); 8 x 90 L aquaria (4 variable, 4 control); fragments from each colony evenly distributed across tanks	Full text	None found	Directly targets assisted acclimatization for Florida restoration priority species using temperature VARIABILITY rather than a static offset. Two findings a lab should note: (1) receptiveness is strongly species-specific (10-fold difference in DEG count between the two species), and (2) up-regulation of HISTONE MODIFICATION genes during preconditioning is one of the few chromatin-level hints in the coral priming literature, worth following up with direct chromatin assays. Authors caution against scaling up before more species are tested.	Coral / cnidarian
Stick_2026	10.1002/ece3.72938	41542384	2026	Acropora cf. tenuis	Coral/cnidarian	elevated temperature (acute sub-bleaching heat priming)	Temperature	Broodstock/adult	priming at 32 C (+5 C above the 27 C regional maximum monthly mean) vs naive (no priming) vs control held at 27 C for the whole 5-day experiment; challenge at 33 C (+6 C above MMM); bleaching for these corals occurs at 34 C	priming applied as a single acute exposure (ramp 3 h up, 3 h hold, 2 h down; ~24 h total exposure window), 8 h at temperature	F0	Within-generation only	thermal challenge at 33 C (+6 C above MMM) for 8 h, followed by 16-24 h recovery at 27 C	2 (preconditioned corals held at control temperature for 48 h between priming and challenge)	Yes	Persisted	differentially expressed genes and expression intensity (host and symbiont RNA-seq); Fv/Fm; Coral Health Chart colour score and pigment analysis	Improved	primed corals showed a dampened stress response versus naive corals: a 28% decline in differentially expressed genes and an overall reduction in expression intensity relative to controls; symbionts showed the same dampening; both groups returned to baseline expression after a 16 h recovery at 27 C; no detectable decline in photosynthetic performance or visible physiological stress in either treatment	Transcriptome (RNA-seq)	Not evaluated	None	10 genotypes across 2 experimental blocks (5 colonies per block); 9 flow-through tanks per block (3x3x3 design, 3 replicates per temperature combination); 5 fragments per tank; 90 RNA samples; 120 fragments photographed for pigment scoring; 3 sampling timepoints (0 h, 6 h, 24 h)	Full text	None found	Cleanest short-window persistence measurement in the set: a single acute prime, a defined 48 h gap at control temperature, then a quantified 28% reduction in the transcriptional stress response. Molecular-only benefit - no physiological difference was detectable because neither treatment bleached, so the row documents transcriptional dampening rather than a performance gain. All colonies confirmed by SNP clustering to belong to a single cryptic lineage of Acropora cf. tenuis (Ningaloo Reef, Bundegi Reef), removing cryptic-species confounding.	Coral / cnidarian
Green_2013	10.1016/j.fsi.2013.04.051	23685009	2013	Crassostrea gigas	Bivalve	poly(I:C) (synthetic dsRNA viral mimic); heat-killed Vibrio splendidus as a comparison elicitor	Pathogen/immune	Juvenile	240 ug poly(I:C) per oyster by intramuscular injection vs sterile seawater injection	single injection, 1 d before challenge	F0	Within-generation only	OsHV-1 uvar injection challenge	1	No	Not tested	proportion of virus-infected oysters at 48 h post-infection; immune gene expression (TLR, MyD88, IRF, PKR)	Improved	11% of poly(I:C)-primed oysters OsHV-1-positive at 48 h post-infection vs 100% of seawater controls; priming with heat-killed V. splendidus gave no protection	Targeted qPCR	Not evaluated	Aquaculture	not reported	Abstract only	None found	Foundational paper establishing the poly(I:C) antiviral state in C. gigas; effect measured as infection prevalence not survival; specificity shown by failure of a bacterial elicitor to protect against virus	Immune priming
Green_2016	10.1016/j.molimm.2016.09.002	27616590	2016	Crassostrea gigas	Bivalve	poly(I:C) (synthetic dsRNA viral mimic)	Pathogen/immune	Broodstock/adult	not reported (poly(I:C) injected into parents; dose not stated in the retrievable text; de Kantzow et al. 2023 lists 250 and 500 ug per oyster as doses used across this literature)	single parental injection before spawning	F0-F1	Route not resolved	OsHV-1 exposure of F1 D-veliger larvae	not reported	No	Not tested	F1 larval survival to OsHV-1; IRF2 mRNA in larvae; parental survival	Improved	Offspring of poly(I:C)-treated parents had double the chance of surviving OsHV-1 exposure vs controls; larval mortality at 96 h post-exposure halved relative to seawater-treated broodstock (as restated by de Kantzow et al. 2023); IRF2 mRNA elevated in larvae	Targeted qPCR	Not evaluated	Aquaculture	not reported	Abstract + citations	None found	The foundational transgenerational immune priming (TGEP) paper; authors note poly(I:C) did not affect parental survival so the offspring effect cannot be genetic selection, and propose epigenetic reprogramming or maternal provisioning - but no methylation or chromatin assay was performed	Immune priming
Lafont_2017a	10.1038/s41598-017-13564-0	29030632	2017	Crassostrea gigas	Bivalve	poly(I:C) HMW (1.5-8 kb); also poly(I:C) LMW, GFP-dsRNA, OsHV-1 dsRNA and OsHV-1 ssRNA	Pathogen/immune	Juvenile	19 ug poly(I:C) HMW per g oyster flesh in 20-40 uL injected into the adductor muscle vs filtered seawater; dose-response run from 1.9 ng to 19 ug per g, protection detectable from 0.019 ug per g; bath route also effective at 0.76 and 0.38 ug/mL for 2.5 h	single injection	F0	Within-generation only	OsHV-1 uVar challenge by injection of viral suspension (titre not recoverable from the open-access text -- superscript exponent lost in conversion; consult the PDF before quoting a titre) at 1, 14, 28, 56 and 126 d post-priming	126	Yes	Persisted	survival (Kaplan-Meier, log-rank); OsHV-1 DNA load by qPCR; poly(I:C) persistence in seawater and haemolymph by immuno-northern blot (J2 anti-dsRNA)	Improved	Survival 89-96% in poly(I:C)-primed oysters at all five challenge timepoints from 1 to 126 d post-priming; in the nucleic-acid comparison poly(I:C) HMW gave 100% and LMW 97% survival vs 20% survival (80% mortality) in filtered-seawater controls; other nucleic acids 83-90%; viral DNA below qPCR detection limit in poly(I:C) groups	Targeted qPCR	Not evaluated	Aquaculture	3 replicate tanks per condition; 1200 spat primed per condition; 120 spat challenged per timepoint (plus 120 control-inoculum)	Full text	None found	Longest laboratory persistence window in the sub-literature. Critically, poly(I:C) itself was undetectable in haemolymph by 24 h and in seawater by 48 h, so protection at 126 d cannot be residual elicitor. Protection was virus-specific: poly(I:C)-primed oysters challenged with Vibrio crassostreae LGP32 reached only 13% survival vs 24% in controls. Results reproduced across cohorts of different genetic background	Immune priming
Lafont_2017b	10.1038/s41598-017-13564-0	29030632	2017	Crassostrea gigas	Bivalve	poly(I:C) HMW (synthetic dsRNA viral mimic)	Pathogen/immune	Juvenile	19 ug poly(I:C) HMW per g oyster (2016 deployment) or 10 ug per oyster (2015 deployment) by adductor-muscle injection vs filtered seawater or non-treated	single injection at 126, 99, 71 or 1 d before field deployment	F0	Within-generation only	natural OsHV-1 disease outbreak after deployment in the Thau lagoon, Mediterranean (2015 and 2016 seasons)	156	Yes	Persisted	survival during a natural outbreak; OsHV-1 DNA load by qPCR	Improved	2015 deployment: 80% survival in poly(I:C)-primed vs 29% in non-treated (+51 percentage points), survival maintained 119 d after immersion; 2016 deployment: 83-92% survival across all four priming lead times, protection maintained to the end of the experiment at 156 d (>5 months); viral loads reduced but detectable in primed oysters from 14 d post-immersion	Targeted qPCR	Not evaluated	Aquaculture	100 oysters per condition for mortality monitoring plus 72 for sampling; two independent deployments in successive years	Full text	None found	The only field/natural-outbreak validation of immune priming in a marine invertebrate, and the longest protection duration reported anywhere in this literature (156 d). Mortality in controls only began 30 d after immersion, so the field window includes both a long priming interval and a long observation period	Immune priming
Lafont_2018	10.1016/j.dci.2018.09.022	30278186	2018	Crassostrea gigas	Bivalve	poly(I:C) (synthetic dsRNA viral mimic)	Pathogen/immune	Broodstock/adult	not reported (poly(I:C) exposure of mothers and of fathers separately prior to spawning; dose not stated in retrievable text)	single parental exposure before spawning	F0-F1	Maternal	OsHV-1 exposure of F1 larvae	not reported	No	Not tested	F1 larval survival to OsHV-1; F1 larval transcriptome (RNA-seq) in unchallenged larvae	Improved	Larvae had higher survival to OsHV-1 when mothers, but not fathers, were exposed to poly(I:C) before spawning (percentages not in the retrievable text); RNA-seq gave no evidence that parental poly(I:C) exposure reconfigures antiviral gene expression in unchallenged larvae	Transcriptome (RNA-seq)	Discordant (survival phenotype present but no corresponding transcriptomic reconfiguration in unchallenged larvae)	Aquaculture	not reported	Abstract only	None found	Resolves the transmission route of oyster TGIP as maternal, not paternal. A rare explicit phenotype/molecular discordance: the authors conclude maternal provisioning of antiviral compounds in eggs is more likely than transcriptional or epigenetic reprogramming	Immune priming
Lafont_2020	10.1128/mBio.02777-19	32156821	2020	Crassostrea gigas	Bivalve	poly(I:C) HMW (synthetic dsRNA viral mimic)	Pathogen/immune	Juvenile	19 ug poly(I:C) HMW per g oyster in 40 uL injected into the adductor muscle vs filtered seawater; oysters were a biparental family (F11) 100% susceptible to POMS	single injection; animals held at 15 C	F0	Within-generation only	OsHV-1 injection challenge at 10 d post-priming (1.32 x 10^n copies DP gene per oyster) in the short-term arm and at 126 d post-priming (1.22 x 10^n copies DP gene per uL) in the long-term arm	126	Yes	Persisted	survival (Kaplan-Meier, log-rank); OsHV-1 DNA load by qPCR and viral transcript counts from RNA-seq; host hemocyte/whole-animal transcriptome at 1, 14, 56 and 126 d post-priming	Improved	10 d arm: 100% survival in poly(I:C)-primed vs 5% in filtered-seawater controls at 10 d post-challenge (+95 percentage points, log-rank p<0.0001, n=60); viral DNA load 200-fold lower at 1 d post-challenge. 126 d arm: significant survival advantage retained (log-rank p<0.0001, n=45); sustained upregulation of interferon-pathway and apoptosis genes maintained over 4 months	Transcriptome (RNA-seq); Targeted qPCR	Concordant	Aquaculture	4 replicate 5-L tanks per condition; 15 oysters per tank for survival (n=60) plus 75 per tank for sampling; long-term arm 45 oysters (15 per tank, 3 tanks); 3 pools of 15 (short arm) or 3 pools of 3 (long arm) per sampling point	Full text	None found	Mechanistic anchor for the sustained-response model: priming reverses a genetically POMS-susceptible family from susceptible to resistant. Notably the elevated immune baseline did NOT produce a strong secondary response on infection - it is a persistent alert state, not a recall response. No survival cost detected over the 4-month priming period, in contrast to the larval costs reported by Robinson & Green 2020	Immune priming
Robinson_2020	10.1016/j.fsi.2020.04.047	32334127	2020	Crassostrea gigas	Bivalve	poly(I:C) (synthetic dsRNA viral mimic)	Pathogen/immune	Broodstock/adult	not reported (poly(I:C) treatment of mothers; dose not stated in the retrievable text)	single maternal treatment before spawning	F0-F1	Maternal	none (baseline only) - offspring traits measured without pathogen challenge; the OsHV-1 survival benefit is taken from prior work	not reported	No	Not tested	F1 larval size; total bacterial load and Vibrio load in larvae (microbiome)	Worsened	Larvae produced from poly(I:C)-treated mothers were smaller and carried higher total bacterial and Vibrio loads than control larvae (magnitudes not in the retrievable text)	Targeted qPCR	Not evaluated	Aquaculture	not reported	Abstract only	None found	The key trade-off paper in this sub-literature: the maternal antiviral priming benefit is paid for in larval growth rate and microbiome destabilisation. Directly opposes Cheng et al. 2024, where inactivated-Vibrio priming of oyster larvae accelerated growth and settlement	Immune priming
de_Kantzow_2023a	10.3390/v15091943	37766349	2023	Crassostrea gigas	Bivalve	poly(I:C) (synthetic dsRNA viral mimic)	Pathogen/immune	Juvenile	250 ug poly I:C per oyster in 50 uL injected into the adductor muscle vs 50 uL sterile artificial seawater and vs OsHV-1-free oyster tissue homogenate; triploid spat 20-30 mm	single injection; 14 d at 18 C then temperature raised to 22 C over 6 h	F0	Within-generation only	injection of virulent OsHV-1 (6 x 10^n genome copies per oyster) at 22 C, 21 d (3 weeks) after priming; monitored 14 d	21	No	Not tested	cumulative mortality over 14 d post-challenge with PCR confirmation; OsHV-1 DNA concentration at death and in survivors; OsHV-1 prevalence in survivors	Improved	0% mortality in the poly I:C group vs 53% in the sterile-seawater control and 55% in the tissue-homogenate control; hazard ratio 0.02 (Cox PH, tank as random effect); OsHV-1 DNA undetectable in all poly I:C survivors vs 70% prevalence in seawater-primed survivors (odds ratio 0.02)	Targeted qPCR	Not evaluated	Aquaculture	80 oysters per treatment group; 20 oysters per tank; 4 water baths of 6 tanks; sample size powered at 80% for HR 4	Full text	None found	Only study to benchmark poly I:C directly against live and inactivated virus in one design. Authors flag that poly I:C is unlikely to be acceptable in food oysters given mammalian toxicity (mortality at 30 mg/kg in rhesus monkeys, 5 mg/kg in beagles) and that duration of protection and residue/withholding data are absent	Immune priming
de_Kantzow_2023b	10.3390/v15091943	37766349	2023	Crassostrea gigas	Bivalve	heat-inactivated OsHV-1 (50 C for 20 min); sublethal infectious OsHV-1 administered at a non-permissive 18 C	Pathogen/immune	Juvenile	3 x 10^n OsHV-1 genome copies per oyster in 50 uL injected into the adductor muscle, either heat-inactivated or infectious, vs 50 uL sterile artificial seawater and vs OsHV-1-free tissue homogenate	single injection; 14 d at 18 C then temperature raised to 22 C	F0	Within-generation only	injection of virulent OsHV-1 (6 x 10^n genome copies per oyster) at 22 C, 21 d after priming; monitored 14 d	21	No	Not tested	cumulative mortality over 14 d post-challenge; mortality during the 21 d priming phase; OsHV-1 DNA load and prevalence in survivors	Improved	Cumulative mortality 26.7% with heat-inactivated OsHV-1 (hazard ratio 0.41, relative percent survival 51.5%) and 12.8% with infectious OsHV-1 (HR 0.18, RPS 76.8%) vs 53% in the sterile-seawater control; 12.5% (95% CI 8.2-18.6) mortality occurred during the priming phase in the infectious group only, and none in any other group	Targeted qPCR	Not evaluated	Aquaculture	80 oysters per treatment (160 for the infectious-OsHV-1 group to allow for priming mortality); 20 oysters per tank	Full text	None found	Establishes that viral replication is NOT required to induce protection (heat-inactivated virus worked), but that live priming is stronger than inactivated, implying an additional replication-dependent (e.g. RNAi) component on top of the PAMP effect. Inactivated virus avoids the 12.5% priming mortality and the biosecurity risk of moving infected stock	Immune priming
Matsuyama_2026	10.3390/pathogens15040380	42075707	2026	Pinctada fucata	Bivalve	sublethal live Pinctada birnavirus (PiBV) infection at a non-permissive low water temperature	Pathogen/immune	Juvenile	PiBV 4.4 x 10^n copies per container, 1 h static immersion of approximately 370 acclimated juveniles, at low water temperature 18-20 C (non-lethal) vs uninfected controls; high-temperature 24-25 C controls used to show lethality	1 h immersion; then 28 d at 18-20 C before acclimation to 24-25 C over 7 d	F0	Within-generation only	re-infection with PiBV (8.7 x 10^n copies per dish, 1 h immersion) at 24-25 C, 35 d after the first infection; mortality followed 22 d; plus ex vivo PiBV challenge of mantle explants from survivors at 96 d post-infection	35	Yes	Persisted	cumulative mortality; mantle atrophy; PiBV load in tissue and viral shedding into seawater; PiBV replication in ex vivo mantle explants; transcriptome at 28 d post-infection	Improved	10% mortality in previously infected survivors vs approximately 50% in naive oysters challenged under identical high-temperature conditions (-40 percentage points, significant); first infection at 24-25 C in naive juveniles caused approximately 80% mortality whereas mortality at 18-20 C was <30% and not different from uninfected controls; PiBV replication significantly reduced in mantle explants from previously infected oysters	Transcriptome (RNA-seq)	Partial	Aquaculture	3 subgroups of 20 individuals per group in the re-infection trial; 50 oysters per 8 L aquarium in the first infection; mantle explants from individual oysters in 48-well plates	Full text	None found	Only non-herpesvirus bivalve virus system in this table and the only one showing tissue-autonomous resistance: mantle explants alone resisted PiBV. Important caveat the authors raise themselves - culture supernatants of survivor explants were PiBV-RNA-positive without inoculation, so persistent low-level infection may sustain the primed state rather than true immune memory. Interferon-like genes showed no appreciable change, so the mechanism is unresolved	Immune priming
BenCheikh_2026	10.1016/j.fsi.2026.111499	42288298	2026	Mytilus edulis	Bivalve	live or heat-killed Vibrio splendidus	Pathogen/immune	Broodstock/adult	not reported (live vs heat-killed V. splendidus exposure; concentration not stated in the retrievable text)	single priming exposure	F0	Within-generation only	live Vibrio splendidus challenge; plus adoptive transfer of cell-free plasma or haemocytes from primed to naive mussels	21	Yes	Persisted	survival; total haemocyte concentration; haemocyte population profiles; phagocytic activity; lysosomal function; ROS production; adoptive-transfer protection of naive recipients	Improved	Markedly higher survival during subsequent bacterial challenge with protection lasting at least 21 days (percentages not in the retrievable text); both cell-free plasma and haemocytes from primed mussels conveyed protection to naive individuals; sustained increase in total haemocyte concentration, altered phagocytosis, enhanced lysosomal function and a biphasic ROS pattern	None	Not evaluated	Aquaculture	not reported	Abstract only	None found	First demonstration of immune priming in the blue mussel and the first transferable (adoptive) immune memory in a bivalve - protection resides in both a humoral and a cellular compartment. Live and heat-killed bacteria triggered distinct cellular responses, implying different activation pathways for the same protective outcome	Immune priming
Li_2025b	10.1016/j.fsi.2025.110186	39938621	2025	Mytilus coruscus	Bivalve	repeated sublethal Vibrio alginolyticus challenge	Pathogen/immune	Broodstock/adult	not reported (repeated V. alginolyticus challenge; concentration not stated in the retrievable text)	repeated challenges (interval not stated in the retrievable text)	F0	Within-generation only	live Vibrio alginolyticus challenge	not reported	Yes	Not tested	mortality rate and timing; haemocyte viability; pathogen recognition, inflammatory and apoptosis responses; antioxidant enzyme responses; tissue-specific analysis of haemocytes, gill and digestive gland	Improved	Immune-primed mussels showed slower mortality and maintained higher haemocyte viability than non-primed mussels (magnitudes not in the retrievable text)	Targeted qPCR	Partial (gill showed immune tolerance while digestive gland showed sustained immune and antioxidant responses - the two tissues diverged)	Aquaculture	not reported	Abstract only	None found	Best evidence in the bivalve literature that the primed state is tissue-specific rather than systemic and uniform: gill tolerised while digestive gland sustained both immune and antioxidant responses. A caution against whole-animal molecular readouts of priming	Immune priming
Li_2025a	10.1016/j.fsi.2025.110263	40064211	2025	Ruditapes philippinarum	Bivalve	sublethal Vibrio anguillarum injection	Pathogen/immune	Broodstock/adult	not reported (V. anguillarum injection vs PBS injection control; concentration not stated in the retrievable text)	single injection	F0	Within-generation only	second Vibrio anguillarum injection 7 d after the first (AA group) vs PBS-primed then challenged (SS/SA controls)	7	No	Not tested	survival (log-rank); hepatopancreas bacterial load; alkaline and acid phosphatase, SOD and MDA activities; hepatopancreas transcriptome	Improved	Survival of the twice-injected AA group significantly higher than all control groups after the second injection (log-rank p<0.05); pathogen clearance from hepatopancreas significantly enhanced; AKP, ACP, SOD and MDA all significantly higher after secondary than after primary stimulation	Transcriptome (RNA-seq)	Concordant (84 DEGs commonly upregulated after both primary and secondary stimulation, including C-type mannose receptor 2, ATG12 and TLR4)	Aquaculture	not reported	Abstract only	None found	First evidence of immune priming in the Manila clam; uses the same 7-day priming window that recurs across the bivalve and crustacean literature, suggesting a de facto field convention rather than an empirically optimised interval	Immune priming
Cheng_2024	10.1016/j.fsi.2024.110041	39586384	2024	Crassostrea gigas	Bivalve	inactivated Vibrio splendidus	Pathogen/immune	Larva	not reported (inactivated V. splendidus stimulation of middle-umbo larvae at 10 days post-fertilisation; concentration not stated in the retrievable text)	single stimulation at 10 dpf	F0	Within-generation only	live Vibrio splendidus challenge of late-umbo larvae (18 dpf) or pediveliger larvae (21 dpf)	8	Yes	Persisted	larval death rate at two later stages; immune receptor and effector gene expression (CTL-3, Integrin beta-1, TLR4, IKK, IL17-5, Defh2, HSP70); SOD, CAT and lysozyme activities; agglutination and growth inhibition of V. splendidus by larval proteins; shell height and length, development rate, settlement rate	Improved	Much lower death rate in the stimulated group than controls when challenged at either 18 dpf (8 d post-priming) or 21 dpf (11 d post-priming); significantly increased shell height and length, accelerated development rate and higher settlement rate in primed larvae (magnitudes not in the retrievable text)	Targeted qPCR	Not evaluated	Aquaculture	not reported	Abstract only	None found	Ontogenic priming across larval stages, with two post-priming challenge timepoints (8 and 11 d). Notably priming IMPROVED growth, development and settlement rather than costing them - the direct opposite of the poly(I:C) maternal-priming cost reported by Robinson & Green 2020, suggesting the trade-off depends on elicitor and stage	Immune priming
Wang_2023	10.1016/j.dci.2023.105122	38104703	2023	Crassostrea gigas	Bivalve	low-dose formalin-inactivated Vibrio alginolyticus; compared with live Vibrio alginolyticus priming	Pathogen/immune	Multiple	low-dose formalin-inactivated V. alginolyticus at 5 x 10^n and 5 x 10^n CFU/mL (exponents not recoverable from the indexed text); the trans-generational arm used immersion at 5 x 10^n CFU/mL; live V. alginolyticus priming tested as a comparison	single priming exposure (injection or immersion)	F0-F1	Route not resolved	secondary Vibrio alginolyticus infection of primed adults; challenge of F1 larvae with several different Vibrio species	not reported	No	Not tested	adult mortality; haemocyte ROS level and necrosis; F1 larval resistance to multiple Vibrio species	Mixed	Low-dose formalin-inactivated V. alginolyticus protected adults against secondary V. alginolyticus infection; priming with LIVE V. alginolyticus instead raised ROS, caused haemocyte necrosis and produced HIGHER late-stage mortality (a maladaptive outcome); trans-generational priming significantly increased larval resistance to various Vibrio species	Targeted qPCR	Not evaluated	Aquaculture	not reported	Abstract only	None found	Dose and elicitor form are decisive: live-pathogen priming was actively harmful while low-dose inactivated priming was protective - one of the few explicit maladaptive priming results in this literature. Offspring protection was broad-spectrum across Vibrio species rather than strain-specific, which conflicts with the specificity reported by Zuo et al. 2025 and Pope et al. 2011	Immune priming
Song_2025	10.3389/fimmu.2025.1536562	40458402	2025	Crassostrea gigas	Bivalve	live Vibrio splendidus injection of gonad-matured parents	Pathogen/immune	Broodstock/adult	100 uL of Vibrio splendidus suspension at 2 x 10^n CFU/mL injected into gonad-matured adults vs an equal volume of sterile seawater; maternal and paternal priming tested in separate arms	single injection; artificial spawning and fertilisation performed 7 d post-priming	F0-F1	Both parents	Vibrio splendidus exposure of embryos/larvae at 1 x 10^n CFU/mL from the blastula stage (4.5 h post-fertilisation)	7	Yes	Persisted	egg lysozyme, SOD, NO and glucose; egg antibacterial activity; larval mortality and hatching rate; CAT, lysozyme and SOD through early ontogeny; larval transcriptome; DNMT1, DNMT3a and DNMT3b expression; E3 ligase expression	Improved	Larval mortality significantly lower and hatching rate significantly higher in both maternal (mVs-Vs) and paternal (pVs-Vs) primed groups than in naive-parent challenged controls (nSw-Vs); egg lysozyme activity 0.486 ug/mL in maternally primed vs 0.28 ug/mL in controls (p<0.05); egg SOD, NO and glucose all significantly elevated at 7 d post-priming	Transcriptome (RNA-seq); Targeted qPCR	Partial (maternal arm showed both enzyme and gene-expression changes; paternal arm showed gene-expression changes with no detectable enzyme changes)	Aquaculture	160 gonad-matured adults split across 2 priming groups; approximately 3,000,000 embryos per tank; 3 biological replicates each pooled from 3 parallel samples	Full text	None found	First bacteria-induced TGIP in a mollusc, and the closest any paper in this set comes to an epigenetic mechanism for transgenerational priming: all three DNMTs were significantly upregulated during early ontogeny in maternally primed offspring and rose sharply only at the D-veliger stage in paternally primed offspring. CRITICAL CAVEAT - DNA methylation itself was never measured, only DNMT transcript abundance	Immune priming
Zuo_2025	10.1016/j.fsi.2025.111073	41407080	2025	Crassostrea gigas	Bivalve	sublethal Vibrio splendidus vs Staphylococcus aureus pre-stimulation	Pathogen/immune	Broodstock/adult	not reported (V. splendidus or S. aureus pre-stimulation; concentration and route not stated in the retrievable text)	single pre-stimulation	F0	Within-generation only	secondary Vibrio splendidus stimulation	not reported	No	Not tested	haemocyte phagocytic activity against V. splendidus, S. aureus and inert fluorescent microspheres; CgbetaGBP2, CgC1qDC-8, CgRab24, CgBigdefensin1 and CgBigdefensin2 expression; NO level; lysozyme in hepatopancreas and cell-free haemolymph; haemolymph growth-inhibition assay; histone marks H3K4me1, H3K4me3, H3K9ac and H3K27ac	Improved	Phagocytic activity against V. splendidus (but not against S. aureus or inert microspheres) significantly higher in V. splendidus-primed than in S. aureus-primed oysters; CgbetaGBP2, CgC1qDC-8, CgRab24, CgBigdefensin1/2 and NO all significantly up; lysozyme up in hepatopancreas and cell-free haemolymph with stronger inhibition of V. splendidus growth; first stimulation with EITHER microbe significantly increased H3K4me1, H3K4me3, H3K9ac and H3K27ac	Chromatin; Targeted qPCR	Partial (the functional protection was pathogen-specific whereas the global histone-mark increase was induced equally by the non-protective Gram-positive microbe)	None	not reported	Abstract only	None found	Strongest evidence for pathogen specificity of the functional priming response in an oyster. But because bulk histone marks rose equally after a microbe that conferred no protection, global chromatin marks cannot be the carrier of that specificity - promoter-level resolution (as in Lian et al. 2024) is required	Immune priming
Arfatahery_2024	10.1016/j.dci.2024.105221	38925430	2024	Magallana (Crassostrea) gigas	Bivalve	sublethal dose of a sympatric or an allopatric Vibrio splendidus strain	Pathogen/immune	Broodstock/adult	sublethal dose of bacterial cells of two closely related V. splendidus strains differing in virulence, one isolated at the same location as the oysters (sympatric) and one from a different location (allopatric); concentrations not stated in the retrievable text	single priming exposure	F0	Within-generation only	potentially lethal dose of sympatric or allopatric Vibrio splendidus, assessed both in vitro on cell-free haemolymph plasma and in vivo	not reported	No	Not tested	in vitro bacterial growth in cell-free haemolymph plasma; in vivo bacterial loads	Mixed	Priming produced inhibitory effects on subsequent bacterial growth in vitro, strongest when primed with the sympatric strain but with partial cross-protection against the allopatric strain; addition of haemolymph plasma generally promoted growth of both strains; in vivo bacterial loads INCREASED after the initial challenge, contradicting the in vitro result	None	Discordant (in vitro humoral priming effect was not reflected in the in vivo infection data)	None	not reported	Abstract + citations	None found	Essential negative/discordant result for the field: an in vitro priming signal did not translate into in vivo protection. Also the only test of local adaptation in priming specificity - stronger priming against the co-occurring strain suggests a host-pathogen co-evolutionary component	Immune priming
Lian_2024	10.3390/ijms25021036	38256110	2024	Crassostrea gigas	Bivalve	inactivated Vibrio splendidus	Pathogen/immune	Broodstock/adult	not reported (inactivated V. splendidus for primary stimulation, live V. splendidus for secondary; concentrations not stated in the retrievable text); pharmacological arms used the histone methyltransferase inhibitor 5-methylthioadenosine (MTA) and the histone demethylase inhibitor monomethyl fumarate (MEF)	single primary stimulation	F0	Within-generation only	secondary Vibrio splendidus stimulation 7 d after the primary stimulation	7	Yes	Persisted	CgTLR3, CgMyD88-2 and CgIL17-1 expression at 6 h after primary vs 6 h after secondary stimulation; H3K4me3 ChIP enrichment at the CgTLR3 promoter at 7 d post-priming; inhibitor rescue experiments	Improved	CgTLR3, CgMyD88-2 and CgIL17-1 expression at 6 h after secondary stimulation significantly higher than at 6 h after primary (p<0.05); H3K4me3 enrichment at the CgTLR3 promoter significantly increased at 7 d after primary stimulation with inactivated V. splendidus (p<0.05); MTA reduced both the mark and the secondary-response gene expression (p<0.05) while MEF increased both (p<0.05)	Chromatin; Targeted qPCR	Concordant	None	not reported	Abstract only	None found	The clearest causal epigenetic evidence in any bivalve: a specific histone mark deposited at a named promoter during the 7-day priming window is both necessary (MTA) and sufficient-enhancing (MEF) for the amplified secondary response. Limitation - no survival or organismal protection endpoint; the phenotype is gene expression only	Immune priming
Lian_2025	10.1016/j.fsi.2025.110236	40010616	2025	Crassostrea gigas	Bivalve	Vibrio splendidus stimulation	Pathogen/immune	Broodstock/adult	not reported (V. splendidus stimulation; concentration not stated in the retrievable text); pharmacological/RNAi arms used the KDM5 activator DM-alpha-ketoglutarate and CgKDM5A RNAi	single primary stimulation	F0	Within-generation only	secondary Vibrio splendidus stimulation 7 d after the primary stimulation	7	Yes	Persisted	CgKDM5A transcript level and KDM5 enzymatic activity; global H3K4me3; H3K4me3 ChIP enrichment at CgBMP7 and CgGATA2/3 promoters at 7 d; haemocyte proliferation index at 12 h post-secondary stimulation	Improved	CgKDM5A transcripts and KDM5 activity significantly decreased after V. splendidus stimulation with a corresponding increase in H3K4me3; H3K4me3 at CgBMP7 and CgGATA2/3 promoters elevated at 7 d post-priming (p<0.05); haemocyte proliferation index significantly increased at 12 h after secondary stimulation (p<0.05); KDM5 activator DM-alphaKG raised promoter H3K4me3 at 7 d but then reduced CgBMP7/CgGATA2/3 expression and proliferation after secondary stimulation, while CgKDM5A-RNAi enriched the mark and increased proliferation	Chromatin; Targeted qPCR	Concordant	None	not reported	Abstract only	None found	Links the epigenetic priming window to haematopoiesis: H3K4me3 at developmental transcription-factor promoters licenses haemocyte proliferation on re-challenge. Same 7-day window as Lian et al. 2024. No organismal protection endpoint	Immune priming
Sun_2025	10.1093/jimmun/vkaf218	41206721	2025	Crassostrea gigas	Bivalve	Vibrio splendidus stimulation	Pathogen/immune	Broodstock/adult	not reported (V. splendidus stimulation; concentration not stated in the retrievable text); loss-of-function arms used RNAi of CgCLec-HTM/IgR, Syk and BCL10 plus the mTOR inhibitor rapamycin and the ERK inhibitor FR180204	single primary stimulation	F0	Within-generation only	secondary Vibrio splendidus stimulation (assessed 6 h post-secondary); molecular state assessed 7 d after the first stimulation	7	Yes	Persisted	mTOR and ERK phosphorylation; glycolysis genes CgGluT and CgGK; NAD+/NADH ratio; lactate concentration; H3K4me1 and H3K4me3 levels; haemocyte phagocytic rate; CgClathrin, CgATPeV and CgTNF expression	Improved	Silencing CgCLec-HTM/IgR-Syk-BCL10 significantly reduced mTOR and ERK phosphorylation at 6 h post-primary and reduced CgGluT/CgGK expression, NAD+/NADH ratio, lactate, H3K4me1 and H3K4me3 at 7 d post-primary, plus haemocyte phagocytic rate and CgClathrin/CgATPeV/CgTNF at both 7 d post-primary and 6 h post-secondary; rapamycin and FR180204 independently reproduced the loss of glycolytic output and of H3K4me1/H3K4me3	Chromatin; Targeted qPCR	Concordant	None	not reported	Abstract only	None found	Demonstrates metabolic-epigenetic coupling in a bivalve - a lectin receptor drives glycolysis via mTOR/ERK, and glycolytic output in turn sets H3K4 methylation levels - closely paralleling mammalian trained immunity and the shrimp KAT8/acetyl-CoA axis of Lv et al. 2025. Loss-of-function only; no survival endpoint	Immune priming
ReyCampos_2024	10.1016/j.fsi.2024.109867	39214263	2024	Mytilus galloprovincialis	Bivalve	poly(I:C); filtered-seawater injection used as a sterile-injury control elicitor	Pathogen/immune	Broodstock/adult	not reported (poly I:C stimulation of mussels/haemocytes; concentration not stated in the retrievable text)	single stimulation	F0	Within-generation only	waterborne viral haemorrhagic septicaemia virus (VHSV) exposure	not reported	No	Not tested	haemocyte transcriptome including lncRNAs (RNA-seq); rate of viral clearance by haemocytes; IL-17, IRF1 and viperin expression	Improved	Both poly I:C and a sterile filtered-seawater injection accelerated VHSV clearance by haemocytes and altered expression of several immune genes including IL-17, IRF1 and viperin; the poly I:C transcriptomic response was dominated by apoptosis and an IRF/STING-IFI44/IRGC1 axis with lncRNA modulation	Transcriptome (RNA-seq); ncRNA; Targeted qPCR	Partial (a sterile injury control reproduced part of the protective effect, so the response is not poly(I:C)-specific)	None	not reported	Abstract only	None found	Important methodological control that most of this literature omits: sterile seawater injection ALONE accelerated viral clearance, meaning wounding/damage signals can mimic PAMP priming. Ecological relevance is limited because mussels are not naturally susceptible to VHSV	Immune priming
Lv_2025	10.1038/s42003-025-08767-5	40885857	2025	Marsupenaeus japonicus	Crustacean	ultraviolet-inactivated white spot syndrome virus (UV-WSSV, 30 min UV)	Pathogen/immune	Juvenile	50 uL UV-inactivated WSSV containing approximately 1.0 x 10^n genome copies injected intramuscularly at the third abdominal segment vs 50 uL PBS; shrimp approximately 10 g	single injection; 20-22 C recirculating seawater, salinity 35 ppt	F0	Within-generation only	live WSSV (1.0 x 10^n copies in 50 uL PBS) injected 5 d after the priming injection	5	No	Not tested	survival (Kaplan-Meier, log-rank); WSSV copy number in hemocytes and intestine; VP28 protein; global H3K27ac, H4K16ac and H3K9ac; ChIP-qPCR of H3K27ac at the Dorsal promoter and at Hk2, Pk and Ldh promoters; Vago5 and AMP expression; glycolysis and TCA metabolites; acetyl-CoA; KAT8 RNAi and MG149 inhibitor rescue	Improved	Survival of UV-WSSV-trained shrimp significantly higher than PBS-trained controls after WSSV infection (Kaplan-Meier log-rank; percentages presented in figures only); KAT8 RNAi or the KAT8 inhibitor MG149 abolished the UV-WSSV-induced H3K27ac increase, raised WSSV replication and VP28 protein, and markedly reduced survival; H3K9ac and H4K16ac were NOT increased in the trained model	Chromatin; Targeted qPCR	Concordant	Aquaculture	30 shrimp per group with 3 replicates for survival curves; 3 independent biological replicates of 3 shrimp per group for in vivo molecular assays	Full text	None found	Mechanistically the strongest epigenetic trained-immunity paper in any marine invertebrate: enhanced glycolysis and TCA flux raise acetyl-CoA, which fuels KAT8 to deposit H3K27ac at the NF-kB-like Dorsal promoter, driving Vago5 and AMP output, with a feed-forward loop back onto glycolytic gene promoters. The authors' own literature synthesis gives the field's duration range - formalin-inactivated WSSV protection is lost by 30 d; low-dose live WSSV protection is significant between 3 weeks and 2 months but gone by 3 months; decapod vaccine protection generally lasts 7-30 d	Immune priming
Lin_2025	10.1016/j.jip.2025.108522	41423095	2025	Penaeus vannamei	Crustacean	formalin-inactivated Vibrio parahaemolyticus (AHPND strain)	Pathogen/immune	Juvenile	three doses of formalin-inactivated V. parahaemolyticus tested; medium dose 7.5 x 10^n CFU/mL and high dose 7.5 x 10^n CFU/mL (exponents not recoverable from the indexed text) vs unprimed control	single priming exposure	F0	Within-generation only	none (baseline only) - chromatin and extracellular-vesicle profiling of the primed state without a pathogen challenge	7	Yes	Decayed	H3K4me3 and H3K27me3 in hemocytes by semi-quantitative immunofluorescence at days 1, 2, 4 and 7 post-priming; hemolymph extracellular vesicle size distribution and particle concentration by nano-flow cytometry at day 7	Not assessable	No significant difference in H3K4me3 or H3K27me3 among groups at day 1; at day 2 a significant increase in H3K4me3 only in the medium-dose group; by day 4 both H3K4me3 and H3K27me3 significantly elevated in the high-dose group vs control and lower doses; by day 7 histone modification levels across all groups had largely returned to baseline; EV size distributions stable but particle concentrations altered in the high-dose group at day 7	Chromatin	Not evaluated	Aquaculture	not reported (authors describe limited sample availability and single-method EV characterisation)	Abstract only	None found	The most explicit epigenetic DECAY curve in this entire sub-literature and the only dose x time chromatin design: bulk histone marks in shrimp hemocytes are transient (peak 2-4 d, back to baseline by 7 d) and dose-specific. This sits directly at odds with promoter-level H3K4me3 still elevated at 7 d in oysters and with 5-month functional protection in oysters, implying bulk histone marks are not the memory substrate	Immune priming
Zhao_2024	10.3390/ijms252313174	39684884	2024	Eriocheir sinensis	Crustacean	Aeromonas hydrophila stimulation (inactivated primary, then secondary challenge)	Pathogen/immune	Broodstock/adult	not reported (A. hydrophila stimulation; concentration not stated in the retrievable text); loss-of-function arm used EsKDM4 RNAi	single primary stimulation	F0	Within-generation only	secondary Aeromonas hydrophila stimulation; molecular state assessed 7 d after the first stimulation	7	Yes	Persisted	hemocyte glucose, lactate and NAD+/NADH; EsPFK, EsPK, EsHK-2 and EsG-6-PD expression; global H3K9me3 and ChIP enrichment at EsPFK and EsG-6-PD promoters; EsKDM4 nuclear translocation and enzymatic activity	Improved	Hemocyte glucose significantly down and EsPFK/EsPK/EsHK-2/EsG-6-PD, lactate and NAD+/NADH significantly up after secondary A. hydrophila stimulation; H3K9me3 and its enrichment at the EsPFK and EsG-6-PD promoters significantly DECREASED at 7 d after stimulation; EsKDM4 RNAi restored H3K9me3 and its promoter enrichment and lowered glycolytic transcripts, lactate and NAD+/NADH after secondary stimulation	Chromatin; Targeted qPCR	Concordant	None	not reported	Abstract only	None found	Sign-reversed relative to the H3K4me3/H3K27ac papers: here it is REMOVAL of a repressive mark (H3K9me3, via the demethylase KDM4) at glycolytic gene promoters that encodes the primed metabolic state. Same 7-day window. Species caveat - Eriocheir sinensis is a catadromous, estuarine-breeding crab usually cultured in fresh water, so it sits at the edge of the marine/estuarine inclusion criterion; flagged rather than excluded	Immune priming
Zhang_2020	10.3389/fimmu.2020.565958	33193336	2020	Scylla paramamosain	Crustacean	heat-killed Vibrio parahaemolyticus (autoclaved 30 min at 60 C)	Pathogen/immune	Broodstock/adult	heat-killed V. parahaemolyticus at an effective 10^n CFU per g crab in 100 uL by injection vs 100 uL sterile physiological (0.9%) saline; suspension adjusted to 3.1 x 10^n CFU/mL before inactivation	single injection; immune priming phase of 168 h	F0	Within-generation only	injection of live Vibrio parahaemolyticus at 5.0 x 10^n CFU per g crab (a lethal dose determined in pre-experiments) 168 h (7 d) after priming	7	Yes	Persisted	survival (log-rank); TLR signalling pathway gene expression (TLR, Spaetzle, MyD88, Pelle, Cactus, Dorsal, Dscam) and antimicrobial peptide genes (Hyastatin, Arasin, Crustin, ALF3-ALF6) in hemocytes and hepatopancreas at 6, 9 and 72 h	Improved	Survival of the heat-killed-primed then live-challenged group (HkVp+Vp) significantly higher than all other groups (log-rank p<0.05), diverging from 9 h post-challenge and widening with time; no mortality difference between primed and saline groups during the priming phase itself	Targeted qPCR	Not evaluated	Aquaculture	250 crabs per priming group; 6 crabs per group per sampling timepoint (36 crabs sampled per group during the priming phase)	Full text	None found	Cleanly separates early-acting effectors in hemocytes (Dscam, Hyastatin, Cactus, Arasin, ALF3-ALF6) from late-acting ones (Crustin, Dorsal, Pelle, MyD88), with TLR and Spaetzle elevated throughout - a two-phase molecular architecture to the 7-day primed state. Estuarine/mangrove species, mariculture-relevant	Immune priming
Lin_2013	10.1371/journal.pone.0069722	23894531	2013	Litopenaeus vannamei	Crustacean	heat-killed (HVa) or formalin-inactivated (FVa) Vibrio alginolyticus	Pathogen/immune	Juvenile	not reported (injection of heat-killed or formalin-inactivated V. alginolyticus vs saline; concentration not stated in the retrievable text)	single primary exposure	F0	Within-generation only	secondary exposure to live Vibrio alginolyticus 7 d after primary exposure; phagocytic activity and bacterial clearance also examined in 7- to 35-day-primed shrimp	7	Yes	Persisted	mortality; haemocyte count and immune parameters; haematopoietic tissue proliferation and mitotic index; phagocytic activity; bacterial clearance efficiency	Mixed	7-day FVa-primed shrimp showed clear enhancement of immunity on secondary exposure to live V. alginolyticus with higher haematopoietic tissue proliferation and mitotic index, whereas 7-day HVa-primed shrimp showed only minor enhancement; both HVa- and FVa-primed shrimp maintained elevated phagocytic activity and bacterial clearance beyond 28 days (assessed across a 7-35 day series); HVa raised immune parameters on day 1 and FVa on day 5	None	Not evaluated	Aquaculture	not reported	Abstract + citations	None found	One of very few studies to follow a priming effect out to 35 d with intermediate timepoints - phagocytosis and clearance stayed elevated past 28 d. Inactivation method changes the kinetics: formalin-inactivated behaved as a vaccine (delayed, durable, recall-competent) while heat-killed behaved as a fast, short-lived non-specific inducer/adjuvant	Immune priming
Pope_2011	10.1371/journal.pone.0020960	21698190	2011	Litopenaeus vannamei	Crustacean	formalin-inactivated Vibrio harveyi; Bacillus subtilis tested as a non-pathogen elicitor	Pathogen/immune	Juvenile	not reported (formalin-inactivated V. harveyi or sterile saline injected into the haemocoel; dose not stated in the retrievable text)	single injection	F0	Within-generation only	ex vivo incubation of haemocytes collected 7 d after injection with a 1:1 mix of Vibrio harveyi and Bacillus subtilis	7	No	Not tested	haemocyte phagocytosis (percentage of phagocytic cells); humoral antibacterial activity of whole haemolymph	Mixed	Haemocytes from V. harveyi-primed shrimp showed significantly elevated phagocytosis of V. harveyi but NOT of B. subtilis, driven by an increase in the percentage of phagocytic cells; shrimp injected with B. subtilis showed no increase in phagocytic activity at all; humoral antibacterial activity against V. harveyi was present but identical between primed and control shrimp	None	Not evaluated	None	not reported	Abstract + citations	None found	Localises priming specificity to the cellular (phagocytic) arm and explicitly rules out the humoral antibacterial arm. Also shows priming is not universal across microbes - B. subtilis, not a natural shrimp pathogen, failed to prime, mirroring the elicitor-specificity results of Green 2013 (bacteria do not prime against virus) and Zuo 2025	Immune priming
Macey_2008	10.1016/j.fsi.2008.02.009	18964085	2008	Callinectes sapidus	Crustacean	sublethal live Vibrio campbellii pre-challenge injection, with hypercapnic hypoxia as an environmental modifier	Multiple	Broodstock/adult	pre-challenge injection of 1 x 10^5 Vibrio campbellii per g crab vs an equivalent 1 uL per g of HEPES-buffered saline, in either normoxic seawater (PO2 20.7 kPa, CO2 <0.06 kPa, pH 7.8-8.0) or hypercapnic hypoxic seawater (PO2 4 kPa, CO2 1.8 kPa, pH 6.9-7.2)	single injection; water treatment maintained throughout	F0	Within-generation only	second injection of live Vibrio campbellii at 1 x 10^5 per g crab, delivered either 2 h or 24 h after the pre-challenge dose	0.08	Yes	Decayed	clearance of culturable bacteria from haemolymph by selective plating; clearance of intact bacteria by real-time PCR; bacteriostasis; cell-free haemolymph antibacterial activity	Mixed	Crabs challenged 2 h after the pre-challenge dose cleared culturable V. campbellii from haemolymph significantly faster than saline-pre-challenged crabs, with a concurrent increase in cell-free haemolymph antibacterial activity; the enhancement DISAPPEARED entirely when the interval was extended to 24 h, and was also abolished when crabs were held in hypercapnic hypoxic seawater; clearance of intact bacteria was unaffected in all treatments	None	Not evaluated	Biomonitoring	not reported	Abstract only	None found	The shortest-lived priming effect in this table and the only study with an explicit decay bracket (present at 2 h, gone by 24 h) plus an environmental modifier: low dissolved oxygen and elevated CO2 abolish the primed state. Directly relevant to whether priming survives realistic estuarine hypoxia/acidification. Also a useful null - prior bacterial exposure did NOT increase susceptibility	Immune priming
AlvarezLee_2019	10.1016/j.dci.2019.103577	31852626	2019	Litopenaeus vannamei	Crustacean	heat-killed Vibrio parahaemolyticus cells or heat-killed Bacillus subtilis cells	Pathogen/immune	Embryo	not reported (exposure of developing embryos to heat-killed Vibrio or Bacillus cells; concentration not stated in the retrievable text)	exposure during embryonic development	F0	Within-generation only	live Vibrio parahaemolyticus challenge of nauplii	not reported	No	Not tested	hatching percentage; larval development; immune-related gene expression; nauplius resistance to bacterial infection	Improved	Percentage hatching and resistance to bacterial infection both increased in embryos treated with heat-killed Vibrio or Bacillus cells (magnitudes not in the retrievable text); Vibrio induced a strong effector immune response whereas Bacillus elicited a protective immune profile - different gene-expression patterns for a comparable protective outcome	Targeted qPCR	Partial (two elicitors produced different transcriptional profiles but similar protection)	Aquaculture	not reported	Abstract only	None found	Rare embryo-stage priming and the earliest life stage primed in this whole set; embryo immersion is one of the few practically scalable delivery routes for shrimp hatcheries. Priming improved hatching as well as resistance, i.e. no detected cost at this stage	Immune priming
BermeoCapunong_2026	10.1016/j.fsi.2026.111389	42055175	2026	Penaeus vannamei	Crustacean	formalin-killed Vibrio parahaemolyticus (FKC-Vp strains TUMSAT_N3, TUMSAT_FP11, TUMSAT_D6) delivered by bath immersion	Pathogen/immune	Juvenile	bath immersion in 1% or 2% formalin-killed V. parahaemolyticus for 1 h or 2 h; optimum was 1% FKC-VpFP11 for 1 h, after which shrimp were transferred to clean tanks	1 h immersion	F0	Within-generation only	live Vibrio parahaemolyticus (AHPND) challenge 7 d post-vaccination	7	Yes	Persisted	survival; hepatopancreas histopathology; hepatopancreas and stomach transcriptome at 24 h post-vaccination; qPCR of 12 immune DEGs at 24 h and 7 d post-vaccination and 24 h post-challenge	Improved	80% survival in vaccinated shrimp vs a lower rate in unvaccinated controls (control value not stated in the retrievable text); no histopathological damage in the hepatopancreas; antimicrobial effectors GILT and hemocyanin C-chain peaked at 24 h post-vaccination while recognition factors (C-type lectin, perlucin) and putative epigenetic regulators (zinc finger, E3 ubiquitin ligase, late histone H1) remained sustained or upregulated through 7 d post-vaccination; all 12 DEGs upregulated at 24 h post-challenge with hemocyanin C-chain significantly elevated; significant time x treatment interaction for GILT	Transcriptome (RNA-seq); Targeted qPCR	Concordant	Aquaculture	not reported	Abstract only	None found	The only optimised immersion/bath delivery protocol in this set - the practically deployable route, since injection is unusable at commercial scale (a limitation de Kantzow et al. 2023 flag explicitly for oysters). Distinguishes a 24 h acute-phase response from a distinct 'primed state' at 7 d. Chromatin-associated transcripts (late histone H1) were sustained but no chromatin assay was performed	Immune priming
McDonough_2026	10.1186/s12864-026-12808-6	41942905	2026	Crassostrea virginica	Bivalve	diel-cycling hypoxia	Hypoxia	Juvenile	0.5 mg/L dissolved oxygen (8% saturation) at trough vs 100% saturation normoxic control	Phase 1: 18 d containing 13 d of diel cycling (3 h drawdown, 4 h plateau at 0.5 mg/L, 3 h ramp up, 14 h control), 5 d/week; Phase 2: 18 d containing 14 d cycling	F0	Within-generation only	second 18 d diel-cycling hypoxia exposure applied 60 d after the first (fully crossed CC/CH/HC/HH design)	60	No	Not tested	gene-body DNA methylation; differentially methylated gene counts (companion paper measured tissue and shell growth)	Not assessable	196 DMGs between CH and HC; only 12 DMGs CC vs HC; 1 DMG (MDE1) CC vs HH; 0 DMGs HH vs CH; first exposure PERMANOVA R2=0.068 p=0.017 and second R2=0.076 p=0.004 across all genes; DMG-only ordination explained ~60% of variation; 0.25-1.00% of CpGs methylated	Methylation (methylRAD)	Discordant (methylome differences driven mainly by the FIRST exposure whereas the companion phenotype paper found growth driven mainly by the SECOND exposure)	Restoration	12 tanks (6 per treatment) in Phase 1 with 150 oysters per container; 48 oysters per tank in Phase 2; n=5 individuals per treatment combination for methylRAD	Full text	None found	Molecular carryover effect explicitly decoupled from gross phenotype. Recent exposure overrode earlier exposure (HH vs CH = 0 DMGs). Whole-body tissue may mask tissue-specific signal; methylRAD gives low coverage; no paired gene expression. Uses the ambient-temperature subset of the Donelan et al. 2021 animals.	Hypoxia / salinity / pollutant / other taxa
Donelan_2021	10.1002/eap.2315	33636022	2021	Crassostrea virginica	Bivalve	diel-cycling hypoxia plus warming (factorial)	Multiple	Juvenile	0.5 mg/L dissolved oxygen trough vs 100% saturation control; elevated vs ambient temperature (temperature set points not stated in abstract)	18 d per phase containing 13-14 d of diel cycling (from companion paper)	F0	Within-generation only	re-exposure to the same diel-cycling hypoxia and warming treatments 8 weeks later	56	Yes	Persisted	tissue:shell growth ratio; tissue growth; shell growth	Mixed	strong interactive effect of early-life hypoxia x warming on tissue:shell growth that manifested ONLY on re-exposure two months later; numeric effect sizes not given in abstract	None	Not evaluated	Both	multi-phase laboratory experiment; 150 oysters per perforated container, 12 tanks (6 per DO treatment)	Abstract + citations	None found	Carryover effects were context-dependent: invisible in benign conditions and only expressed when the stressor returned. Energy reallocation between tissue and shell is the flagged fitness concern.	Hypoxia / salinity / pollutant / other taxa
SolDourdin_2023	10.1016/j.envpol.2023.121472	36965683	2023	Crassostrea gigas (Magallana gigas)	Bivalve	18-compound pesticide and metal mixture	Pollutant	Embryo	nominal sum concentration 2.85 ug/L (measured sum 3.74 +/- 0.013 ug/L) vs clean filtered seawater	48 h (0-48 h post fertilisation)	F0	Within-generation only	none (baseline only); later-life traits and field deployment of 1-year-old spat	~365	Yes	Persisted	embryo-larval abnormality at 24 hpf; larval swimming behaviour; length and weight; epinephrine-induced metamorphosis rate; field survival	Mixed	no significant difference in 24 hpf abnormality; swimming behaviour disturbed; exposed individuals longer and heavier at specific timepoints; LOWER epinephrine-induced metamorphosis rate; HIGHER field survival rate	Transcriptome (RNA-seq); Methylation (WGBS)	Partial (significant global demethylation trend in exposed larvae alongside differential expression of Hox orthologues and cell-cycle regulators in gastrula embryos; no direct methylation-expression coupling shown)	Biomonitoring	not reported	Abstract + citations	None found	A 48 h embryonic window produced multi-scale latent effects detectable up to field deployment ~1 year later. Direction is genuinely mixed: impaired metamorphosis but improved field survival. Companion reproductive-endpoint paper (10.1016/j.scitotenv.2024.173569) reports F0 glycogen increase and higher 48 hpf reproductive success, plus F1 feminisation and accelerated gametogenesis.	Hypoxia / salinity / pollutant / other taxa
SolDourdin_2024	10.1021/acs.est.3c08201	38217500	2024	Crassostrea gigas (Magallana gigas)	Bivalve	18-compound pesticide mixture	Pollutant	Embryo	nominal sum concentration 2.85 ug/L vs clean seawater	48 h (0-48 h post fertilisation) in each of two generations	F0-F1	Route not resolved	direct F1 embryo-larval re-exposure to the same mixture in a 2x2 crossed design (F0 exposed/control x F1 exposed/control)	~365	Yes	Persisted	epinephrine-induced metamorphosis rate; field survival rate; growth	Worsened	individuals descending from exposed parents had LOWER epinephrine-induced metamorphosis and LOWER field survival; the multigenerational (parental) effect had a greater influence on phenotype than direct exposure itself; negative interaction pattern for field survival (higher mortality when early exposure was combined with exposed parents)	Transcriptome (RNA-seq); Methylation (WGBS)	Partial (RNA-seq and Methyl-seq in gastrula embryos and metamorphosis-competent pediveliger larvae showed clear F0-treatment-dependent discrimination; F1:F0 treatment interaction patterns for shell-secretion and immunity genes e.g. Calm and Myd88)	Biomonitoring	not reported	Abstract + citations	None found	MALADAPTIVE: parental conditioning made offspring WORSE, and the ancestral effect exceeded the effect of the animals' own exposure. Strongest pollutant multigenerational dataset in this table.	Hypoxia / salinity / pollutant / other taxa
Chamorro_2023	10.3389/fmars.2023.1212781	not reported	2023	Strongylocentrotus purpuratus	Echinoderm	marine-heatwave temperature applied during gametogenesis	Temperature	Broodstock/adult	18.3 C (marine heatwave) vs 13.1 C (non-marine-heatwave control)	4 months (October 2020 to January 2021), timed to coincide with the local gametogenesis window	F0-F1	Maternal	acute thermal tolerance trial on hatched blastula embryos across 7 temperatures (17.5, 20.5, 24.7, 26.4, 28.0, 29.8, 31.1 C); offspring also reared at 18 or 13 C	0	No	Not tested	embryo LT50; embryo and larval body size (2D area) at early gastrula and prism stages; egg size; egg protein and lipid content; adult survival and spawning success	Improved	embryos from marine-heatwave-acclimated females had significantly higher LT50 than progeny of 13 C females; larger early gastrula and prism body size; eggs had higher protein concentration (egg size and lipid unchanged); COUNTERVAILING COST: marine-heatwave-acclimated adults had LOWER spawning success	None	Not evaluated	None	3 replicate 37 L tanks per temperature condition, 10 adult urchins per tank (N=60 total)	Full text	None found	Adult-level trade-off: better offspring thermal tolerance but reduced adult spawning success. Offspring challenged immediately at spawning, so persistence window is zero; no test of how long the acquired tolerance lasts. No molecular data collected.	Hypoxia / salinity / pollutant / other taxa
Kozal_2024	10.3354/meps14523	not reported	2024	Strongylocentrotus purpuratus	Echinoderm	natural in-kelp vs outside-kelp variability in temperature, pH and dissolved oxygen during gametogenesis	Multiple	Broodstock/adult	inside kelp forest (slightly elevated pH and temperature, more predictable low-frequency variability) vs outside kelp forest, Santa Barbara Channel	6 months of in situ conditioning spanning the gametogenesis period	F0-F1	Maternal	larvae reared at 1053 vs 435 uatm pCO2 at 15 C, then acute thermal stress (LT50)	0	No	Not tested	larval LT50; larval physiological response to maternal and developmental environment	Mixed	within each larval pCO2 treatment, progeny from OUTSIDE-kelp-conditioned mothers had a 0.4 C higher LT50; larvae raised at high pCO2 (1053 uatm) were more susceptible to acute thermal stress regardless of maternal origin	None	Not evaluated	None	not reported	Abstract + citations	None found	Natural conditioning contrast (field-conditioned mothers, not lab-dosed). Note the counterintuitive direction: mothers from the LESS buffered, less predictable outside-kelp environment produced the MORE thermally tolerant larvae, i.e. exposure to the more benign in-kelp refuge did not prime offspring.	Hypoxia / salinity / pollutant / other taxa
Karelitz_2019	10.1007/s00338-019-01855-z	not reported	2019	Tripneustes gratilla	Echinoderm	ocean acidification and/or ocean warming	Multiple	Multiple	OA pH 7.77; OW +2 C (29 C); OAW +2 C and pH 7.77; vs ambient control	~6 months, from the early juvenile stage through gonadogenesis and germline differentiation to the mature adult	F0-F1	Both parents	embryos and larvae of acclimated parents reared in all four treatments to the 2-day pluteus stage	0	No	Not tested	larval tolerance of acidification and of 29 C; larval arm length; egg size	Mixed	larvae from OA and OAW parents were resilient to acidification and larvae from OW and OAW parents more tolerant of 29 C; BUT parental acclimation reduced larval arm lengths by as much as 21.4% and eggs were up to 21.8% smaller in females raised at 29 C	None	Not evaluated	None	not reported	Abstract + citations	None found	Textbook TGP trade-off: stress tolerance gained at the direct cost of offspring size and maternal provisioning. First transgenerational climate-change study on a marine macroinvertebrate in which the F0 was acclimated across its whole reproductive life.	Hypoxia / salinity / pollutant / other taxa
Uthicke_2021	10.1111/gcb.15657	33901341	2021	Echinometra sp. A	Echinoderm	ocean warming plus acidification (mid-century and end-century scenarios)	Multiple	Broodstock/adult	two near-future scenarios (projected mid- and end-21st-century elevated temperature plus elevated pCO2) vs present-day ambient; exact set points not stated in abstract	18 months of F0 acclimatization before spawning; F1 then held 25 months in the same conditions	F0-F1	Both parents	F1 reared 25 months under the same conditions; a natural selective pathogenic mortality event occurred at 10 months of F1 age	~270	Yes	Decayed	test size; righting response time; respiration rate; survival through the pathogen event; capacity to spawn	Worsened	Ambient-Ambient group was 21% larger and 31% faster in righting than all other groups; respiration depressed by 59% and righting slowed by 28% when parents came from near-future conditions; after the pathogen event size and respiration differences disappeared but a 29% righting deficit remained; spawning capacity 50% (ambient parents) vs 21% (other groups)	None	Not evaluated	None	not reported	Abstract + citations	None found	MALADAPTIVE: significant NEGATIVE parental carryover effects, not acclimation. Physiological differences were erased by a selective mortality sweep while behavioural deficits persisted, i.e. decay was trait-specific. Assessments at 9, 10 and ~25 months.	Hypoxia / salinity / pollutant / other taxa
Uthicke_2024	10.1007/s00227-024-04578-0	not reported	2024	Echinometra sp. A	Echinoderm	ocean warming plus acidification	Multiple	Multiple	+2 C above ambient temperature and 940 ppm pCO2 vs present-day ambient	more than 6 years total; F0 wild adults plus F1 and F2 larvae and adults continuously exposed	F0-F1-F2 (F3 larvae assessed)	Both parents	F2 survivorship and size tracked to 720 d post-settlement; F3 larvae reared under climate-change or control conditions	~720	Yes	Strengthened	F2 survivorship (>50% in all treatments) and test size; adult spawning performance; F3 larval arm and body length; F3 settlement success	Worsened	no size difference among treatment groups up to 720 d post-settlement; significant NEGATIVE relationship between number of generations exposed to future ocean conditions and spawning performance; larvae could only be raised from control or 0.5-generation-exposed adults; larvae from both parental groups only reached settlement when raised under control conditions; reduced arm length under climate-change conditions plus smaller arm and body lengths from climate-change parents	None	Not evaluated	None	not reported	Abstract + citations	None found	MALADAPTIVE and CUMULATIVE: negative parental effects did not diminish across generations and for some traits INCREASED. Authors state explicitly that no evidence of transgenerational acclimation was detected. The most direct multi-generation refutation of assisted-conditioning optimism in an echinoderm. | PERSISTENCE SEMANTICS: this value is an exposure / tracking window under continuous or repeated conditioning, NOT days elapsed after conditioning ended. Do not rank it against clean-recovery-gap rows such as Drury_2022 or Lafont_2017.	Hypoxia / salinity / pollutant / other taxa
Marceta_2022	10.1016/j.aquatox.2022.106208	35635983	2022	Paracentrotus lividus	Echinoderm	reduced pH (elevated pCO2)	pH/OA	Broodstock/adult	pH 7.7 and pH 7.4 vs control pH 8.0	2 months of parental exposure during gametogenesis	F0-F1	Both parents	sperm activated at pH 8.0, 7.7 or 7.4; larvae from each parental group reared at pH 8.0 or 7.7 for 20 days	0	Yes	Decayed	sperm motility, velocity, ATP content, ATP consumption, respiration rate; larval mortality; larval somatic growth	Mixed	POSITIVE carryover on sperm: velocity decreased more slowly and ATP content was higher in sperm developed under acidified conditions (longer sperm longevity); sperm motility and respiration unaffected. NEGATIVE carryover on larvae: reduced survival of larvae from pH 7.4 parents, with additive negative effects of parental plus larval low pH; larvae from low-pH parents showed NO increased capacity to cope with OA and all groups showed reduced somatic growth at low rearing pH	None	Not evaluated	None	not reported	Abstract + citations	None found	Stage-dependent REVERSAL: the same parental conditioning benefited the gamete stage and harmed the larval stage. Direct counterexample to positive-TGP expectations in echinoids.	Hypoxia / salinity / pollutant / other taxa
Iguchi_2024	10.1016/j.scitotenv.2024.172616	38642751	2024	Mesocentrotus nudus	Echinoderm	reduced pH (acidified seawater)	pH/OA	Broodstock/adult	acidified seawater vs control seawater (pH and pCO2 set points not reported in abstract)	two-generation rearing experiment (exposure length not reported in abstract)	F0-F1	Both parents	larvae exposed to acidified seawater of the same pH as the parental treatment	0	No	Not tested	larval survival; larval body size; larval morphology	Improved	larvae derived from parents acclimated to acidified seawater tended to have higher survival and showed less reduction in body size when exposed to the same pH, indicating a positive carry-over effect; no quantitative statistics in the abstract	Transcriptome (RNA-seq)	Partial (expression patterns of larvae from acclimated parents were substantially different from those of larvae from non-acclimated and control parents, but no quantitative overlap reported)	Aquaculture	not reported	Abstract only	None found	Closed access; dose, exposure duration and replication were NOT extractable, which is a notable reporting gap for one of the few clearly POSITIVE echinoderm OA carryover results. Species is a commercial edible urchin in northern Japan.	Hypoxia / salinity / pollutant / other taxa
Clark_2019	10.1038/s41598-018-37255-6	30700813	2019	Psammechinus miliaris	Echinoderm	reduced pH (elevated pCO2)	pH/OA	Broodstock/adult	pH 7.72 / 1013 +/- 12 uatm pCO2 vs pH 8.06 / 412 +/- 6 uatm pCO2	2 months of adult conditioning at treatment pCO2 (preceded by 2 months acclimation to aquarium seawater; 4 months total in Menai Straits water before spawning)	F0-F1	Both parents	larvae spawned and reared at ~1000 uatm; separate acute heat shock of 25 C for 1 h applied to adults and to 2 and 4 dpf larvae	0	Yes	Persisted	larval transcriptome at 2, 3 and 4 dpf; HSP70 and HSP90 transcript induction by qPCR; larval morphometrics and abnormality rate	Improved	larvae from low-pH-acclimated adults up-regulated antioxidants (glutathione-S-transferase family), CypP450 detoxification genes and small HSPs, i.e. maternal transcript pre-loading; larvae reared in low pH had 25-40% abnormalities and significantly smaller body length:width ratio (F=8.035, p=0.005); early larvae could not mount a full heat shock response (2 HSP transcripts up at 2 dpf, 5 at 4 dpf vs 8 in adults)	Transcriptome (RNA-seq); Targeted qPCR	Partial (transcriptional frontloading of antioxidants is concordant with previously reported improved larval performance under low pH, but larval morphology remained impaired)	None	5 females and 2 males successfully spawned per treatment with gametes pooled; 3 replicate larval cultures per treatment	Full text	None found	Mechanistic case for maternal pre-loading of protective transcripts. Caveat stated by the authors: the 2-month conditioning did NOT cover the whole reproductive cycle. Larval morphological impairment persisted despite the molecular priming.	Hypoxia / salinity / pollutant / other taxa
Zhao_2018	10.1016/j.ecoenv.2018.01.014	29353170	2018	Strongylocentrotus intermedius	Echinoderm	elevated temperature	Temperature	Broodstock/adult	~+3 C above ambient (21 C vs 18 C ambient/laboratory control)	~15 months of dam and sire exposure	F0-F1	Both parents	offspring reared at elevated (21 C) or ambient (18 C) temperature	0	Yes	Not tested	fertilization success; hatchability; larval survival; larval size traits; abnormality; metamorphosis	Worsened	no transgenerational effect on fertilization or metamorphosis; NEGATIVE transgenerational effects on hatchability and on most larval size traits; S. intermedius probably cannot achieve transgenerational acclimation to long-term elevated temperature for survival when offspring are also at elevated temperature; dam and sire effects were highly trait- and stage-dependent	Transcriptome (RNA-seq)	Discordant (companion transcriptome study on the same F0/F1 animals, Shi et al. 2020, 10.1038/s41598-020-64872-x, found 1891 DEGs from parental thermal history at ambient and 2203 at high developmental temperature, with 904 shared DEGs changing in the same direction and FEWER DEGs between developmental temperatures in embryos of warm parents - a molecular frontloading signature that maps onto WORSE performance)	Aquaculture	breeding design with multiple dams and sires (n per cross not stated in abstract); companion transcriptome used 3 biological replicates per group (12 mRNA libraries)	Abstract + citations	None found	MALADAPTIVE: explicit failure of transgenerational acclimation despite 15 months of parental conditioning. Valuable because it pairs a negative phenotype with a strong molecular response (see concordance field).	Hypoxia / salinity / pollutant / other taxa
MassambaNSiala_2014	10.1242/jeb.094474	24675556	2014	Ophryotrocha labronica	Polychaete/other	maternal temperature shift timed to early vs late oogenesis	Temperature	Broodstock/adult	mothers reared at 24 C then shifted to 18 C or to 30 C	thermal cue applied at either an early or a late stage of oogenesis (exact durations not stated in abstract)	F0-F1	Maternal	adult offspring acclimated to 18 or 30 C, then upper and lower thermal tolerance limits measured (onset of spasms, lethal temperature)	not reported	Yes	Persisted	offspring upper and lower thermal tolerance limits measured at the adult stage	Mixed	EARLY-oogenesis cue: mothers produced offspring with greater cold AND heat tolerance whenever mother-offspring temperatures did NOT match (anticipatory maternal effect); LATE-oogenesis cue: more tolerant offspring when temperatures PERSISTED across generations; the maternal effect disappears as traits approach the upper sublethal and lethal limits	None	Not evaluated	None	reproductive pairs isolated in 20 ml glass bowls (n per treatment not stated in abstract)	Abstract + citations	None found	The single most important design lesson in this table: the DIRECTION of transgenerational plasticity reverses depending on the timing of the maternal cue within oogenesis. Also notable that the maternal effect persisted into the ADULT offspring stage, against the usual expectation that maternal effects fade early.	Hypoxia / salinity / pollutant / other taxa
Chakravarti_2016	10.1111/eva.12391	27695521	2016	Ophryotrocha labronica	Polychaete/other	ocean warming, ocean acidification, and their combination	Multiple	Broodstock/adult	OW +3 C; OA pH -0.5 units; OWA +3 C and pH -0.5; vs control conditions	full parental generation exposure across the life cycle	F0-F1	Both parents	F1 exposed to the same OW, OA or OWA conditions (trans-generational) vs F1 exposed with control parents (within-generational)	0	Yes	Persisted	fecundity; egg volume; juvenile growth rate; citrate synthase and electron transport system activity	Mixed	trans-generational OW exposure FULLY alleviated the within-generation reduction in fecundity and egg volume, accompanied by increased metabolic activity; within-generation OA reduced juvenile growth rates and egg volume, and trans-generational OA exposure alleviated the growth deficit but could NOT restore egg volume (mean egg volume still ~10% below control); OWA had no negative impacts either within- or trans-generationally	None	Not evaluated	Both	n=12 replicate breeding pairs per treatment for fecundity	Full text	None found	Explicitly framed as a test of human-assisted trans-generational conditioning as a conservation/restoration and aquaculture tool. Authors' conclusion is the useful caution: trans-generational exposure does not always improve traits and may not be a universally useful tool.	Hypoxia / salinity / pollutant / other taxa
Jarrold_2019	10.1098/rstb.2018.0428	30966961	2019	Ophryotrocha labronica	Polychaete/other	elevated temperature, and elevated temperature combined with elevated salinity	Multiple	Multiple	30 C (+3 C above the 27 C control) and 39 ppt elevated salinity vs control temperature and salinity; salinity alone was not tested	entire lifespan, both within-generation and trans-generation; transplants performed at either the egg-mass or the juvenile stage	F0-F1	Both parents	F1 exposed to the same elevated-temperature or temperature+salinity conditions; reciprocal transplants at egg-mass vs juvenile stage	0	Yes	Persisted	juvenile growth rate; maximum body size; longevity; lifespan fecundity; citrate synthase and electron transport system activity	Mixed	trans-generation exposure restored 20% (elevated temperature) and 21% (temperature plus salinity) of lifespan fecundity; under temperature+salinity, worms transplanted at the egg-mass stage grew slower with lower energy-metabolism enzyme activity but reached a larger maximum body size and lived longer than those transplanted as juveniles; trans-generation elevated temperature created a trade-off in which slower-growing juveniles had greater lifespan fecundity	None	Not evaluated	None	not reported	Abstract + citations	None found	One of very few marine-invertebrate designs that includes SALINITY conditioning. Only ~20% of the fecundity deficit was recovered, i.e. partial rescue at best. The TIMING of the transplant itself generated life-history trade-offs, so developmental window matters as much as dose.	Hypoxia / salinity / pollutant / other taxa
Jensen_2014	10.1111/1365-2435.12195	not reported	2014	Hydroides diramphus	Polychaete/other	reduced salinity	Salinity	Broodstock/adult	26 ppt (low) vs 35 ppt (normal) seawater	2 weeks of adult exposure before reproduction; parents could be switched back and forth between salinities	F0-F1	Both parents	in vitro fertilization and larval rearing in matched vs mismatched salinity; larvae switched from natal to non-natal salinity immediately after fertilization or 2 or 4 days after fertilization, with survival scored 2 days after each switch	0	Yes	Persisted	sperm head area and tail length; egg morphology; fertilization success; larval survival	Mixed	both mothers and fathers adaptively adjusted gamete phenotype to maximise performance in the parental salinity regime; sperm from low-salinity fathers were much smaller while egg morphology did not change; STRONG performance trade-offs whenever gametes experienced a salinity that did not match the parents; larvae switched on the day of fertilization had the LOWEST survival and later switches progressively higher survival; the parental-environment effect persisted for the whole larval phase	None	Not evaluated	None	4 tubs per salinity treatment; sperm from 3 males and eggs from 3 females pooled per assay	Full text	None found	Best available demonstration that conditioning MANUFACTURES phenotype-environment mismatch: conditioned larvae are effectively unable to disperse to non-natal salinities, so gamete plasticity becomes a source of reduced connectivity. Parents could reverse the gamete phenotype based on their most recent experience, i.e. the memory is short and rewritable.	Hypoxia / salinity / pollutant / other taxa
Neylan_2022	10.1002/ece3.9524	not reported	2022	Bugula neritina	Polychaete/other	copper	Pollutant	Broodstock/adult	maternal colonies 300 ug/L Cu vs filtered seawater control; larvae subsequently 50 ug/L Cu vs filtered seawater control	6 h maternal exposure after larval release, then colonies returned to their field site to brood the test larvae	F0-F1	Maternal	larval copper exposure at 50 ug/L, then settlement and growth to maturity in the field with survival and growth tracked weekly for 6 weeks	~42	Yes	Persisted	larval size at emergence; post-metamorphic survival; adult colony growth in the field	Worsened	in the population with NO historical copper exposure (Boat Ramp), maternal copper exposure had a strong NEGATIVE carryover effect on adult offspring growth and survival, worst when larvae were themselves also exposed; in the population WITH a copper history (Marina) there was little to no maternal or offspring treatment effect on adult growth and survival, and those parents produced larger larvae on average and increased larval size in response to copper; significant effect of population on F1 growth after 6 weeks in the field (LMM p<0.05)	None	Not evaluated	Biomonitoring	split-brood design across 2 populations with copper and control maternal treatments crossed with copper and control larval treatments (n per cell not extracted)	Full text	None found	MALADAPTIVE in naive populations: the direction of transgenerational plasticity is itself a locally adapted trait. Persistence figure is the 6-week post-settlement field tracking window; the interval between the end of maternal exposure and larval release (field brooding) was not resolved to days.	Hypoxia / salinity / pollutant / other taxa
Marshall_2008	10.1890/07-0449.1	not reported	2008	Bugula neritina	Polychaete/other	copper	Pollutant	Broodstock/adult	copper exposure of maternal colonies vs toxicant-naive control (concentration not stated in abstract; cited by Neylan et al. 2022 as the basis for their 300 ug/L, 6 h protocol)	laboratory copper exposure of maternal colonies followed by 1 week in the field to brood offspring	F0-F1	Maternal	offspring copper resistance assay, then 6 weeks in the field under low vs high intraspecific competition	~49	Yes	Decayed	larval size; larval dispersal duration; larval copper resistance; post-metamorphic survival and performance	Mixed	offspring of toxicant-exposed mothers were LARGER, more dispersive and more copper-resistant than offspring of naive mothers; BUT maternal exposure history had pervasive NEGATIVE effects on post-metamorphic performance, particularly survival, after 6 weeks in the field, especially under high intraspecific competition	None	Not evaluated	Biomonitoring	not reported	Abstract + citations	None found	The canonical stage-reversal / maladaptive result: conditioning improves performance in one life-history stage and reduces it in the next. Author's interpretation is that this cost is precisely why pollution resistance is INDUCED rather than constitutively expressed. Persistence figure combines the ~1 week brooding period and the 6-week field assessment.	Hypoxia / salinity / pollutant / other taxa
NgKeough_2003	10.3354/meps257077	not reported	2003	Watersipora subtorquata	Polychaete/other	copper	Pollutant	Larva	100 ug/L Cu (as CuCl2.2H2O, Cu2+) vs artificial seawater control	6 h larval exposure	F0	Within-generation only	transplantation of settled juveniles to 2 field sites in 2 seasons (winter and summer), with survival and growth followed for months	~21	Yes	Strengthened	larval attachment rate; metamorphosis success; post-metamorphic colony survival; colony growth	Worsened	Cu accelerated larval attachment in both seasons but inhibited metamorphosis; colony survival fell to about two-thirds of control in summer and to about 20% of control in winter; the survival decline occurred abruptly 3-5 weeks after exposure in summer and 14 weeks after exposure in winter, by which time colonies were 10-15 mm diameter (~100 zooids) and had undergone several budding cycles; surviving colonies grew more slowly than controls	None	Not evaluated	Biomonitoring	2 seasons x 2 sites in SE Australia; transplanted colonies followed individually (n not extracted)	Full text	None found	BEST persistence-window dataset in this table and a strong maladaptive case: a 6 h larval exposure produced NO detectable survival effect for 3-14 weeks and then caused catastrophic mortality, with season setting the latency. Authors note this is far later than any previously reported carryover effect and that the larva could not have accumulated enough Cu in 6 h to affect all zooids directly, implying an inherited/propagated cellular lesion. Persistence recorded as ~21 d (earliest summer detection of the survival drop, 3-5 wk); the winter latency was ~98 d (14 wk), so season roughly quadrupled the delay before the carryover effect appeared.	Hypoxia / salinity / pollutant / other taxa
Shen_2022	10.1021/acs.est.2c04975	36479946	2022	Haliotis discus hannai	Gastropod	moderate hypoxia	Hypoxia	Embryo	~4 mg/L dissolved oxygen vs normoxic control	from zygote to trochophore stage (duration in hours not reported in abstract)	F0	Within-generation only	hypoxia tolerance assessment at the grow-out (juvenile) stage	not reported	No	Not tested	hypoxia tolerance; weight growth rate	Mixed	juvenile abalone exposed to hypoxia during early development were MORE hypoxia-tolerant but showed SLOWER weight growth - an explicit growth-versus-survival trade-off; no quantitative statistics available in the abstract	Transcriptome (RNA-seq); ncRNA	Partial (carry-over phenotype attributed to strong selection on genes for signal transduction, autophagy, apoptosis and hormone regulation, plus long non-coding RNA regulation of DNA replication and repair, signal transduction, myocardial activity and hormone regulation)	Aquaculture	not reported	Abstract + citations	None found	The only marine gastropod hypoxia-priming study located. Closed access, so exposure duration and persistence interval were not extractable. Important caveat: whole-genome resequencing showed strong SELECTION, so the authors cannot separate genetic selection from epigenetic carryover - this is differential survival as much as conditioning.	Hypoxia / salinity / pollutant / other taxa
Zhao_2024	10.1016/j.scitotenv.2024.173585	38810735	2024	Tigriopus japonicus	Crustacean	nickel and ocean acidification, singly and combined	Multiple	Multiple	Ni 6 ug/L; pCO2 1000 uatm; and their combination; vs control seawater	six consecutive generations (F1-F6) of continuous exposure, followed by one generation (F7) in clean seawater	F1-F6 plus F7 recovery generation	Route not resolved	one full generation of recovery in clean seawater (F7), with transcriptome compared against F6	not reported	Yes	Decayed	development; reproduction; survival; nickel accumulation; transcriptome	Mixed	Ni exposure compromised development, reproduction and survival across F1-F6, but ocean acidification ANTAGONISTICALLY alleviated Ni toxicity so that under combined exposure there was no disruption of Ca homeostasis and no inhibition of the calcium- or oxytocin-signalling pathways; the COST was a loss of transcriptome plasticity during recovery in F7, which limited the copepods' resilience when returned to their previous environment	Transcriptome (RNA-seq)	Partial (F6 within-generation and F7 recovery transcriptomes compared directly; no quantitative overlap figure extracted)	Biomonitoring	not reported	Abstract + citations	None found	Rare and highly relevant design: explicitly tests RECOVERY after multigenerational conditioning. The finding that multigenerational acclimation carried a hidden cost - reduced capacity to revert - is exactly the kind of latent maladaptive outcome this lab should flag.	Hypoxia / salinity / pollutant / other taxa
Lee_2023	10.1016/j.jhazmat.2023.131037	36842400	2023	Tigriopus japonicus	Crustacean	nanoplastics under ocean acidification	Multiple	Multiple	nanoplastics combined with ocean acidification vs control (nanoplastic concentration and pCO2 set points not reported in abstract)	ten consecutive generations of multigenerational exposure, plus transgenerational groups returned to clean conditions	F0 through F10 exposed, plus unexposed F1T and F2T transgenerational groups	Route not resolved	none (the F1T and F2T transgenerational groups were never themselves exposed to nanoplastics)	not reported	Yes	Persisted	reproduction (fecundity); gene-specific DNA methylation	Worsened	synergistic NEGATIVE effect of ocean acidification and nanoplastics on copepod reproduction across generations; reproductive impairment was still present in the F1T and F2T generations that had NEVER been exposed to nanoplastics	Methylation (targeted, gene-specific); Targeted qPCR	Concordant (the intergenerational reproductive impairments were associated with differential methylation patterns of specific genes)	Biomonitoring	not reported	Abstract only	None found	MALADAPTIVE across an exposure gap: harm inherited by descendants that never met the stressor, with a methylation correlate. Closed access, so doses and the recovery interval in days were not extractable.	Hypoxia / salinity / pollutant / other taxa
Thor_2015	10.1111/gcb.12815	25430823	2015	Pseudocalanus acuspes	Crustacean	elevated pCO2	pH/OA	Multiple	pCO2 900 uatm and 1550 uatm vs 400 uatm control	two full generations at the treatment pCO2	F0-F1	Route not resolved	reciprocal transplant of second-generation adults between pCO2 levels	0	Yes	Persisted	fecundity (egg production rate); respiration/metabolic rate	Improved	second-generation adults showed a 29% decrease in fecundity at 900 uatm vs 400 uatm accompanied by a 10% increase in metabolic rate; reciprocal transplants showed that WITHOUT transgenerational effects fecundity would have fallen by as much as 67% at 1550 uatm; transgenerational effects held the loss at the 900-uatm level and removed the metabolic-stress signal, with respiration rates lower than at 900 uatm; the effect was fully reversible on transplant, i.e. phenotypic plasticity rather than fixation	Transcriptome (RNA-seq)	Discordant (the molecular companion study on the same two-generation experiment, De Wit et al. 2015, 10.1111/eva.12335, found genes involved in RNA transcription strongly DOWN-regulated in high-pCO2 lineages EVEN AFTER transplant back to control pCO2, plus 1513 of ~747,000 SNPs with consistent replicate frequency shifts in RNA transcription, ribosomal function, ion transport and oxidative phosphorylation - so the fecundity phenotype reversed but the transcriptome did not)	None	6 laboratory populations (2 replicate populations per pCO2 level)	Abstract + citations	None found	One of very few studies to QUANTIFY how much of an apparent OA effect is masked by transgenerational plasticity (67% predicted loss vs ~29% realised). Critical caveat from the companion paper: over two generations, plasticity and selection cannot be separated (estimated mortality >50% per generation), and the molecular state did NOT return to baseline even though the phenotype did.	Hypoxia / salinity / pollutant / other taxa
